[INFO] device=cuda
[INFO] loading train dataset: data/raw_cnn/train_windows_multi_material_augdiag.csv
[INFO] train samples=2798 window=8 input_mode=refdiff norm=instance architecture=stacked temporal_agg=meanmax size=320x180 augment_translate=True (+/-8%, prob=0.50, warmup=3 epoch(s))
[INFO] loading val dataset: data/raw_cnn/val_windows_multi_material_augdiag.csv
[INFO] val samples=294
[INFO] epoch 1/40 started augment=warmup-no-augment
  [train] batch 1/88 loss=0.6826 avg=0.6826 speed=0.14 batch/s
  [train] batch 20/88 loss=0.6891 avg=0.6912 speed=1.51 batch/s
  [train] batch 40/88 loss=0.6735 avg=0.6881 speed=2.03 batch/s
  [train] batch 60/88 loss=0.6057 avg=0.6805 speed=2.01 batch/s
  [train] batch 80/88 loss=0.5950 avg=0.6623 speed=2.17 batch/s
  [train] batch 88/88 loss=0.4640 avg=0.6528 speed=2.19 batch/s
[BEST] epoch=1 smoothed_balanced_acc=0.7201 saved
[Epoch 001] loss=0.6528 window=8 val_acc=0.7415 balanced_acc=0.7201 smoothed_balanced_acc=0.7201 f1=0.6275 precision=0.9143 recall=0.4776 pred_pos=0.2381 mean_p=0.3630 mean_p_pos=0.4764 mean_p_neg=0.2680 tp=64 tn=154 fp=6 fn=70 lr=5.00e-04 time=48.6s
  [val/behavior]
    rotational sliding: n=67 acc=0.0149 err=66 tp=1 tn=0 fp=0 fn=66 pred_pos=0.0149
    continuous variable-force pressing: n=80 acc=0.9250 err=6 tp=0 tn=74 fp=6 fn=0 pred_pos=0.0750
    translational sliding: n=67 acc=0.9403 err=4 tp=63 tn=0 fp=0 fn=4 pred_pos=0.9403
    constant-force pressing: n=48 acc=1.0000 err=0 tp=0 tn=48 fp=0 fn=0 pred_pos=0.0000
    diagonal constant-force pressing: n=16 acc=1.0000 err=0 tp=0 tn=16 fp=0 fn=0 pred_pos=0.0000
    static no motion: n=16 acc=1.0000 err=0 tp=0 tn=16 fp=0 fn=0 pred_pos=0.0000
  [val/motion_type]
    rotation: n=67 acc=0.0149 err=66 tp=1 tn=0 fp=0 fn=66 pred_pos=0.0149
    non-slip: n=160 acc=0.9625 err=6 tp=0 tn=154 fp=6 fn=0 pred_pos=0.0375
    translation: n=67 acc=0.9403 err=4 tp=63 tn=0 fp=0 fn=4 pred_pos=0.9403
  [val/session]
    session_038: n=33 acc=0.4545 err=18 tp=1 tn=14 fp=2 fn=16 pred_pos=0.0909
    session_048: n=32 acc=0.4688 err=17 tp=0 tn=15 fp=1 fn=16 pred_pos=0.0312
    session_028: n=32 acc=0.5000 err=16 tp=0 tn=16 fp=0 fn=16 pred_pos=0.0000
    session_012: n=25 acc=0.6400 err=9 tp=0 tn=16 fp=0 fn=9 pred_pos=0.0000
    session_018: n=25 acc=0.6400 err=9 tp=0 tn=16 fp=0 fn=9 pred_pos=0.0000
    session_033: n=32 acc=0.9062 err=3 tp=13 tn=16 fp=0 fn=3 pred_pos=0.4062
    session_003: n=26 acc=0.8846 err=3 tp=10 tn=13 fp=3 fn=0 pred_pos=0.5000
    session_043: n=32 acc=0.9688 err=1 tp=15 tn=16 fp=0 fn=1 pred_pos=0.4688
    session_023: n=32 acc=1.0000 err=0 tp=16 tn=16 fp=0 fn=0 pred_pos=0.5000
    session_008: n=25 acc=1.0000 err=0 tp=9 tn=16 fp=0 fn=0 pred_pos=0.3600
  [val/material]
    plastic: n=101 acc=0.7921 err=21 tp=19 tn=61 fp=3 fn=18 pred_pos=0.2178
    soft foam earplug: n=65 acc=0.6769 err=21 tp=14 tn=30 fp=2 fn=19 pred_pos=0.2462
    USB cable: n=64 acc=0.7188 err=18 tp=15 tn=31 fp=1 fn=17 pred_pos=0.2500
    A4 paper: n=64 acc=0.7500 err=16 tp=16 tn=32 fp=0 fn=16 pred_pos=0.2500
[INFO] epoch 2/40 started augment=warmup-no-augment
  [train] batch 1/88 loss=0.5141 avg=0.5141 speed=0.23 batch/s
  [train] batch 20/88 loss=0.3848 avg=0.5378 speed=1.72 batch/s
  [train] batch 40/88 loss=0.3015 avg=0.4943 speed=2.15 batch/s
  [train] batch 60/88 loss=0.3702 avg=0.4628 speed=2.12 batch/s
  [train] batch 80/88 loss=0.2875 avg=0.4368 speed=2.28 batch/s
  [train] batch 88/88 loss=0.3311 avg=0.4268 speed=2.30 batch/s
[BEST] epoch=2 smoothed_balanced_acc=0.7810 saved
[Epoch 002] loss=0.4268 window=8 val_acc=0.8299 balanced_acc=0.8419 smoothed_balanced_acc=0.7810 f1=0.8397 precision=0.7360 recall=0.9776 pred_pos=0.6054 mean_p=0.6127 mean_p_pos=0.8659 mean_p_neg=0.4007 tp=131 tn=113 fp=47 fn=3 lr=5.00e-04 time=45.9s
  [val/behavior]
    continuous variable-force pressing: n=80 acc=0.7125 err=23 tp=0 tn=57 fp=23 fn=0 pred_pos=0.2875
    diagonal constant-force pressing: n=16 acc=0.0000 err=16 tp=0 tn=0 fp=16 fn=0 pred_pos=1.0000
    constant-force pressing: n=48 acc=0.8333 err=8 tp=0 tn=40 fp=8 fn=0 pred_pos=0.1667
    rotational sliding: n=67 acc=0.9552 err=3 tp=64 tn=0 fp=0 fn=3 pred_pos=0.9552
    translational sliding: n=67 acc=1.0000 err=0 tp=67 tn=0 fp=0 fn=0 pred_pos=1.0000
    static no motion: n=16 acc=1.0000 err=0 tp=0 tn=16 fp=0 fn=0 pred_pos=0.0000
  [val/motion_type]
    non-slip: n=160 acc=0.7063 err=47 tp=0 tn=113 fp=47 fn=0 pred_pos=0.2938
    rotation: n=67 acc=0.9552 err=3 tp=64 tn=0 fp=0 fn=3 pred_pos=0.9552
    translation: n=67 acc=1.0000 err=0 tp=67 tn=0 fp=0 fn=0 pred_pos=1.0000
  [val/session]
    session_012: n=25 acc=0.3600 err=16 tp=9 tn=0 fp=16 fn=0 pred_pos=1.0000
    session_038: n=33 acc=0.6970 err=10 tp=17 tn=6 fp=10 fn=0 pred_pos=0.8182
    session_018: n=25 acc=0.6800 err=8 tp=9 tn=8 fp=8 fn=0 pred_pos=0.6800
    session_008: n=25 acc=0.7200 err=7 tp=9 tn=9 fp=7 fn=0 pred_pos=0.6400
    session_048: n=32 acc=0.8750 err=4 tp=14 tn=14 fp=2 fn=2 pred_pos=0.5000
    session_003: n=26 acc=0.8846 err=3 tp=10 tn=13 fp=3 fn=0 pred_pos=0.5000
    session_028: n=32 acc=0.9688 err=1 tp=15 tn=16 fp=0 fn=1 pred_pos=0.4688
    session_043: n=32 acc=0.9688 err=1 tp=16 tn=15 fp=1 fn=0 pred_pos=0.5312
    session_023: n=32 acc=1.0000 err=0 tp=16 tn=16 fp=0 fn=0 pred_pos=0.5000
    session_033: n=32 acc=1.0000 err=0 tp=16 tn=16 fp=0 fn=0 pred_pos=0.5000
  [val/material]
    plastic: n=101 acc=0.6634 err=34 tp=37 tn=30 fp=34 fn=0 pred_pos=0.7030
    soft foam earplug: n=65 acc=0.8462 err=10 tp=33 tn=22 fp=10 fn=0 pred_pos=0.6615
    USB cable: n=64 acc=0.9219 err=5 tp=30 tn=29 fp=3 fn=2 pred_pos=0.5156
    A4 paper: n=64 acc=0.9844 err=1 tp=31 tn=32 fp=0 fn=1 pred_pos=0.4844
[INFO] epoch 3/40 started augment=warmup-no-augment
  [train] batch 1/88 loss=0.2832 avg=0.2832 speed=0.22 batch/s
  [train] batch 20/88 loss=0.2535 avg=0.2754 speed=1.84 batch/s
  [train] batch 40/88 loss=0.4019 avg=0.2789 speed=2.27 batch/s
  [train] batch 60/88 loss=0.6487 avg=0.2955 speed=2.17 batch/s
  [train] batch 80/88 loss=0.2224 avg=0.2937 speed=2.30 batch/s
  [train] batch 88/88 loss=0.1297 avg=0.3029 speed=2.33 batch/s
[BEST] epoch=3 smoothed_balanced_acc=0.7936 saved
[Epoch 003] loss=0.3029 window=8 val_acc=0.8061 balanced_acc=0.8188 smoothed_balanced_acc=0.7936 f1=0.8190 precision=0.7127 recall=0.9627 pred_pos=0.6156 mean_p=0.6185 mean_p_pos=0.9132 mean_p_neg=0.3716 tp=129 tn=108 fp=52 fn=5 lr=5.00e-04 time=45.7s
  [val/behavior]
    continuous variable-force pressing: n=80 acc=0.7125 err=23 tp=0 tn=57 fp=23 fn=0 pred_pos=0.2875
    diagonal constant-force pressing: n=16 acc=0.0000 err=16 tp=0 tn=0 fp=16 fn=0 pred_pos=1.0000
    constant-force pressing: n=48 acc=0.7292 err=13 tp=0 tn=35 fp=13 fn=0 pred_pos=0.2708
    rotational sliding: n=67 acc=0.9403 err=4 tp=63 tn=0 fp=0 fn=4 pred_pos=0.9403
    translational sliding: n=67 acc=0.9851 err=1 tp=66 tn=0 fp=0 fn=1 pred_pos=0.9851
    static no motion: n=16 acc=1.0000 err=0 tp=0 tn=16 fp=0 fn=0 pred_pos=0.0000
  [val/motion_type]
    non-slip: n=160 acc=0.6750 err=52 tp=0 tn=108 fp=52 fn=0 pred_pos=0.3250
    rotation: n=67 acc=0.9403 err=4 tp=63 tn=0 fp=0 fn=4 pred_pos=0.9403
    translation: n=67 acc=0.9851 err=1 tp=66 tn=0 fp=0 fn=1 pred_pos=0.9851
  [val/session]
    session_012: n=25 acc=0.3600 err=16 tp=9 tn=0 fp=16 fn=0 pred_pos=1.0000
    session_038: n=33 acc=0.6061 err=13 tp=14 tn=6 fp=10 fn=3 pred_pos=0.7273
    session_008: n=25 acc=0.5200 err=12 tp=9 tn=4 fp=12 fn=0 pred_pos=0.8400
    session_018: n=25 acc=0.7600 err=6 tp=9 tn=10 fp=6 fn=0 pred_pos=0.6000
    session_028: n=32 acc=0.8438 err=5 tp=16 tn=11 fp=5 fn=0 pred_pos=0.6562
    session_043: n=32 acc=0.9375 err=2 tp=15 tn=15 fp=1 fn=1 pred_pos=0.5000
    session_048: n=32 acc=0.9375 err=2 tp=15 tn=15 fp=1 fn=1 pred_pos=0.5000
    session_003: n=26 acc=0.9615 err=1 tp=10 tn=15 fp=1 fn=0 pred_pos=0.4231
    session_023: n=32 acc=1.0000 err=0 tp=16 tn=16 fp=0 fn=0 pred_pos=0.5000
    session_033: n=32 acc=1.0000 err=0 tp=16 tn=16 fp=0 fn=0 pred_pos=0.5000
  [val/material]
    plastic: n=101 acc=0.6535 err=35 tp=37 tn=29 fp=35 fn=0 pred_pos=0.7129
    soft foam earplug: n=65 acc=0.8000 err=13 tp=30 tn=22 fp=10 fn=3 pred_pos=0.6154
    A4 paper: n=64 acc=0.9219 err=5 tp=32 tn=27 fp=5 fn=0 pred_pos=0.5781
    USB cable: n=64 acc=0.9375 err=4 tp=30 tn=30 fp=2 fn=2 pred_pos=0.5000
[INFO] epoch 4/40 started augment=probabilistic-augment
  [train] batch 1/88 loss=0.7718 avg=0.7718 speed=0.15 batch/s
  [train] batch 20/88 loss=0.6510 avg=0.5109 speed=1.45 batch/s
  [train] batch 40/88 loss=0.3462 avg=0.4771 speed=1.79 batch/s
  [train] batch 60/88 loss=0.5641 avg=0.4735 speed=1.76 batch/s
  [train] batch 80/88 loss=0.3332 avg=0.4497 speed=1.86 batch/s
  [train] batch 88/88 loss=0.4879 avg=0.4385 speed=1.89 batch/s
[BEST] epoch=4 smoothed_balanced_acc=0.8405 saved
[Epoch 004] loss=0.4385 window=8 val_acc=0.8571 balanced_acc=0.8609 smoothed_balanced_acc=0.8405 f1=0.8521 precision=0.8067 recall=0.9030 pred_pos=0.5102 mean_p=0.5402 mean_p_pos=0.8508 mean_p_neg=0.2801 tp=121 tn=131 fp=29 fn=13 lr=5.00e-04 time=53.9s
  [val/behavior]
    continuous variable-force pressing: n=80 acc=0.8250 err=14 tp=0 tn=66 fp=14 fn=0 pred_pos=0.1750
    rotational sliding: n=67 acc=0.8209 err=12 tp=55 tn=0 fp=0 fn=12 pred_pos=0.8209
    diagonal constant-force pressing: n=16 acc=0.2500 err=12 tp=0 tn=4 fp=12 fn=0 pred_pos=0.7500
    constant-force pressing: n=48 acc=0.9375 err=3 tp=0 tn=45 fp=3 fn=0 pred_pos=0.0625
    translational sliding: n=67 acc=0.9851 err=1 tp=66 tn=0 fp=0 fn=1 pred_pos=0.9851
    static no motion: n=16 acc=1.0000 err=0 tp=0 tn=16 fp=0 fn=0 pred_pos=0.0000
  [val/motion_type]
    non-slip: n=160 acc=0.8187 err=29 tp=0 tn=131 fp=29 fn=0 pred_pos=0.1812
    rotation: n=67 acc=0.8209 err=12 tp=55 tn=0 fp=0 fn=12 pred_pos=0.8209
    translation: n=67 acc=0.9851 err=1 tp=66 tn=0 fp=0 fn=1 pred_pos=0.9851
  [val/session]
    session_038: n=33 acc=0.6364 err=12 tp=14 tn=7 fp=9 fn=3 pred_pos=0.6970
    session_012: n=25 acc=0.5200 err=12 tp=9 tn=4 fp=12 fn=0 pred_pos=0.8400
    session_048: n=32 acc=0.7812 err=7 tp=9 tn=16 fp=0 fn=7 pred_pos=0.2812
    session_018: n=25 acc=0.7600 err=6 tp=8 tn=11 fp=5 fn=1 pred_pos=0.5200
    session_043: n=32 acc=0.9375 err=2 tp=15 tn=15 fp=1 fn=1 pred_pos=0.5000
    session_008: n=25 acc=0.9200 err=2 tp=9 tn=14 fp=2 fn=0 pred_pos=0.4400
    session_028: n=32 acc=0.9688 err=1 tp=15 tn=16 fp=0 fn=1 pred_pos=0.4688
    session_023: n=32 acc=1.0000 err=0 tp=16 tn=16 fp=0 fn=0 pred_pos=0.5000
    session_033: n=32 acc=1.0000 err=0 tp=16 tn=16 fp=0 fn=0 pred_pos=0.5000
    session_003: n=26 acc=1.0000 err=0 tp=10 tn=16 fp=0 fn=0 pred_pos=0.3846
  [val/material]
    plastic: n=101 acc=0.8020 err=20 tp=36 tn=45 fp=19 fn=1 pred_pos=0.5446
    soft foam earplug: n=65 acc=0.8154 err=12 tp=30 tn=23 fp=9 fn=3 pred_pos=0.6000
    USB cable: n=64 acc=0.8594 err=9 tp=24 tn=31 fp=1 fn=8 pred_pos=0.3906
    A4 paper: n=64 acc=0.9844 err=1 tp=31 tn=32 fp=0 fn=1 pred_pos=0.4844
[INFO] epoch 5/40 started augment=probabilistic-augment
  [train] batch 1/88 loss=0.2772 avg=0.2772 speed=0.24 batch/s
  [train] batch 20/88 loss=0.5189 avg=0.3334 speed=1.62 batch/s
  [train] batch 40/88 loss=0.2805 avg=0.3623 speed=1.89 batch/s
  [train] batch 60/88 loss=0.4057 avg=0.3504 speed=1.80 batch/s
  [train] batch 80/88 loss=0.4783 avg=0.3556 speed=1.94 batch/s
  [train] batch 88/88 loss=0.3062 avg=0.3534 speed=1.96 batch/s
[BEST] epoch=5 smoothed_balanced_acc=0.8491 saved
[Epoch 005] loss=0.3534 window=8 val_acc=0.8639 balanced_acc=0.8677 smoothed_balanced_acc=0.8491 f1=0.8592 precision=0.8133 recall=0.9104 pred_pos=0.5102 mean_p=0.5152 mean_p_pos=0.8636 mean_p_neg=0.2234 tp=122 tn=132 fp=28 fn=12 lr=5.00e-04 time=52.6s
  [val/behavior]
    diagonal constant-force pressing: n=16 acc=0.0000 err=16 tp=0 tn=0 fp=16 fn=0 pred_pos=1.0000
    rotational sliding: n=67 acc=0.8209 err=12 tp=55 tn=0 fp=0 fn=12 pred_pos=0.8209
    continuous variable-force pressing: n=80 acc=0.8625 err=11 tp=0 tn=69 fp=11 fn=0 pred_pos=0.1375
    constant-force pressing: n=48 acc=0.9792 err=1 tp=0 tn=47 fp=1 fn=0 pred_pos=0.0208
    translational sliding: n=67 acc=1.0000 err=0 tp=67 tn=0 fp=0 fn=0 pred_pos=1.0000
    static no motion: n=16 acc=1.0000 err=0 tp=0 tn=16 fp=0 fn=0 pred_pos=0.0000
  [val/motion_type]
    non-slip: n=160 acc=0.8250 err=28 tp=0 tn=132 fp=28 fn=0 pred_pos=0.1750
    rotation: n=67 acc=0.8209 err=12 tp=55 tn=0 fp=0 fn=12 pred_pos=0.8209
    translation: n=67 acc=1.0000 err=0 tp=67 tn=0 fp=0 fn=0 pred_pos=1.0000
  [val/session]
    session_012: n=25 acc=0.3600 err=16 tp=9 tn=0 fp=16 fn=0 pred_pos=1.0000
    session_038: n=33 acc=0.6364 err=12 tp=14 tn=7 fp=9 fn=3 pred_pos=0.6970
    session_048: n=32 acc=0.7812 err=7 tp=9 tn=16 fp=0 fn=7 pred_pos=0.2812
    session_018: n=25 acc=0.8800 err=3 tp=8 tn=14 fp=2 fn=1 pred_pos=0.4000
    session_028: n=32 acc=0.9688 err=1 tp=15 tn=16 fp=0 fn=1 pred_pos=0.4688
    session_043: n=32 acc=0.9688 err=1 tp=16 tn=15 fp=1 fn=0 pred_pos=0.5312
    session_023: n=32 acc=1.0000 err=0 tp=16 tn=16 fp=0 fn=0 pred_pos=0.5000
    session_033: n=32 acc=1.0000 err=0 tp=16 tn=16 fp=0 fn=0 pred_pos=0.5000
    session_003: n=26 acc=1.0000 err=0 tp=10 tn=16 fp=0 fn=0 pred_pos=0.3846
    session_008: n=25 acc=1.0000 err=0 tp=9 tn=16 fp=0 fn=0 pred_pos=0.3600
  [val/material]
    plastic: n=101 acc=0.8119 err=19 tp=36 tn=46 fp=18 fn=1 pred_pos=0.5347
    soft foam earplug: n=65 acc=0.8154 err=12 tp=30 tn=23 fp=9 fn=3 pred_pos=0.6000
    USB cable: n=64 acc=0.8750 err=8 tp=25 tn=31 fp=1 fn=7 pred_pos=0.4062
    A4 paper: n=64 acc=0.9844 err=1 tp=31 tn=32 fp=0 fn=1 pred_pos=0.4844
[INFO] epoch 6/40 started augment=probabilistic-augment
  [train] batch 1/88 loss=0.1709 avg=0.1709 speed=0.26 batch/s
  [train] batch 20/88 loss=0.2833 avg=0.2712 speed=1.56 batch/s
  [train] batch 40/88 loss=0.1411 avg=0.2598 speed=1.90 batch/s
  [train] batch 60/88 loss=0.1483 avg=0.2556 speed=1.80 batch/s
  [train] batch 80/88 loss=0.5581 avg=0.2554 speed=1.91 batch/s
  [train] batch 88/88 loss=0.1127 avg=0.2552 speed=1.92 batch/s
[BEST] epoch=6 smoothed_balanced_acc=0.8906 saved
[Epoch 006] loss=0.2552 window=8 val_acc=0.9422 balanced_acc=0.9432 smoothed_balanced_acc=0.8906 f1=0.9377 precision=0.9209 recall=0.9552 pred_pos=0.4728 mean_p=0.4871 mean_p_pos=0.8993 mean_p_neg=0.1418 tp=128 tn=149 fp=11 fn=6 lr=5.00e-04 time=53.7s
  [val/behavior]
    diagonal constant-force pressing: n=16 acc=0.4375 err=9 tp=0 tn=7 fp=9 fn=0 pred_pos=0.5625
    rotational sliding: n=67 acc=0.9104 err=6 tp=61 tn=0 fp=0 fn=6 pred_pos=0.9104
    continuous variable-force pressing: n=80 acc=0.9750 err=2 tp=0 tn=78 fp=2 fn=0 pred_pos=0.0250
    translational sliding: n=67 acc=1.0000 err=0 tp=67 tn=0 fp=0 fn=0 pred_pos=1.0000
    constant-force pressing: n=48 acc=1.0000 err=0 tp=0 tn=48 fp=0 fn=0 pred_pos=0.0000
    static no motion: n=16 acc=1.0000 err=0 tp=0 tn=16 fp=0 fn=0 pred_pos=0.0000
  [val/motion_type]
    non-slip: n=160 acc=0.9313 err=11 tp=0 tn=149 fp=11 fn=0 pred_pos=0.0688
    rotation: n=67 acc=0.9104 err=6 tp=61 tn=0 fp=0 fn=6 pred_pos=0.9104
    translation: n=67 acc=1.0000 err=0 tp=67 tn=0 fp=0 fn=0 pred_pos=1.0000
  [val/session]
    session_012: n=25 acc=0.6400 err=9 tp=9 tn=7 fp=9 fn=0 pred_pos=0.7200
    session_048: n=32 acc=0.9062 err=3 tp=13 tn=16 fp=0 fn=3 pred_pos=0.4062
    session_018: n=25 acc=0.8800 err=3 tp=8 tn=14 fp=2 fn=1 pred_pos=0.4000
    session_038: n=33 acc=0.9394 err=2 tp=15 tn=16 fp=0 fn=2 pred_pos=0.4545
    session_023: n=32 acc=1.0000 err=0 tp=16 tn=16 fp=0 fn=0 pred_pos=0.5000
    session_028: n=32 acc=1.0000 err=0 tp=16 tn=16 fp=0 fn=0 pred_pos=0.5000
    session_033: n=32 acc=1.0000 err=0 tp=16 tn=16 fp=0 fn=0 pred_pos=0.5000
    session_043: n=32 acc=1.0000 err=0 tp=16 tn=16 fp=0 fn=0 pred_pos=0.5000
    session_003: n=26 acc=1.0000 err=0 tp=10 tn=16 fp=0 fn=0 pred_pos=0.3846
    session_008: n=25 acc=1.0000 err=0 tp=9 tn=16 fp=0 fn=0 pred_pos=0.3600
  [val/material]
    plastic: n=101 acc=0.8812 err=12 tp=36 tn=53 fp=11 fn=1 pred_pos=0.4653
    USB cable: n=64 acc=0.9531 err=3 tp=29 tn=32 fp=0 fn=3 pred_pos=0.4531
    soft foam earplug: n=65 acc=0.9692 err=2 tp=31 tn=32 fp=0 fn=2 pred_pos=0.4769
    A4 paper: n=64 acc=1.0000 err=0 tp=32 tn=32 fp=0 fn=0 pred_pos=0.5000
[INFO] epoch 7/40 started augment=probabilistic-augment
  [train] batch 1/88 loss=0.1540 avg=0.1540 speed=0.27 batch/s
  [train] batch 20/88 loss=0.1330 avg=0.2356 speed=1.55 batch/s
  [train] batch 40/88 loss=0.0873 avg=0.2173 speed=1.87 batch/s
  [train] batch 60/88 loss=0.1609 avg=0.2226 speed=1.79 batch/s
  [train] batch 80/88 loss=0.0727 avg=0.2337 speed=1.90 batch/s
  [train] batch 88/88 loss=0.0788 avg=0.2402 speed=1.93 batch/s
[Epoch 007] loss=0.2402 window=8 val_acc=0.8197 balanced_acc=0.8022 smoothed_balanced_acc=0.8711 f1=0.7535 precision=1.0000 recall=0.6045 pred_pos=0.2755 mean_p=0.2881 mean_p_pos=0.6087 mean_p_neg=0.0196 tp=81 tn=160 fp=0 fn=53 lr=5.00e-04 time=53.0s
  [val/behavior]
    rotational sliding: n=67 acc=0.2985 err=47 tp=20 tn=0 fp=0 fn=47 pred_pos=0.2985
    translational sliding: n=67 acc=0.9104 err=6 tp=61 tn=0 fp=0 fn=6 pred_pos=0.9104
    continuous variable-force pressing: n=80 acc=1.0000 err=0 tp=0 tn=80 fp=0 fn=0 pred_pos=0.0000
    constant-force pressing: n=48 acc=1.0000 err=0 tp=0 tn=48 fp=0 fn=0 pred_pos=0.0000
    diagonal constant-force pressing: n=16 acc=1.0000 err=0 tp=0 tn=16 fp=0 fn=0 pred_pos=0.0000
    static no motion: n=16 acc=1.0000 err=0 tp=0 tn=16 fp=0 fn=0 pred_pos=0.0000
  [val/motion_type]
    rotation: n=67 acc=0.2985 err=47 tp=20 tn=0 fp=0 fn=47 pred_pos=0.2985
    translation: n=67 acc=0.9104 err=6 tp=61 tn=0 fp=0 fn=6 pred_pos=0.9104
    non-slip: n=160 acc=1.0000 err=0 tp=0 tn=160 fp=0 fn=0 pred_pos=0.0000
  [val/session]
    session_038: n=33 acc=0.6061 err=13 tp=4 tn=16 fp=0 fn=13 pred_pos=0.1212
    session_048: n=32 acc=0.5938 err=13 tp=3 tn=16 fp=0 fn=13 pred_pos=0.0938
    session_028: n=32 acc=0.6875 err=10 tp=6 tn=16 fp=0 fn=10 pred_pos=0.1875
    session_018: n=25 acc=0.7200 err=7 tp=2 tn=16 fp=0 fn=7 pred_pos=0.0800
    session_043: n=32 acc=0.8125 err=6 tp=10 tn=16 fp=0 fn=6 pred_pos=0.3125
    session_012: n=25 acc=0.8400 err=4 tp=5 tn=16 fp=0 fn=4 pred_pos=0.2000
    session_023: n=32 acc=1.0000 err=0 tp=16 tn=16 fp=0 fn=0 pred_pos=0.5000
    session_033: n=32 acc=1.0000 err=0 tp=16 tn=16 fp=0 fn=0 pred_pos=0.5000
    session_003: n=26 acc=1.0000 err=0 tp=10 tn=16 fp=0 fn=0 pred_pos=0.3846
    session_008: n=25 acc=1.0000 err=0 tp=9 tn=16 fp=0 fn=0 pred_pos=0.3600
  [val/material]
    USB cable: n=64 acc=0.7031 err=19 tp=13 tn=32 fp=0 fn=19 pred_pos=0.2031
    soft foam earplug: n=65 acc=0.8000 err=13 tp=20 tn=32 fp=0 fn=13 pred_pos=0.3077
    plastic: n=101 acc=0.8911 err=11 tp=26 tn=64 fp=0 fn=11 pred_pos=0.2574
    A4 paper: n=64 acc=0.8438 err=10 tp=22 tn=32 fp=0 fn=10 pred_pos=0.3438
[INFO] epoch 8/40 started augment=probabilistic-augment
  [train] batch 1/88 loss=0.2455 avg=0.2455 speed=0.26 batch/s
  [train] batch 20/88 loss=0.2089 avg=0.2179 speed=1.61 batch/s
  [train] batch 40/88 loss=0.1645 avg=0.2316 speed=1.90 batch/s
  [train] batch 60/88 loss=0.2598 avg=0.2298 speed=1.79 batch/s
  [train] batch 80/88 loss=0.1693 avg=0.2141 speed=1.92 batch/s
  [train] batch 88/88 loss=0.1149 avg=0.2120 speed=1.95 batch/s
[BEST] epoch=8 smoothed_balanced_acc=0.8964 saved
[Epoch 008] loss=0.2120 window=8 val_acc=0.9422 balanced_acc=0.9438 smoothed_balanced_acc=0.8964 f1=0.9382 precision=0.9149 recall=0.9627 pred_pos=0.4796 mean_p=0.4874 mean_p_pos=0.9244 mean_p_neg=0.1215 tp=129 tn=148 fp=12 fn=5 lr=5.00e-04 time=52.9s
  [val/behavior]
    continuous variable-force pressing: n=80 acc=0.9000 err=8 tp=0 tn=72 fp=8 fn=0 pred_pos=0.1000
    rotational sliding: n=67 acc=0.9254 err=5 tp=62 tn=0 fp=0 fn=5 pred_pos=0.9254
    constant-force pressing: n=48 acc=0.9375 err=3 tp=0 tn=45 fp=3 fn=0 pred_pos=0.0625
    static no motion: n=16 acc=0.9375 err=1 tp=0 tn=15 fp=1 fn=0 pred_pos=0.0625
    translational sliding: n=67 acc=1.0000 err=0 tp=67 tn=0 fp=0 fn=0 pred_pos=1.0000
    diagonal constant-force pressing: n=16 acc=1.0000 err=0 tp=0 tn=16 fp=0 fn=0 pred_pos=0.0000
  [val/motion_type]
    non-slip: n=160 acc=0.9250 err=12 tp=0 tn=148 fp=12 fn=0 pred_pos=0.0750
    rotation: n=67 acc=0.9254 err=5 tp=62 tn=0 fp=0 fn=5 pred_pos=0.9254
    translation: n=67 acc=1.0000 err=0 tp=67 tn=0 fp=0 fn=0 pred_pos=1.0000
  [val/session]
    session_038: n=33 acc=0.7273 err=9 tp=16 tn=8 fp=8 fn=1 pred_pos=0.7273
    session_018: n=25 acc=0.9200 err=2 tp=7 tn=16 fp=0 fn=2 pred_pos=0.2800
    session_023: n=32 acc=0.9688 err=1 tp=16 tn=15 fp=1 fn=0 pred_pos=0.5312
    session_028: n=32 acc=0.9688 err=1 tp=15 tn=16 fp=0 fn=1 pred_pos=0.4688
    session_033: n=32 acc=0.9688 err=1 tp=16 tn=15 fp=1 fn=0 pred_pos=0.5312
    session_043: n=32 acc=0.9688 err=1 tp=16 tn=15 fp=1 fn=0 pred_pos=0.5312
    session_048: n=32 acc=0.9688 err=1 tp=15 tn=16 fp=0 fn=1 pred_pos=0.4688
    session_008: n=25 acc=0.9600 err=1 tp=9 tn=15 fp=1 fn=0 pred_pos=0.4000
    session_003: n=26 acc=1.0000 err=0 tp=10 tn=16 fp=0 fn=0 pred_pos=0.3846
    session_012: n=25 acc=1.0000 err=0 tp=9 tn=16 fp=0 fn=0 pred_pos=0.3600
  [val/material]
    soft foam earplug: n=65 acc=0.8462 err=10 tp=32 tn=23 fp=9 fn=1 pred_pos=0.6308
    plastic: n=101 acc=0.9703 err=3 tp=35 tn=63 fp=1 fn=2 pred_pos=0.3564
    A4 paper: n=64 acc=0.9688 err=2 tp=31 tn=31 fp=1 fn=1 pred_pos=0.5000
    USB cable: n=64 acc=0.9688 err=2 tp=31 tn=31 fp=1 fn=1 pred_pos=0.5000
[INFO] epoch 9/40 started augment=probabilistic-augment
  [train] batch 1/88 loss=0.1204 avg=0.1204 speed=0.23 batch/s
  [train] batch 20/88 loss=0.2027 avg=0.1833 speed=1.49 batch/s
  [train] batch 40/88 loss=0.1814 avg=0.1978 speed=1.82 batch/s
  [train] batch 60/88 loss=0.2021 avg=0.2026 speed=1.74 batch/s
  [train] batch 80/88 loss=0.0832 avg=0.1906 speed=1.88 batch/s
  [train] batch 88/88 loss=0.1405 avg=0.1917 speed=1.91 batch/s
[Epoch 009] loss=0.1917 window=8 val_acc=0.7925 balanced_acc=0.8094 smoothed_balanced_acc=0.8518 f1=0.8146 precision=0.6872 recall=1.0000 pred_pos=0.6633 mean_p=0.6684 mean_p_pos=0.9936 mean_p_neg=0.3961 tp=134 tn=99 fp=61 fn=0 lr=5.00e-04 time=54.1s
  [val/behavior]
    continuous variable-force pressing: n=80 acc=0.6625 err=27 tp=0 tn=53 fp=27 fn=0 pred_pos=0.3375
    constant-force pressing: n=48 acc=0.6667 err=16 tp=0 tn=32 fp=16 fn=0 pred_pos=0.3333
    diagonal constant-force pressing: n=16 acc=0.0000 err=16 tp=0 tn=0 fp=16 fn=0 pred_pos=1.0000
    static no motion: n=16 acc=0.8750 err=2 tp=0 tn=14 fp=2 fn=0 pred_pos=0.1250
    translational sliding: n=67 acc=1.0000 err=0 tp=67 tn=0 fp=0 fn=0 pred_pos=1.0000
    rotational sliding: n=67 acc=1.0000 err=0 tp=67 tn=0 fp=0 fn=0 pred_pos=1.0000
  [val/motion_type]
    non-slip: n=160 acc=0.6188 err=61 tp=0 tn=99 fp=61 fn=0 pred_pos=0.3812
    translation: n=67 acc=1.0000 err=0 tp=67 tn=0 fp=0 fn=0 pred_pos=1.0000
    rotation: n=67 acc=1.0000 err=0 tp=67 tn=0 fp=0 fn=0 pred_pos=1.0000
  [val/session]
    session_012: n=25 acc=0.3600 err=16 tp=9 tn=0 fp=16 fn=0 pred_pos=1.0000
    session_038: n=33 acc=0.6667 err=11 tp=17 tn=5 fp=11 fn=0 pred_pos=0.8485
    session_008: n=25 acc=0.7200 err=7 tp=9 tn=9 fp=7 fn=0 pred_pos=0.6400
    session_018: n=25 acc=0.7600 err=6 tp=9 tn=10 fp=6 fn=0 pred_pos=0.6000
    session_043: n=32 acc=0.8438 err=5 tp=16 tn=11 fp=5 fn=0 pred_pos=0.6562
    session_033: n=32 acc=0.8750 err=4 tp=16 tn=12 fp=4 fn=0 pred_pos=0.6250
    session_003: n=26 acc=0.8462 err=4 tp=10 tn=12 fp=4 fn=0 pred_pos=0.5385
    session_028: n=32 acc=0.9062 err=3 tp=16 tn=13 fp=3 fn=0 pred_pos=0.5938
    session_048: n=32 acc=0.9062 err=3 tp=16 tn=13 fp=3 fn=0 pred_pos=0.5938
    session_023: n=32 acc=0.9375 err=2 tp=16 tn=14 fp=2 fn=0 pred_pos=0.5625
  [val/material]
    plastic: n=101 acc=0.6733 err=33 tp=37 tn=31 fp=33 fn=0 pred_pos=0.6931
    soft foam earplug: n=65 acc=0.7692 err=15 tp=33 tn=17 fp=15 fn=0 pred_pos=0.7385
    USB cable: n=64 acc=0.8750 err=8 tp=32 tn=24 fp=8 fn=0 pred_pos=0.6250
    A4 paper: n=64 acc=0.9219 err=5 tp=32 tn=27 fp=5 fn=0 pred_pos=0.5781
[INFO] epoch 10/40 started augment=probabilistic-augment
  [train] batch 1/88 loss=0.4229 avg=0.4229 speed=0.25 batch/s
  [train] batch 20/88 loss=0.0901 avg=0.1366 speed=1.54 batch/s
  [train] batch 40/88 loss=0.1249 avg=0.1485 speed=1.87 batch/s
  [train] batch 60/88 loss=0.0684 avg=0.1580 speed=1.76 batch/s
  [train] batch 80/88 loss=0.0650 avg=0.1533 speed=1.86 batch/s
  [train] batch 88/88 loss=0.3143 avg=0.1487 speed=1.90 batch/s
[Epoch 010] loss=0.1487 window=8 val_acc=0.9184 balanced_acc=0.9111 smoothed_balanced_acc=0.8881 f1=0.9024 precision=0.9911 recall=0.8284 pred_pos=0.3810 mean_p=0.3922 mean_p_pos=0.8363 mean_p_neg=0.0202 tp=111 tn=159 fp=1 fn=23 lr=5.00e-04 time=53.9s
  [val/behavior]
    rotational sliding: n=67 acc=0.6567 err=23 tp=44 tn=0 fp=0 fn=23 pred_pos=0.6567
    constant-force pressing: n=48 acc=0.9792 err=1 tp=0 tn=47 fp=1 fn=0 pred_pos=0.0208
    continuous variable-force pressing: n=80 acc=1.0000 err=0 tp=0 tn=80 fp=0 fn=0 pred_pos=0.0000
    translational sliding: n=67 acc=1.0000 err=0 tp=67 tn=0 fp=0 fn=0 pred_pos=1.0000
    diagonal constant-force pressing: n=16 acc=1.0000 err=0 tp=0 tn=16 fp=0 fn=0 pred_pos=0.0000
    static no motion: n=16 acc=1.0000 err=0 tp=0 tn=16 fp=0 fn=0 pred_pos=0.0000
  [val/motion_type]
    rotation: n=67 acc=0.6567 err=23 tp=44 tn=0 fp=0 fn=23 pred_pos=0.6567
    non-slip: n=160 acc=0.9938 err=1 tp=0 tn=159 fp=1 fn=0 pred_pos=0.0063
    translation: n=67 acc=1.0000 err=0 tp=67 tn=0 fp=0 fn=0 pred_pos=1.0000
  [val/session]
    session_048: n=32 acc=0.7188 err=9 tp=7 tn=16 fp=0 fn=9 pred_pos=0.2188
    session_018: n=25 acc=0.8000 err=5 tp=4 tn=16 fp=0 fn=5 pred_pos=0.1600
    session_028: n=32 acc=0.8750 err=4 tp=12 tn=16 fp=0 fn=4 pred_pos=0.3750
    session_038: n=33 acc=0.9091 err=3 tp=14 tn=16 fp=0 fn=3 pred_pos=0.4242
    session_012: n=25 acc=0.9200 err=2 tp=7 tn=16 fp=0 fn=2 pred_pos=0.2800
    session_043: n=32 acc=0.9688 err=1 tp=16 tn=15 fp=1 fn=0 pred_pos=0.5312
    session_023: n=32 acc=1.0000 err=0 tp=16 tn=16 fp=0 fn=0 pred_pos=0.5000
    session_033: n=32 acc=1.0000 err=0 tp=16 tn=16 fp=0 fn=0 pred_pos=0.5000
    session_003: n=26 acc=1.0000 err=0 tp=10 tn=16 fp=0 fn=0 pred_pos=0.3846
    session_008: n=25 acc=1.0000 err=0 tp=9 tn=16 fp=0 fn=0 pred_pos=0.3600
  [val/material]
    USB cable: n=64 acc=0.8438 err=10 tp=23 tn=31 fp=1 fn=9 pred_pos=0.3750
    plastic: n=101 acc=0.9307 err=7 tp=30 tn=64 fp=0 fn=7 pred_pos=0.2970
    A4 paper: n=64 acc=0.9375 err=4 tp=28 tn=32 fp=0 fn=4 pred_pos=0.4375
    soft foam earplug: n=65 acc=0.9538 err=3 tp=30 tn=32 fp=0 fn=3 pred_pos=0.4615
[INFO] epoch 11/40 started augment=probabilistic-augment
  [train] batch 1/88 loss=0.1808 avg=0.1808 speed=0.24 batch/s
  [train] batch 20/88 loss=0.1947 avg=0.1128 speed=1.62 batch/s
  [train] batch 40/88 loss=0.0628 avg=0.1217 speed=1.93 batch/s
  [train] batch 60/88 loss=0.2394 avg=0.1253 speed=1.80 batch/s
  [train] batch 80/88 loss=0.0898 avg=0.1551 speed=1.92 batch/s
  [train] batch 88/88 loss=0.2167 avg=0.1516 speed=1.95 batch/s
[Epoch 011] loss=0.1516 window=8 val_acc=0.8707 balanced_acc=0.8582 smoothed_balanced_acc=0.8595 f1=0.8348 precision=1.0000 recall=0.7164 pred_pos=0.3265 mean_p=0.3412 mean_p_pos=0.7334 mean_p_neg=0.0128 tp=96 tn=160 fp=0 fn=38 lr=5.00e-04 time=52.7s
  [val/behavior]
    rotational sliding: n=67 acc=0.5224 err=32 tp=35 tn=0 fp=0 fn=32 pred_pos=0.5224
    translational sliding: n=67 acc=0.9104 err=6 tp=61 tn=0 fp=0 fn=6 pred_pos=0.9104
    continuous variable-force pressing: n=80 acc=1.0000 err=0 tp=0 tn=80 fp=0 fn=0 pred_pos=0.0000
    constant-force pressing: n=48 acc=1.0000 err=0 tp=0 tn=48 fp=0 fn=0 pred_pos=0.0000
    diagonal constant-force pressing: n=16 acc=1.0000 err=0 tp=0 tn=16 fp=0 fn=0 pred_pos=0.0000
    static no motion: n=16 acc=1.0000 err=0 tp=0 tn=16 fp=0 fn=0 pred_pos=0.0000
  [val/motion_type]
    rotation: n=67 acc=0.5224 err=32 tp=35 tn=0 fp=0 fn=32 pred_pos=0.5224
    translation: n=67 acc=0.9104 err=6 tp=61 tn=0 fp=0 fn=6 pred_pos=0.9104
    non-slip: n=160 acc=1.0000 err=0 tp=0 tn=160 fp=0 fn=0 pred_pos=0.0000
  [val/session]
    session_038: n=33 acc=0.6970 err=10 tp=7 tn=16 fp=0 fn=10 pred_pos=0.2121
    session_048: n=32 acc=0.6875 err=10 tp=6 tn=16 fp=0 fn=10 pred_pos=0.1875
    session_018: n=25 acc=0.7600 err=6 tp=3 tn=16 fp=0 fn=6 pred_pos=0.1200
    session_043: n=32 acc=0.8438 err=5 tp=11 tn=16 fp=0 fn=5 pred_pos=0.3438
    session_028: n=32 acc=0.8750 err=4 tp=12 tn=16 fp=0 fn=4 pred_pos=0.3750
    session_012: n=25 acc=0.9200 err=2 tp=7 tn=16 fp=0 fn=2 pred_pos=0.2800
    session_023: n=32 acc=0.9688 err=1 tp=15 tn=16 fp=0 fn=1 pred_pos=0.4688
    session_033: n=32 acc=1.0000 err=0 tp=16 tn=16 fp=0 fn=0 pred_pos=0.5000
    session_003: n=26 acc=1.0000 err=0 tp=10 tn=16 fp=0 fn=0 pred_pos=0.3846
    session_008: n=25 acc=1.0000 err=0 tp=9 tn=16 fp=0 fn=0 pred_pos=0.3600
  [val/material]
    USB cable: n=64 acc=0.7656 err=15 tp=17 tn=32 fp=0 fn=15 pred_pos=0.2656
    soft foam earplug: n=65 acc=0.8462 err=10 tp=23 tn=32 fp=0 fn=10 pred_pos=0.3538
    plastic: n=101 acc=0.9208 err=8 tp=29 tn=64 fp=0 fn=8 pred_pos=0.2871
    A4 paper: n=64 acc=0.9219 err=5 tp=27 tn=32 fp=0 fn=5 pred_pos=0.4219
[INFO] epoch 12/40 started augment=probabilistic-augment
  [train] batch 1/88 loss=0.2165 avg=0.2165 speed=0.26 batch/s
  [train] batch 20/88 loss=0.1435 avg=0.1832 speed=1.58 batch/s
  [train] batch 40/88 loss=0.1659 avg=0.1463 speed=1.86 batch/s
  [train] batch 60/88 loss=0.4126 avg=0.1427 speed=1.79 batch/s
  [train] batch 80/88 loss=0.0179 avg=0.1330 speed=1.88 batch/s
  [train] batch 88/88 loss=0.0457 avg=0.1319 speed=1.91 batch/s
[Epoch 012] loss=0.1319 window=8 val_acc=0.8673 balanced_acc=0.8763 smoothed_balanced_acc=0.8819 f1=0.8704 precision=0.7844 recall=0.9776 pred_pos=0.5680 mean_p=0.5646 mean_p_pos=0.9641 mean_p_neg=0.2301 tp=131 tn=124 fp=36 fn=3 lr=2.50e-04 time=53.9s
  [val/behavior]
    diagonal constant-force pressing: n=16 acc=0.0000 err=16 tp=0 tn=0 fp=16 fn=0 pred_pos=1.0000
    continuous variable-force pressing: n=80 acc=0.8125 err=15 tp=0 tn=65 fp=15 fn=0 pred_pos=0.1875
    constant-force pressing: n=48 acc=0.9167 err=4 tp=0 tn=44 fp=4 fn=0 pred_pos=0.0833
    rotational sliding: n=67 acc=0.9701 err=2 tp=65 tn=0 fp=0 fn=2 pred_pos=0.9701
    translational sliding: n=67 acc=0.9851 err=1 tp=66 tn=0 fp=0 fn=1 pred_pos=0.9851
    static no motion: n=16 acc=0.9375 err=1 tp=0 tn=15 fp=1 fn=0 pred_pos=0.0625
  [val/motion_type]
    non-slip: n=160 acc=0.7750 err=36 tp=0 tn=124 fp=36 fn=0 pred_pos=0.2250
    rotation: n=67 acc=0.9701 err=2 tp=65 tn=0 fp=0 fn=2 pred_pos=0.9701
    translation: n=67 acc=0.9851 err=1 tp=66 tn=0 fp=0 fn=1 pred_pos=0.9851
  [val/session]
    session_012: n=25 acc=0.3600 err=16 tp=9 tn=0 fp=16 fn=0 pred_pos=1.0000
    session_018: n=25 acc=0.7200 err=7 tp=9 tn=9 fp=7 fn=0 pred_pos=0.6400
    session_038: n=33 acc=0.8182 err=6 tp=15 tn=12 fp=4 fn=2 pred_pos=0.5758
    session_043: n=32 acc=0.9375 err=2 tp=15 tn=15 fp=1 fn=1 pred_pos=0.5000
    session_048: n=32 acc=0.9375 err=2 tp=16 tn=14 fp=2 fn=0 pred_pos=0.5625
    session_003: n=26 acc=0.9231 err=2 tp=10 tn=14 fp=2 fn=0 pred_pos=0.4615
    session_008: n=25 acc=0.9200 err=2 tp=9 tn=14 fp=2 fn=0 pred_pos=0.4400
    session_023: n=32 acc=0.9688 err=1 tp=16 tn=15 fp=1 fn=0 pred_pos=0.5312
    session_033: n=32 acc=0.9688 err=1 tp=16 tn=15 fp=1 fn=0 pred_pos=0.5312
    session_028: n=32 acc=1.0000 err=0 tp=16 tn=16 fp=0 fn=0 pred_pos=0.5000
  [val/material]
    plastic: n=101 acc=0.7327 err=27 tp=37 tn=37 fp=27 fn=0 pred_pos=0.6337
    soft foam earplug: n=65 acc=0.8923 err=7 tp=31 tn=27 fp=5 fn=2 pred_pos=0.5538
    USB cable: n=64 acc=0.9375 err=4 tp=31 tn=29 fp=3 fn=1 pred_pos=0.5312
    A4 paper: n=64 acc=0.9844 err=1 tp=32 tn=31 fp=1 fn=0 pred_pos=0.5156
[INFO] epoch 13/40 started augment=probabilistic-augment
  [train] batch 1/88 loss=0.2033 avg=0.2033 speed=0.26 batch/s
  [train] batch 20/88 loss=0.1102 avg=0.1248 speed=1.62 batch/s
  [train] batch 40/88 loss=0.1321 avg=0.1229 speed=1.92 batch/s
  [train] batch 60/88 loss=0.0321 avg=0.1088 speed=1.80 batch/s
  [train] batch 80/88 loss=0.0358 avg=0.1029 speed=1.91 batch/s
  [train] batch 88/88 loss=0.1529 avg=0.1029 speed=1.94 batch/s
[Epoch 013] loss=0.1029 window=8 val_acc=0.8878 balanced_acc=0.8969 smoothed_balanced_acc=0.8771 f1=0.8904 precision=0.8024 recall=1.0000 pred_pos=0.5680 mean_p=0.5686 mean_p_pos=0.9923 mean_p_neg=0.2138 tp=134 tn=127 fp=33 fn=0 lr=2.50e-04 time=53.1s
  [val/behavior]
    diagonal constant-force pressing: n=16 acc=0.0000 err=16 tp=0 tn=0 fp=16 fn=0 pred_pos=1.0000
    continuous variable-force pressing: n=80 acc=0.8875 err=9 tp=0 tn=71 fp=9 fn=0 pred_pos=0.1125
    constant-force pressing: n=48 acc=0.8542 err=7 tp=0 tn=41 fp=7 fn=0 pred_pos=0.1458
    static no motion: n=16 acc=0.9375 err=1 tp=0 tn=15 fp=1 fn=0 pred_pos=0.0625
    translational sliding: n=67 acc=1.0000 err=0 tp=67 tn=0 fp=0 fn=0 pred_pos=1.0000
    rotational sliding: n=67 acc=1.0000 err=0 tp=67 tn=0 fp=0 fn=0 pred_pos=1.0000
  [val/motion_type]
    non-slip: n=160 acc=0.7937 err=33 tp=0 tn=127 fp=33 fn=0 pred_pos=0.2062
    translation: n=67 acc=1.0000 err=0 tp=67 tn=0 fp=0 fn=0 pred_pos=1.0000
    rotation: n=67 acc=1.0000 err=0 tp=67 tn=0 fp=0 fn=0 pred_pos=1.0000
  [val/session]
    session_012: n=25 acc=0.3600 err=16 tp=9 tn=0 fp=16 fn=0 pred_pos=1.0000
    session_038: n=33 acc=0.8485 err=5 tp=17 tn=11 fp=5 fn=0 pred_pos=0.6667
    session_008: n=25 acc=0.8800 err=3 tp=9 tn=13 fp=3 fn=0 pred_pos=0.4800
    session_033: n=32 acc=0.9375 err=2 tp=16 tn=14 fp=2 fn=0 pred_pos=0.5625
    session_043: n=32 acc=0.9375 err=2 tp=16 tn=14 fp=2 fn=0 pred_pos=0.5625
    session_018: n=25 acc=0.9200 err=2 tp=9 tn=14 fp=2 fn=0 pred_pos=0.4400
    session_023: n=32 acc=0.9688 err=1 tp=16 tn=15 fp=1 fn=0 pred_pos=0.5312
    session_028: n=32 acc=0.9688 err=1 tp=16 tn=15 fp=1 fn=0 pred_pos=0.5312
    session_048: n=32 acc=0.9688 err=1 tp=16 tn=15 fp=1 fn=0 pred_pos=0.5312
    session_003: n=26 acc=1.0000 err=0 tp=10 tn=16 fp=0 fn=0 pred_pos=0.3846
  [val/material]
    plastic: n=101 acc=0.7921 err=21 tp=37 tn=43 fp=21 fn=0 pred_pos=0.5743
    soft foam earplug: n=65 acc=0.8923 err=7 tp=33 tn=25 fp=7 fn=0 pred_pos=0.6154
    USB cable: n=64 acc=0.9531 err=3 tp=32 tn=29 fp=3 fn=0 pred_pos=0.5469
    A4 paper: n=64 acc=0.9688 err=2 tp=32 tn=30 fp=2 fn=0 pred_pos=0.5312
[INFO] epoch 14/40 started augment=probabilistic-augment
  [train] batch 1/88 loss=0.1298 avg=0.1298 speed=0.26 batch/s
  [train] batch 20/88 loss=0.0719 avg=0.1018 speed=1.57 batch/s
  [train] batch 40/88 loss=0.0187 avg=0.0764 speed=1.91 batch/s
  [train] batch 60/88 loss=0.1758 avg=0.0691 speed=1.83 batch/s
  [train] batch 80/88 loss=0.0645 avg=0.0742 speed=1.92 batch/s
  [train] batch 88/88 loss=0.0959 avg=0.0762 speed=1.96 batch/s
[BEST] epoch=14 smoothed_balanced_acc=0.9103 saved
[Epoch 014] loss=0.0762 window=8 val_acc=0.9592 balanced_acc=0.9576 smoothed_balanced_acc=0.9103 f1=0.9545 precision=0.9692 recall=0.9403 pred_pos=0.4422 mean_p=0.4510 mean_p_pos=0.9287 mean_p_neg=0.0509 tp=126 tn=156 fp=4 fn=8 lr=2.50e-04 time=52.6s
  [val/behavior]
    rotational sliding: n=67 acc=0.8955 err=7 tp=60 tn=0 fp=0 fn=7 pred_pos=0.8955
    constant-force pressing: n=48 acc=0.9583 err=2 tp=0 tn=46 fp=2 fn=0 pred_pos=0.0417
    continuous variable-force pressing: n=80 acc=0.9875 err=1 tp=0 tn=79 fp=1 fn=0 pred_pos=0.0125
    translational sliding: n=67 acc=0.9851 err=1 tp=66 tn=0 fp=0 fn=1 pred_pos=0.9851
    diagonal constant-force pressing: n=16 acc=0.9375 err=1 tp=0 tn=15 fp=1 fn=0 pred_pos=0.0625
    static no motion: n=16 acc=1.0000 err=0 tp=0 tn=16 fp=0 fn=0 pred_pos=0.0000
  [val/motion_type]
    rotation: n=67 acc=0.8955 err=7 tp=60 tn=0 fp=0 fn=7 pred_pos=0.8955
    non-slip: n=160 acc=0.9750 err=4 tp=0 tn=156 fp=4 fn=0 pred_pos=0.0250
    translation: n=67 acc=0.9851 err=1 tp=66 tn=0 fp=0 fn=1 pred_pos=0.9851
  [val/session]
    session_038: n=33 acc=0.8788 err=4 tp=14 tn=15 fp=1 fn=3 pred_pos=0.4545
    session_043: n=32 acc=0.9375 err=2 tp=15 tn=15 fp=1 fn=1 pred_pos=0.5000
    session_048: n=32 acc=0.9375 err=2 tp=14 tn=16 fp=0 fn=2 pred_pos=0.4375
    session_018: n=25 acc=0.9200 err=2 tp=7 tn=16 fp=0 fn=2 pred_pos=0.2800
    session_008: n=25 acc=0.9600 err=1 tp=9 tn=15 fp=1 fn=0 pred_pos=0.4000
    session_012: n=25 acc=0.9600 err=1 tp=9 tn=15 fp=1 fn=0 pred_pos=0.4000
    session_023: n=32 acc=1.0000 err=0 tp=16 tn=16 fp=0 fn=0 pred_pos=0.5000
    session_028: n=32 acc=1.0000 err=0 tp=16 tn=16 fp=0 fn=0 pred_pos=0.5000
    session_033: n=32 acc=1.0000 err=0 tp=16 tn=16 fp=0 fn=0 pred_pos=0.5000
    session_003: n=26 acc=1.0000 err=0 tp=10 tn=16 fp=0 fn=0 pred_pos=0.3846
  [val/material]
    plastic: n=101 acc=0.9604 err=4 tp=35 tn=62 fp=2 fn=2 pred_pos=0.3663
    soft foam earplug: n=65 acc=0.9385 err=4 tp=30 tn=31 fp=1 fn=3 pred_pos=0.4769
    USB cable: n=64 acc=0.9375 err=4 tp=29 tn=31 fp=1 fn=3 pred_pos=0.4688
    A4 paper: n=64 acc=1.0000 err=0 tp=32 tn=32 fp=0 fn=0 pred_pos=0.5000
[INFO] epoch 15/40 started augment=probabilistic-augment
  [train] batch 1/88 loss=0.0158 avg=0.0158 speed=0.23 batch/s
  [train] batch 20/88 loss=0.0967 avg=0.1100 speed=1.60 batch/s
  [train] batch 40/88 loss=0.0445 avg=0.0909 speed=1.90 batch/s
  [train] batch 60/88 loss=0.0180 avg=0.0790 speed=1.83 batch/s
  [train] batch 80/88 loss=0.0589 avg=0.0817 speed=1.93 batch/s
  [train] batch 88/88 loss=0.0122 avg=0.0799 speed=1.95 batch/s
[BEST] epoch=15 smoothed_balanced_acc=0.9440 saved
[Epoch 015] loss=0.0799 window=8 val_acc=0.9762 balanced_acc=0.9775 smoothed_balanced_acc=0.9440 f1=0.9744 precision=0.9568 recall=0.9925 pred_pos=0.4728 mean_p=0.4873 mean_p_pos=0.9753 mean_p_neg=0.0786 tp=133 tn=154 fp=6 fn=1 lr=2.50e-04 time=53.0s
  [val/behavior]
    constant-force pressing: n=48 acc=0.9375 err=3 tp=0 tn=45 fp=3 fn=0 pred_pos=0.0625
    diagonal constant-force pressing: n=16 acc=0.8750 err=2 tp=0 tn=14 fp=2 fn=0 pred_pos=0.1250
    continuous variable-force pressing: n=80 acc=0.9875 err=1 tp=0 tn=79 fp=1 fn=0 pred_pos=0.0125
    rotational sliding: n=67 acc=0.9851 err=1 tp=66 tn=0 fp=0 fn=1 pred_pos=0.9851
    translational sliding: n=67 acc=1.0000 err=0 tp=67 tn=0 fp=0 fn=0 pred_pos=1.0000
    static no motion: n=16 acc=1.0000 err=0 tp=0 tn=16 fp=0 fn=0 pred_pos=0.0000
  [val/motion_type]
    non-slip: n=160 acc=0.9625 err=6 tp=0 tn=154 fp=6 fn=0 pred_pos=0.0375
    rotation: n=67 acc=0.9851 err=1 tp=66 tn=0 fp=0 fn=1 pred_pos=0.9851
    translation: n=67 acc=1.0000 err=0 tp=67 tn=0 fp=0 fn=0 pred_pos=1.0000
  [val/session]
    session_012: n=25 acc=0.9200 err=2 tp=9 tn=14 fp=2 fn=0 pred_pos=0.4400
    session_038: n=33 acc=0.9697 err=1 tp=17 tn=15 fp=1 fn=0 pred_pos=0.5455
    session_033: n=32 acc=0.9688 err=1 tp=16 tn=15 fp=1 fn=0 pred_pos=0.5312
    session_043: n=32 acc=0.9688 err=1 tp=16 tn=15 fp=1 fn=0 pred_pos=0.5312
    session_048: n=32 acc=0.9688 err=1 tp=15 tn=16 fp=0 fn=1 pred_pos=0.4688
    session_008: n=25 acc=0.9600 err=1 tp=9 tn=15 fp=1 fn=0 pred_pos=0.4000
    session_023: n=32 acc=1.0000 err=0 tp=16 tn=16 fp=0 fn=0 pred_pos=0.5000
    session_028: n=32 acc=1.0000 err=0 tp=16 tn=16 fp=0 fn=0 pred_pos=0.5000
    session_003: n=26 acc=1.0000 err=0 tp=10 tn=16 fp=0 fn=0 pred_pos=0.3846
    session_018: n=25 acc=1.0000 err=0 tp=9 tn=16 fp=0 fn=0 pred_pos=0.3600
  [val/material]
    plastic: n=101 acc=0.9703 err=3 tp=37 tn=61 fp=3 fn=0 pred_pos=0.3960
    soft foam earplug: n=65 acc=0.9692 err=2 tp=33 tn=30 fp=2 fn=0 pred_pos=0.5385
    USB cable: n=64 acc=0.9688 err=2 tp=31 tn=31 fp=1 fn=1 pred_pos=0.5000
    A4 paper: n=64 acc=1.0000 err=0 tp=32 tn=32 fp=0 fn=0 pred_pos=0.5000
[INFO] epoch 16/40 started augment=probabilistic-augment
  [train] batch 1/88 loss=0.0295 avg=0.0295 speed=0.22 batch/s
  [train] batch 20/88 loss=0.1123 avg=0.0523 speed=1.53 batch/s
  [train] batch 40/88 loss=0.0202 avg=0.0671 speed=1.91 batch/s
  [train] batch 60/88 loss=0.0161 avg=0.0631 speed=1.80 batch/s
  [train] batch 80/88 loss=0.0384 avg=0.0695 speed=1.93 batch/s
  [train] batch 88/88 loss=0.0370 avg=0.0712 speed=1.95 batch/s
[BEST] epoch=16 smoothed_balanced_acc=0.9486 saved
[Epoch 016] loss=0.0712 window=8 val_acc=0.9048 balanced_acc=0.9107 smoothed_balanced_acc=0.9486 f1=0.9034 precision=0.8397 recall=0.9776 pred_pos=0.5306 mean_p=0.5196 mean_p_pos=0.9753 mean_p_neg=0.1379 tp=131 tn=135 fp=25 fn=3 lr=2.50e-04 time=52.7s
  [val/behavior]
    diagonal constant-force pressing: n=16 acc=0.0625 err=15 tp=0 tn=1 fp=15 fn=0 pred_pos=0.9375
    continuous variable-force pressing: n=80 acc=0.9375 err=5 tp=0 tn=75 fp=5 fn=0 pred_pos=0.0625
    constant-force pressing: n=48 acc=0.9167 err=4 tp=0 tn=44 fp=4 fn=0 pred_pos=0.0833
    rotational sliding: n=67 acc=0.9552 err=3 tp=64 tn=0 fp=0 fn=3 pred_pos=0.9552
    static no motion: n=16 acc=0.9375 err=1 tp=0 tn=15 fp=1 fn=0 pred_pos=0.0625
    translational sliding: n=67 acc=1.0000 err=0 tp=67 tn=0 fp=0 fn=0 pred_pos=1.0000
  [val/motion_type]
    non-slip: n=160 acc=0.8438 err=25 tp=0 tn=135 fp=25 fn=0 pred_pos=0.1562
    rotation: n=67 acc=0.9552 err=3 tp=64 tn=0 fp=0 fn=3 pred_pos=0.9552
    translation: n=67 acc=1.0000 err=0 tp=67 tn=0 fp=0 fn=0 pred_pos=1.0000
  [val/session]
    session_012: n=25 acc=0.4000 err=15 tp=9 tn=1 fp=15 fn=0 pred_pos=0.9600
    session_038: n=33 acc=0.7879 err=7 tp=15 tn=11 fp=5 fn=2 pred_pos=0.6061
    session_008: n=25 acc=0.9200 err=2 tp=9 tn=14 fp=2 fn=0 pred_pos=0.4400
    session_023: n=32 acc=0.9688 err=1 tp=16 tn=15 fp=1 fn=0 pred_pos=0.5312
    session_033: n=32 acc=0.9688 err=1 tp=16 tn=15 fp=1 fn=0 pred_pos=0.5312
    session_043: n=32 acc=0.9688 err=1 tp=16 tn=15 fp=1 fn=0 pred_pos=0.5312
    session_048: n=32 acc=0.9688 err=1 tp=15 tn=16 fp=0 fn=1 pred_pos=0.4688
    session_028: n=32 acc=1.0000 err=0 tp=16 tn=16 fp=0 fn=0 pred_pos=0.5000
    session_003: n=26 acc=1.0000 err=0 tp=10 tn=16 fp=0 fn=0 pred_pos=0.3846
    session_018: n=25 acc=1.0000 err=0 tp=9 tn=16 fp=0 fn=0 pred_pos=0.3600
  [val/material]
    plastic: n=101 acc=0.8317 err=17 tp=37 tn=47 fp=17 fn=0 pred_pos=0.5347
    soft foam earplug: n=65 acc=0.8769 err=8 tp=31 tn=26 fp=6 fn=2 pred_pos=0.5692
    USB cable: n=64 acc=0.9688 err=2 tp=31 tn=31 fp=1 fn=1 pred_pos=0.5000
    A4 paper: n=64 acc=0.9844 err=1 tp=32 tn=31 fp=1 fn=0 pred_pos=0.5156
[INFO] epoch 17/40 started augment=probabilistic-augment
  [train] batch 1/88 loss=0.0166 avg=0.0166 speed=0.21 batch/s
  [train] batch 20/88 loss=0.1576 avg=0.1010 speed=1.55 batch/s
  [train] batch 40/88 loss=0.0146 avg=0.1029 speed=1.89 batch/s
  [train] batch 60/88 loss=0.0750 avg=0.0953 speed=1.80 batch/s
  [train] batch 80/88 loss=0.0311 avg=0.0836 speed=1.92 batch/s
  [train] batch 88/88 loss=0.0054 avg=0.0823 speed=1.95 batch/s
[Epoch 017] loss=0.0823 window=8 val_acc=0.9082 balanced_acc=0.9156 smoothed_balanced_acc=0.9346 f1=0.9085 precision=0.8323 recall=1.0000 pred_pos=0.5476 mean_p=0.5575 mean_p_pos=0.9979 mean_p_neg=0.1886 tp=134 tn=133 fp=27 fn=0 lr=2.50e-04 time=53.1s
  [val/behavior]
    diagonal constant-force pressing: n=16 acc=0.2500 err=12 tp=0 tn=4 fp=12 fn=0 pred_pos=0.7500
    continuous variable-force pressing: n=80 acc=0.8875 err=9 tp=0 tn=71 fp=9 fn=0 pred_pos=0.1125
    constant-force pressing: n=48 acc=0.8958 err=5 tp=0 tn=43 fp=5 fn=0 pred_pos=0.1042
    static no motion: n=16 acc=0.9375 err=1 tp=0 tn=15 fp=1 fn=0 pred_pos=0.0625
    translational sliding: n=67 acc=1.0000 err=0 tp=67 tn=0 fp=0 fn=0 pred_pos=1.0000
    rotational sliding: n=67 acc=1.0000 err=0 tp=67 tn=0 fp=0 fn=0 pred_pos=1.0000
  [val/motion_type]
    non-slip: n=160 acc=0.8313 err=27 tp=0 tn=133 fp=27 fn=0 pred_pos=0.1688
    translation: n=67 acc=1.0000 err=0 tp=67 tn=0 fp=0 fn=0 pred_pos=1.0000
    rotation: n=67 acc=1.0000 err=0 tp=67 tn=0 fp=0 fn=0 pred_pos=1.0000
  [val/session]
    session_012: n=25 acc=0.5200 err=12 tp=9 tn=4 fp=12 fn=0 pred_pos=0.8400
    session_038: n=33 acc=0.7879 err=7 tp=17 tn=9 fp=7 fn=0 pred_pos=0.7273
    session_043: n=32 acc=0.9375 err=2 tp=16 tn=14 fp=2 fn=0 pred_pos=0.5625
    session_048: n=32 acc=0.9375 err=2 tp=16 tn=14 fp=2 fn=0 pred_pos=0.5625
    session_008: n=25 acc=0.9200 err=2 tp=9 tn=14 fp=2 fn=0 pred_pos=0.4400
    session_023: n=32 acc=0.9688 err=1 tp=16 tn=15 fp=1 fn=0 pred_pos=0.5312
    session_033: n=32 acc=0.9688 err=1 tp=16 tn=15 fp=1 fn=0 pred_pos=0.5312
    session_028: n=32 acc=1.0000 err=0 tp=16 tn=16 fp=0 fn=0 pred_pos=0.5000
    session_003: n=26 acc=1.0000 err=0 tp=10 tn=16 fp=0 fn=0 pred_pos=0.3846
    session_018: n=25 acc=1.0000 err=0 tp=9 tn=16 fp=0 fn=0 pred_pos=0.3600
  [val/material]
    plastic: n=101 acc=0.8614 err=14 tp=37 tn=50 fp=14 fn=0 pred_pos=0.5050
    soft foam earplug: n=65 acc=0.8769 err=8 tp=33 tn=24 fp=8 fn=0 pred_pos=0.6308
    USB cable: n=64 acc=0.9375 err=4 tp=32 tn=28 fp=4 fn=0 pred_pos=0.5625
    A4 paper: n=64 acc=0.9844 err=1 tp=32 tn=31 fp=1 fn=0 pred_pos=0.5156
[INFO] epoch 18/40 started augment=probabilistic-augment
  [train] batch 1/88 loss=0.0208 avg=0.0208 speed=0.26 batch/s
  [train] batch 20/88 loss=0.1020 avg=0.0364 speed=1.56 batch/s
  [train] batch 40/88 loss=0.0590 avg=0.0542 speed=1.87 batch/s
  [train] batch 60/88 loss=0.1865 avg=0.0682 speed=1.78 batch/s
  [train] batch 80/88 loss=0.0098 avg=0.0758 speed=1.90 batch/s
  [train] batch 88/88 loss=0.0181 avg=0.0784 speed=1.93 batch/s
[Epoch 018] loss=0.0784 window=8 val_acc=0.9626 balanced_acc=0.9638 smoothed_balanced_acc=0.9300 f1=0.9597 precision=0.9424 recall=0.9776 pred_pos=0.4728 mean_p=0.4728 mean_p_pos=0.9556 mean_p_neg=0.0683 tp=131 tn=152 fp=8 fn=3 lr=2.50e-04 time=53.0s
  [val/behavior]
    continuous variable-force pressing: n=80 acc=0.9375 err=5 tp=0 tn=75 fp=5 fn=0 pred_pos=0.0625
    rotational sliding: n=67 acc=0.9552 err=3 tp=64 tn=0 fp=0 fn=3 pred_pos=0.9552
    constant-force pressing: n=48 acc=0.9583 err=2 tp=0 tn=46 fp=2 fn=0 pred_pos=0.0417
    diagonal constant-force pressing: n=16 acc=0.9375 err=1 tp=0 tn=15 fp=1 fn=0 pred_pos=0.0625
    translational sliding: n=67 acc=1.0000 err=0 tp=67 tn=0 fp=0 fn=0 pred_pos=1.0000
    static no motion: n=16 acc=1.0000 err=0 tp=0 tn=16 fp=0 fn=0 pred_pos=0.0000
  [val/motion_type]
    non-slip: n=160 acc=0.9500 err=8 tp=0 tn=152 fp=8 fn=0 pred_pos=0.0500
    rotation: n=67 acc=0.9552 err=3 tp=64 tn=0 fp=0 fn=3 pred_pos=0.9552
    translation: n=67 acc=1.0000 err=0 tp=67 tn=0 fp=0 fn=0 pred_pos=1.0000
  [val/session]
    session_038: n=33 acc=0.8182 err=6 tp=16 tn=11 fp=5 fn=1 pred_pos=0.6364
    session_048: n=32 acc=0.9375 err=2 tp=14 tn=16 fp=0 fn=2 pred_pos=0.4375
    session_043: n=32 acc=0.9688 err=1 tp=16 tn=15 fp=1 fn=0 pred_pos=0.5312
    session_008: n=25 acc=0.9600 err=1 tp=9 tn=15 fp=1 fn=0 pred_pos=0.4000
    session_012: n=25 acc=0.9600 err=1 tp=9 tn=15 fp=1 fn=0 pred_pos=0.4000
    session_023: n=32 acc=1.0000 err=0 tp=16 tn=16 fp=0 fn=0 pred_pos=0.5000
    session_028: n=32 acc=1.0000 err=0 tp=16 tn=16 fp=0 fn=0 pred_pos=0.5000
    session_033: n=32 acc=1.0000 err=0 tp=16 tn=16 fp=0 fn=0 pred_pos=0.5000
    session_003: n=26 acc=1.0000 err=0 tp=10 tn=16 fp=0 fn=0 pred_pos=0.3846
    session_018: n=25 acc=1.0000 err=0 tp=9 tn=16 fp=0 fn=0 pred_pos=0.3600
  [val/material]
    soft foam earplug: n=65 acc=0.9077 err=6 tp=32 tn=27 fp=5 fn=1 pred_pos=0.5692
    USB cable: n=64 acc=0.9531 err=3 tp=30 tn=31 fp=1 fn=2 pred_pos=0.4844
    plastic: n=101 acc=0.9802 err=2 tp=37 tn=62 fp=2 fn=0 pred_pos=0.3861
    A4 paper: n=64 acc=1.0000 err=0 tp=32 tn=32 fp=0 fn=0 pred_pos=0.5000
[INFO] epoch 19/40 started augment=probabilistic-augment
  [train] batch 1/88 loss=0.1912 avg=0.1912 speed=0.26 batch/s
  [train] batch 20/88 loss=0.0079 avg=0.0655 speed=1.53 batch/s
  [train] batch 40/88 loss=0.0047 avg=0.0532 speed=1.90 batch/s
  [train] batch 60/88 loss=0.0768 avg=0.0705 speed=1.80 batch/s
  [train] batch 80/88 loss=0.1259 avg=0.0765 speed=1.91 batch/s
  [train] batch 88/88 loss=0.0177 avg=0.0757 speed=1.93 batch/s
[Epoch 019] loss=0.0757 window=8 val_acc=0.9252 balanced_acc=0.9300 smoothed_balanced_acc=0.9365 f1=0.9231 precision=0.8684 recall=0.9851 pred_pos=0.5170 mean_p=0.5118 mean_p_pos=0.9730 mean_p_neg=0.1255 tp=132 tn=140 fp=20 fn=2 lr=2.50e-04 time=53.1s
  [val/behavior]
    diagonal constant-force pressing: n=16 acc=0.2500 err=12 tp=0 tn=4 fp=12 fn=0 pred_pos=0.7500
    constant-force pressing: n=48 acc=0.9167 err=4 tp=0 tn=44 fp=4 fn=0 pred_pos=0.0833
    continuous variable-force pressing: n=80 acc=0.9625 err=3 tp=0 tn=77 fp=3 fn=0 pred_pos=0.0375
    rotational sliding: n=67 acc=0.9701 err=2 tp=65 tn=0 fp=0 fn=2 pred_pos=0.9701
    static no motion: n=16 acc=0.9375 err=1 tp=0 tn=15 fp=1 fn=0 pred_pos=0.0625
    translational sliding: n=67 acc=1.0000 err=0 tp=67 tn=0 fp=0 fn=0 pred_pos=1.0000
  [val/motion_type]
    non-slip: n=160 acc=0.8750 err=20 tp=0 tn=140 fp=20 fn=0 pred_pos=0.1250
    rotation: n=67 acc=0.9701 err=2 tp=65 tn=0 fp=0 fn=2 pred_pos=0.9701
    translation: n=67 acc=1.0000 err=0 tp=67 tn=0 fp=0 fn=0 pred_pos=1.0000
  [val/session]
    session_012: n=25 acc=0.5200 err=12 tp=9 tn=4 fp=12 fn=0 pred_pos=0.8400
    session_038: n=33 acc=0.9091 err=3 tp=15 tn=15 fp=1 fn=2 pred_pos=0.4848
    session_008: n=25 acc=0.9200 err=2 tp=9 tn=14 fp=2 fn=0 pred_pos=0.4400
    session_023: n=32 acc=0.9688 err=1 tp=16 tn=15 fp=1 fn=0 pred_pos=0.5312
    session_033: n=32 acc=0.9688 err=1 tp=16 tn=15 fp=1 fn=0 pred_pos=0.5312
    session_043: n=32 acc=0.9688 err=1 tp=16 tn=15 fp=1 fn=0 pred_pos=0.5312
    session_048: n=32 acc=0.9688 err=1 tp=16 tn=15 fp=1 fn=0 pred_pos=0.5312
    session_018: n=25 acc=0.9600 err=1 tp=9 tn=15 fp=1 fn=0 pred_pos=0.4000
    session_028: n=32 acc=1.0000 err=0 tp=16 tn=16 fp=0 fn=0 pred_pos=0.5000
    session_003: n=26 acc=1.0000 err=0 tp=10 tn=16 fp=0 fn=0 pred_pos=0.3846
  [val/material]
    plastic: n=101 acc=0.8515 err=15 tp=37 tn=49 fp=15 fn=0 pred_pos=0.5149
    soft foam earplug: n=65 acc=0.9385 err=4 tp=31 tn=30 fp=2 fn=2 pred_pos=0.5077
    USB cable: n=64 acc=0.9688 err=2 tp=32 tn=30 fp=2 fn=0 pred_pos=0.5312
    A4 paper: n=64 acc=0.9844 err=1 tp=32 tn=31 fp=1 fn=0 pred_pos=0.5156
[INFO] epoch 20/40 started augment=probabilistic-augment
  [train] batch 1/88 loss=0.0201 avg=0.0201 speed=0.26 batch/s
  [train] batch 20/88 loss=0.0171 avg=0.0447 speed=1.59 batch/s
  [train] batch 40/88 loss=0.0451 avg=0.0526 speed=1.89 batch/s
  [train] batch 60/88 loss=0.0643 avg=0.0494 speed=1.79 batch/s
  [train] batch 80/88 loss=0.0493 avg=0.0543 speed=1.90 batch/s
  [train] batch 88/88 loss=0.0061 avg=0.0567 speed=1.93 batch/s
[BEST] epoch=20 smoothed_balanced_acc=0.9526 saved
[Epoch 020] loss=0.0567 window=8 val_acc=0.9660 balanced_acc=0.9639 smoothed_balanced_acc=0.9526 f1=0.9618 precision=0.9844 recall=0.9403 pred_pos=0.4354 mean_p=0.4368 mean_p_pos=0.9213 mean_p_neg=0.0311 tp=126 tn=158 fp=2 fn=8 lr=2.50e-04 time=53.8s
  [val/behavior]
    rotational sliding: n=67 acc=0.8806 err=8 tp=59 tn=0 fp=0 fn=8 pred_pos=0.8806
    constant-force pressing: n=48 acc=0.9792 err=1 tp=0 tn=47 fp=1 fn=0 pred_pos=0.0208
    diagonal constant-force pressing: n=16 acc=0.9375 err=1 tp=0 tn=15 fp=1 fn=0 pred_pos=0.0625
    continuous variable-force pressing: n=80 acc=1.0000 err=0 tp=0 tn=80 fp=0 fn=0 pred_pos=0.0000
    translational sliding: n=67 acc=1.0000 err=0 tp=67 tn=0 fp=0 fn=0 pred_pos=1.0000
    static no motion: n=16 acc=1.0000 err=0 tp=0 tn=16 fp=0 fn=0 pred_pos=0.0000
  [val/motion_type]
    rotation: n=67 acc=0.8806 err=8 tp=59 tn=0 fp=0 fn=8 pred_pos=0.8806
    non-slip: n=160 acc=0.9875 err=2 tp=0 tn=158 fp=2 fn=0 pred_pos=0.0125
    translation: n=67 acc=1.0000 err=0 tp=67 tn=0 fp=0 fn=0 pred_pos=1.0000
  [val/session]
    session_048: n=32 acc=0.8438 err=5 tp=11 tn=16 fp=0 fn=5 pred_pos=0.3438
    session_038: n=33 acc=0.9091 err=3 tp=14 tn=16 fp=0 fn=3 pred_pos=0.4242
    session_008: n=25 acc=0.9600 err=1 tp=9 tn=15 fp=1 fn=0 pred_pos=0.4000
    session_012: n=25 acc=0.9600 err=1 tp=9 tn=15 fp=1 fn=0 pred_pos=0.4000
    session_023: n=32 acc=1.0000 err=0 tp=16 tn=16 fp=0 fn=0 pred_pos=0.5000
    session_028: n=32 acc=1.0000 err=0 tp=16 tn=16 fp=0 fn=0 pred_pos=0.5000
    session_033: n=32 acc=1.0000 err=0 tp=16 tn=16 fp=0 fn=0 pred_pos=0.5000
    session_043: n=32 acc=1.0000 err=0 tp=16 tn=16 fp=0 fn=0 pred_pos=0.5000
    session_003: n=26 acc=1.0000 err=0 tp=10 tn=16 fp=0 fn=0 pred_pos=0.3846
    session_018: n=25 acc=1.0000 err=0 tp=9 tn=16 fp=0 fn=0 pred_pos=0.3600
  [val/material]
    USB cable: n=64 acc=0.9219 err=5 tp=27 tn=32 fp=0 fn=5 pred_pos=0.4219
    soft foam earplug: n=65 acc=0.9538 err=3 tp=30 tn=32 fp=0 fn=3 pred_pos=0.4615
    plastic: n=101 acc=0.9802 err=2 tp=37 tn=62 fp=2 fn=0 pred_pos=0.3861
    A4 paper: n=64 acc=1.0000 err=0 tp=32 tn=32 fp=0 fn=0 pred_pos=0.5000
[INFO] epoch 21/40 started augment=probabilistic-augment
  [train] batch 1/88 loss=0.0747 avg=0.0747 speed=0.26 batch/s
  [train] batch 20/88 loss=0.0033 avg=0.0441 speed=1.53 batch/s
  [train] batch 40/88 loss=0.0481 avg=0.0515 speed=1.87 batch/s
  [train] batch 60/88 loss=0.0519 avg=0.0437 speed=1.76 batch/s
  [train] batch 80/88 loss=0.1177 avg=0.0517 speed=1.89 batch/s
  [train] batch 88/88 loss=0.2046 avg=0.0526 speed=1.92 batch/s
[Epoch 021] loss=0.0526 window=8 val_acc=0.9490 balanced_acc=0.9507 smoothed_balanced_acc=0.9482 f1=0.9455 precision=0.9220 recall=0.9701 pred_pos=0.4796 mean_p=0.4923 mean_p_pos=0.9653 mean_p_neg=0.0962 tp=130 tn=149 fp=11 fn=4 lr=2.50e-04 time=53.4s
  [val/behavior]
    diagonal constant-force pressing: n=16 acc=0.6875 err=5 tp=0 tn=11 fp=5 fn=0 pred_pos=0.3125
    rotational sliding: n=67 acc=0.9403 err=4 tp=63 tn=0 fp=0 fn=4 pred_pos=0.9403
    constant-force pressing: n=48 acc=0.9167 err=4 tp=0 tn=44 fp=4 fn=0 pred_pos=0.0833
    continuous variable-force pressing: n=80 acc=0.9750 err=2 tp=0 tn=78 fp=2 fn=0 pred_pos=0.0250
    translational sliding: n=67 acc=1.0000 err=0 tp=67 tn=0 fp=0 fn=0 pred_pos=1.0000
    static no motion: n=16 acc=1.0000 err=0 tp=0 tn=16 fp=0 fn=0 pred_pos=0.0000
  [val/motion_type]
    non-slip: n=160 acc=0.9313 err=11 tp=0 tn=149 fp=11 fn=0 pred_pos=0.0688
    rotation: n=67 acc=0.9403 err=4 tp=63 tn=0 fp=0 fn=4 pred_pos=0.9403
    translation: n=67 acc=1.0000 err=0 tp=67 tn=0 fp=0 fn=0 pred_pos=1.0000
  [val/session]
    session_012: n=25 acc=0.8000 err=5 tp=9 tn=11 fp=5 fn=0 pred_pos=0.5600
    session_038: n=33 acc=0.9091 err=3 tp=15 tn=15 fp=1 fn=2 pred_pos=0.4848
    session_048: n=32 acc=0.9375 err=2 tp=14 tn=16 fp=0 fn=2 pred_pos=0.4375
    session_008: n=25 acc=0.9200 err=2 tp=9 tn=14 fp=2 fn=0 pred_pos=0.4400
    session_033: n=32 acc=0.9688 err=1 tp=16 tn=15 fp=1 fn=0 pred_pos=0.5312
    session_043: n=32 acc=0.9688 err=1 tp=16 tn=15 fp=1 fn=0 pred_pos=0.5312
    session_018: n=25 acc=0.9600 err=1 tp=9 tn=15 fp=1 fn=0 pred_pos=0.4000
    session_023: n=32 acc=1.0000 err=0 tp=16 tn=16 fp=0 fn=0 pred_pos=0.5000
    session_028: n=32 acc=1.0000 err=0 tp=16 tn=16 fp=0 fn=0 pred_pos=0.5000
    session_003: n=26 acc=1.0000 err=0 tp=10 tn=16 fp=0 fn=0 pred_pos=0.3846
  [val/material]
    plastic: n=101 acc=0.9208 err=8 tp=37 tn=56 fp=8 fn=0 pred_pos=0.4455
    soft foam earplug: n=65 acc=0.9385 err=4 tp=31 tn=30 fp=2 fn=2 pred_pos=0.5077
    USB cable: n=64 acc=0.9531 err=3 tp=30 tn=31 fp=1 fn=2 pred_pos=0.4844
    A4 paper: n=64 acc=1.0000 err=0 tp=32 tn=32 fp=0 fn=0 pred_pos=0.5000
[INFO] epoch 22/40 started augment=probabilistic-augment
  [train] batch 1/88 loss=0.0057 avg=0.0057 speed=0.26 batch/s
  [train] batch 20/88 loss=0.0174 avg=0.0598 speed=1.52 batch/s
  [train] batch 40/88 loss=0.0060 avg=0.0551 speed=1.86 batch/s
  [train] batch 60/88 loss=0.1318 avg=0.0626 speed=1.76 batch/s
  [train] batch 80/88 loss=0.0037 avg=0.0602 speed=1.88 batch/s
  [train] batch 88/88 loss=0.0047 avg=0.0600 speed=1.91 batch/s
[BEST] epoch=22 smoothed_balanced_acc=0.9568 saved
[Epoch 022] loss=0.0600 window=8 val_acc=0.9592 balanced_acc=0.9558 smoothed_balanced_acc=0.9568 f1=0.9535 precision=0.9919 recall=0.9179 pred_pos=0.4218 mean_p=0.4159 mean_p_pos=0.8961 mean_p_neg=0.0137 tp=123 tn=159 fp=1 fn=11 lr=2.50e-04 time=53.9s
  [val/behavior]
    rotational sliding: n=67 acc=0.8358 err=11 tp=56 tn=0 fp=0 fn=11 pred_pos=0.8358
    constant-force pressing: n=48 acc=0.9792 err=1 tp=0 tn=47 fp=1 fn=0 pred_pos=0.0208
    continuous variable-force pressing: n=80 acc=1.0000 err=0 tp=0 tn=80 fp=0 fn=0 pred_pos=0.0000
    translational sliding: n=67 acc=1.0000 err=0 tp=67 tn=0 fp=0 fn=0 pred_pos=1.0000
    diagonal constant-force pressing: n=16 acc=1.0000 err=0 tp=0 tn=16 fp=0 fn=0 pred_pos=0.0000
    static no motion: n=16 acc=1.0000 err=0 tp=0 tn=16 fp=0 fn=0 pred_pos=0.0000
  [val/motion_type]
    rotation: n=67 acc=0.8358 err=11 tp=56 tn=0 fp=0 fn=11 pred_pos=0.8358
    non-slip: n=160 acc=0.9938 err=1 tp=0 tn=159 fp=1 fn=0 pred_pos=0.0063
    translation: n=67 acc=1.0000 err=0 tp=67 tn=0 fp=0 fn=0 pred_pos=1.0000
  [val/session]
    session_048: n=32 acc=0.8438 err=5 tp=11 tn=16 fp=0 fn=5 pred_pos=0.3438
    session_038: n=33 acc=0.9091 err=3 tp=14 tn=16 fp=0 fn=3 pred_pos=0.4242
    session_018: n=25 acc=0.9200 err=2 tp=7 tn=16 fp=0 fn=2 pred_pos=0.2800
    session_028: n=32 acc=0.9688 err=1 tp=15 tn=16 fp=0 fn=1 pred_pos=0.4688
    session_043: n=32 acc=0.9688 err=1 tp=16 tn=15 fp=1 fn=0 pred_pos=0.5312
    session_023: n=32 acc=1.0000 err=0 tp=16 tn=16 fp=0 fn=0 pred_pos=0.5000
    session_033: n=32 acc=1.0000 err=0 tp=16 tn=16 fp=0 fn=0 pred_pos=0.5000
    session_003: n=26 acc=1.0000 err=0 tp=10 tn=16 fp=0 fn=0 pred_pos=0.3846
    session_008: n=25 acc=1.0000 err=0 tp=9 tn=16 fp=0 fn=0 pred_pos=0.3600
    session_012: n=25 acc=1.0000 err=0 tp=9 tn=16 fp=0 fn=0 pred_pos=0.3600
  [val/material]
    USB cable: n=64 acc=0.9062 err=6 tp=27 tn=31 fp=1 fn=5 pred_pos=0.4375
    soft foam earplug: n=65 acc=0.9538 err=3 tp=30 tn=32 fp=0 fn=3 pred_pos=0.4615
    plastic: n=101 acc=0.9802 err=2 tp=35 tn=64 fp=0 fn=2 pred_pos=0.3465
    A4 paper: n=64 acc=0.9844 err=1 tp=31 tn=32 fp=0 fn=1 pred_pos=0.4844
[INFO] epoch 23/40 started augment=probabilistic-augment
  [train] batch 1/88 loss=0.0946 avg=0.0946 speed=0.26 batch/s
  [train] batch 20/88 loss=0.0087 avg=0.0607 speed=1.52 batch/s
  [train] batch 40/88 loss=0.0130 avg=0.0639 speed=1.85 batch/s
  [train] batch 60/88 loss=0.0557 avg=0.0626 speed=1.78 batch/s
  [train] batch 80/88 loss=0.0494 avg=0.0606 speed=1.90 batch/s
  [train] batch 88/88 loss=0.0019 avg=0.0565 speed=1.93 batch/s
[BEST] epoch=23 smoothed_balanced_acc=0.9605 saved
[Epoch 023] loss=0.0565 window=8 val_acc=0.9728 balanced_acc=0.9750 smoothed_balanced_acc=0.9605 f1=0.9710 precision=0.9437 recall=1.0000 pred_pos=0.4830 mean_p=0.4878 mean_p_pos=0.9900 mean_p_neg=0.0671 tp=134 tn=152 fp=8 fn=0 lr=2.50e-04 time=53.7s
  [val/behavior]
    continuous variable-force pressing: n=80 acc=0.9625 err=3 tp=0 tn=77 fp=3 fn=0 pred_pos=0.0375
    constant-force pressing: n=48 acc=0.9583 err=2 tp=0 tn=46 fp=2 fn=0 pred_pos=0.0417
    diagonal constant-force pressing: n=16 acc=0.8750 err=2 tp=0 tn=14 fp=2 fn=0 pred_pos=0.1250
    static no motion: n=16 acc=0.9375 err=1 tp=0 tn=15 fp=1 fn=0 pred_pos=0.0625
    translational sliding: n=67 acc=1.0000 err=0 tp=67 tn=0 fp=0 fn=0 pred_pos=1.0000
    rotational sliding: n=67 acc=1.0000 err=0 tp=67 tn=0 fp=0 fn=0 pred_pos=1.0000
  [val/motion_type]
    non-slip: n=160 acc=0.9500 err=8 tp=0 tn=152 fp=8 fn=0 pred_pos=0.0500
    translation: n=67 acc=1.0000 err=0 tp=67 tn=0 fp=0 fn=0 pred_pos=1.0000
    rotation: n=67 acc=1.0000 err=0 tp=67 tn=0 fp=0 fn=0 pred_pos=1.0000
  [val/session]
    session_038: n=33 acc=0.9394 err=2 tp=17 tn=14 fp=2 fn=0 pred_pos=0.5758
    session_012: n=25 acc=0.9200 err=2 tp=9 tn=14 fp=2 fn=0 pred_pos=0.4400
    session_023: n=32 acc=0.9688 err=1 tp=16 tn=15 fp=1 fn=0 pred_pos=0.5312
    session_043: n=32 acc=0.9688 err=1 tp=16 tn=15 fp=1 fn=0 pred_pos=0.5312
    session_008: n=25 acc=0.9600 err=1 tp=9 tn=15 fp=1 fn=0 pred_pos=0.4000
    session_018: n=25 acc=0.9600 err=1 tp=9 tn=15 fp=1 fn=0 pred_pos=0.4000
    session_028: n=32 acc=1.0000 err=0 tp=16 tn=16 fp=0 fn=0 pred_pos=0.5000
    session_033: n=32 acc=1.0000 err=0 tp=16 tn=16 fp=0 fn=0 pred_pos=0.5000
    session_048: n=32 acc=1.0000 err=0 tp=16 tn=16 fp=0 fn=0 pred_pos=0.5000
    session_003: n=26 acc=1.0000 err=0 tp=10 tn=16 fp=0 fn=0 pred_pos=0.3846
  [val/material]
    plastic: n=101 acc=0.9604 err=4 tp=37 tn=60 fp=4 fn=0 pred_pos=0.4059
    soft foam earplug: n=65 acc=0.9692 err=2 tp=33 tn=30 fp=2 fn=0 pred_pos=0.5385
    A4 paper: n=64 acc=0.9844 err=1 tp=32 tn=31 fp=1 fn=0 pred_pos=0.5156
    USB cable: n=64 acc=0.9844 err=1 tp=32 tn=31 fp=1 fn=0 pred_pos=0.5156
[INFO] epoch 24/40 started augment=probabilistic-augment
  [train] batch 1/88 loss=0.0024 avg=0.0024 speed=0.26 batch/s
  [train] batch 20/88 loss=0.0203 avg=0.0452 speed=1.60 batch/s
  [train] batch 40/88 loss=0.0560 avg=0.0553 speed=1.89 batch/s
  [train] batch 60/88 loss=0.1599 avg=0.0583 speed=1.80 batch/s
  [train] batch 80/88 loss=0.0599 avg=0.0636 speed=1.91 batch/s
  [train] batch 88/88 loss=0.3041 avg=0.0640 speed=1.94 batch/s
[BEST] epoch=24 smoothed_balanced_acc=0.9613 saved
[Epoch 024] loss=0.0640 window=8 val_acc=0.9490 balanced_acc=0.9531 smoothed_balanced_acc=0.9613 f1=0.9470 precision=0.8993 recall=1.0000 pred_pos=0.5068 mean_p=0.5166 mean_p_pos=0.9938 mean_p_neg=0.1170 tp=134 tn=145 fp=15 fn=0 lr=2.50e-04 time=53.0s
  [val/behavior]
    continuous variable-force pressing: n=80 acc=0.9375 err=5 tp=0 tn=75 fp=5 fn=0 pred_pos=0.0625
    constant-force pressing: n=48 acc=0.8958 err=5 tp=0 tn=43 fp=5 fn=0 pred_pos=0.1042
    diagonal constant-force pressing: n=16 acc=0.7500 err=4 tp=0 tn=12 fp=4 fn=0 pred_pos=0.2500
    static no motion: n=16 acc=0.9375 err=1 tp=0 tn=15 fp=1 fn=0 pred_pos=0.0625
    translational sliding: n=67 acc=1.0000 err=0 tp=67 tn=0 fp=0 fn=0 pred_pos=1.0000
    rotational sliding: n=67 acc=1.0000 err=0 tp=67 tn=0 fp=0 fn=0 pred_pos=1.0000
  [val/motion_type]
    non-slip: n=160 acc=0.9062 err=15 tp=0 tn=145 fp=15 fn=0 pred_pos=0.0938
    translation: n=67 acc=1.0000 err=0 tp=67 tn=0 fp=0 fn=0 pred_pos=1.0000
    rotation: n=67 acc=1.0000 err=0 tp=67 tn=0 fp=0 fn=0 pred_pos=1.0000
  [val/session]
    session_012: n=25 acc=0.8400 err=4 tp=9 tn=12 fp=4 fn=0 pred_pos=0.5200
    session_008: n=25 acc=0.8800 err=3 tp=9 tn=13 fp=3 fn=0 pred_pos=0.4800
    session_038: n=33 acc=0.9394 err=2 tp=17 tn=14 fp=2 fn=0 pred_pos=0.5758
    session_018: n=25 acc=0.9200 err=2 tp=9 tn=14 fp=2 fn=0 pred_pos=0.4400
    session_023: n=32 acc=0.9688 err=1 tp=16 tn=15 fp=1 fn=0 pred_pos=0.5312
    session_028: n=32 acc=0.9688 err=1 tp=16 tn=15 fp=1 fn=0 pred_pos=0.5312
    session_033: n=32 acc=0.9688 err=1 tp=16 tn=15 fp=1 fn=0 pred_pos=0.5312
    session_043: n=32 acc=0.9688 err=1 tp=16 tn=15 fp=1 fn=0 pred_pos=0.5312
    session_048: n=32 acc=1.0000 err=0 tp=16 tn=16 fp=0 fn=0 pred_pos=0.5000
    session_003: n=26 acc=1.0000 err=0 tp=10 tn=16 fp=0 fn=0 pred_pos=0.3846
  [val/material]
    plastic: n=101 acc=0.9109 err=9 tp=37 tn=55 fp=9 fn=0 pred_pos=0.4554
    soft foam earplug: n=65 acc=0.9538 err=3 tp=33 tn=29 fp=3 fn=0 pred_pos=0.5538
    A4 paper: n=64 acc=0.9688 err=2 tp=32 tn=30 fp=2 fn=0 pred_pos=0.5312
    USB cable: n=64 acc=0.9844 err=1 tp=32 tn=31 fp=1 fn=0 pred_pos=0.5156
[INFO] epoch 25/40 started augment=probabilistic-augment
  [train] batch 1/88 loss=0.0126 avg=0.0126 speed=0.24 batch/s
  [train] batch 20/88 loss=0.0112 avg=0.0430 speed=1.55 batch/s
  [train] batch 40/88 loss=0.1292 avg=0.0514 speed=1.89 batch/s
  [train] batch 60/88 loss=0.0050 avg=0.0475 speed=1.80 batch/s
  [train] batch 80/88 loss=0.0484 avg=0.0475 speed=1.92 batch/s
  [train] batch 88/88 loss=0.2860 avg=0.0546 speed=1.95 batch/s
[BEST] epoch=25 smoothed_balanced_acc=0.9642 saved
[Epoch 025] loss=0.0546 window=8 val_acc=0.9660 balanced_acc=0.9645 smoothed_balanced_acc=0.9642 f1=0.9621 precision=0.9769 recall=0.9478 pred_pos=0.4422 mean_p=0.4534 mean_p_pos=0.9565 mean_p_neg=0.0321 tp=127 tn=157 fp=3 fn=7 lr=2.50e-04 time=53.0s
  [val/behavior]
    rotational sliding: n=67 acc=0.8955 err=7 tp=60 tn=0 fp=0 fn=7 pred_pos=0.8955
    constant-force pressing: n=48 acc=0.9583 err=2 tp=0 tn=46 fp=2 fn=0 pred_pos=0.0417
    continuous variable-force pressing: n=80 acc=0.9875 err=1 tp=0 tn=79 fp=1 fn=0 pred_pos=0.0125
    translational sliding: n=67 acc=1.0000 err=0 tp=67 tn=0 fp=0 fn=0 pred_pos=1.0000
    diagonal constant-force pressing: n=16 acc=1.0000 err=0 tp=0 tn=16 fp=0 fn=0 pred_pos=0.0000
    static no motion: n=16 acc=1.0000 err=0 tp=0 tn=16 fp=0 fn=0 pred_pos=0.0000
  [val/motion_type]
    rotation: n=67 acc=0.8955 err=7 tp=60 tn=0 fp=0 fn=7 pred_pos=0.8955
    non-slip: n=160 acc=0.9812 err=3 tp=0 tn=157 fp=3 fn=0 pred_pos=0.0187
    translation: n=67 acc=1.0000 err=0 tp=67 tn=0 fp=0 fn=0 pred_pos=1.0000
  [val/session]
    session_048: n=32 acc=0.8438 err=5 tp=11 tn=16 fp=0 fn=5 pred_pos=0.3438
    session_038: n=33 acc=0.9394 err=2 tp=16 tn=15 fp=1 fn=1 pred_pos=0.5152
    session_043: n=32 acc=0.9688 err=1 tp=16 tn=15 fp=1 fn=0 pred_pos=0.5312
    session_008: n=25 acc=0.9600 err=1 tp=9 tn=15 fp=1 fn=0 pred_pos=0.4000
    session_018: n=25 acc=0.9600 err=1 tp=8 tn=16 fp=0 fn=1 pred_pos=0.3200
    session_023: n=32 acc=1.0000 err=0 tp=16 tn=16 fp=0 fn=0 pred_pos=0.5000
    session_028: n=32 acc=1.0000 err=0 tp=16 tn=16 fp=0 fn=0 pred_pos=0.5000
    session_033: n=32 acc=1.0000 err=0 tp=16 tn=16 fp=0 fn=0 pred_pos=0.5000
    session_003: n=26 acc=1.0000 err=0 tp=10 tn=16 fp=0 fn=0 pred_pos=0.3846
    session_012: n=25 acc=1.0000 err=0 tp=9 tn=16 fp=0 fn=0 pred_pos=0.3600
  [val/material]
    USB cable: n=64 acc=0.9062 err=6 tp=27 tn=31 fp=1 fn=5 pred_pos=0.4375
    plastic: n=101 acc=0.9802 err=2 tp=36 tn=63 fp=1 fn=1 pred_pos=0.3663
    soft foam earplug: n=65 acc=0.9692 err=2 tp=32 tn=31 fp=1 fn=1 pred_pos=0.5077
    A4 paper: n=64 acc=1.0000 err=0 tp=32 tn=32 fp=0 fn=0 pred_pos=0.5000
[INFO] epoch 26/40 started augment=probabilistic-augment
  [train] batch 1/88 loss=0.0305 avg=0.0305 speed=0.26 batch/s
  [train] batch 20/88 loss=0.0075 avg=0.0421 speed=1.62 batch/s
  [train] batch 40/88 loss=0.0225 avg=0.0305 speed=1.93 batch/s
  [train] batch 60/88 loss=0.0034 avg=0.0312 speed=1.84 batch/s
  [train] batch 80/88 loss=0.1023 avg=0.0404 speed=1.94 batch/s
  [train] batch 88/88 loss=0.0044 avg=0.0397 speed=1.95 batch/s
[Epoch 026] loss=0.0397 window=8 val_acc=0.9694 balanced_acc=0.9694 smoothed_balanced_acc=0.9624 f1=0.9665 precision=0.9630 recall=0.9701 pred_pos=0.4592 mean_p=0.4684 mean_p_pos=0.9592 mean_p_neg=0.0575 tp=130 tn=155 fp=5 fn=4 lr=2.50e-04 time=52.7s
  [val/behavior]
    rotational sliding: n=67 acc=0.9403 err=4 tp=63 tn=0 fp=0 fn=4 pred_pos=0.9403
    continuous variable-force pressing: n=80 acc=0.9750 err=2 tp=0 tn=78 fp=2 fn=0 pred_pos=0.0250
    constant-force pressing: n=48 acc=0.9583 err=2 tp=0 tn=46 fp=2 fn=0 pred_pos=0.0417
    diagonal constant-force pressing: n=16 acc=0.9375 err=1 tp=0 tn=15 fp=1 fn=0 pred_pos=0.0625
    translational sliding: n=67 acc=1.0000 err=0 tp=67 tn=0 fp=0 fn=0 pred_pos=1.0000
    static no motion: n=16 acc=1.0000 err=0 tp=0 tn=16 fp=0 fn=0 pred_pos=0.0000
  [val/motion_type]
    non-slip: n=160 acc=0.9688 err=5 tp=0 tn=155 fp=5 fn=0 pred_pos=0.0312
    rotation: n=67 acc=0.9403 err=4 tp=63 tn=0 fp=0 fn=4 pred_pos=0.9403
    translation: n=67 acc=1.0000 err=0 tp=67 tn=0 fp=0 fn=0 pred_pos=1.0000
  [val/session]
    session_038: n=33 acc=0.9394 err=2 tp=15 tn=16 fp=0 fn=2 pred_pos=0.4545
    session_048: n=32 acc=0.9375 err=2 tp=14 tn=16 fp=0 fn=2 pred_pos=0.4375
    session_018: n=25 acc=0.9200 err=2 tp=9 tn=14 fp=2 fn=0 pred_pos=0.4400
    session_043: n=32 acc=0.9688 err=1 tp=16 tn=15 fp=1 fn=0 pred_pos=0.5312
    session_008: n=25 acc=0.9600 err=1 tp=9 tn=15 fp=1 fn=0 pred_pos=0.4000
    session_012: n=25 acc=0.9600 err=1 tp=9 tn=15 fp=1 fn=0 pred_pos=0.4000
    session_023: n=32 acc=1.0000 err=0 tp=16 tn=16 fp=0 fn=0 pred_pos=0.5000
    session_028: n=32 acc=1.0000 err=0 tp=16 tn=16 fp=0 fn=0 pred_pos=0.5000
    session_033: n=32 acc=1.0000 err=0 tp=16 tn=16 fp=0 fn=0 pred_pos=0.5000
    session_003: n=26 acc=1.0000 err=0 tp=10 tn=16 fp=0 fn=0 pred_pos=0.3846
  [val/material]
    plastic: n=101 acc=0.9604 err=4 tp=37 tn=60 fp=4 fn=0 pred_pos=0.4059
    USB cable: n=64 acc=0.9531 err=3 tp=30 tn=31 fp=1 fn=2 pred_pos=0.4844
    soft foam earplug: n=65 acc=0.9692 err=2 tp=31 tn=32 fp=0 fn=2 pred_pos=0.4769
    A4 paper: n=64 acc=1.0000 err=0 tp=32 tn=32 fp=0 fn=0 pred_pos=0.5000
[INFO] epoch 27/40 started augment=probabilistic-augment
  [train] batch 1/88 loss=0.0446 avg=0.0446 speed=0.26 batch/s
  [train] batch 20/88 loss=0.0058 avg=0.0610 speed=1.58 batch/s
  [train] batch 40/88 loss=0.0049 avg=0.0507 speed=1.89 batch/s
  [train] batch 60/88 loss=0.0019 avg=0.0553 speed=1.78 batch/s
  [train] batch 80/88 loss=0.0007 avg=0.0503 speed=1.92 batch/s
  [train] batch 88/88 loss=0.0079 avg=0.0469 speed=1.94 batch/s
[Epoch 027] loss=0.0469 window=8 val_acc=0.9218 balanced_acc=0.9281 smoothed_balanced_acc=0.9540 f1=0.9210 precision=0.8535 recall=1.0000 pred_pos=0.5340 mean_p=0.5460 mean_p_pos=0.9985 mean_p_neg=0.1671 tp=134 tn=137 fp=23 fn=0 lr=2.50e-04 time=53.1s
  [val/behavior]
    continuous variable-force pressing: n=80 acc=0.8875 err=9 tp=0 tn=71 fp=9 fn=0 pred_pos=0.1125
    constant-force pressing: n=48 acc=0.8542 err=7 tp=0 tn=41 fp=7 fn=0 pred_pos=0.1458
    diagonal constant-force pressing: n=16 acc=0.6250 err=6 tp=0 tn=10 fp=6 fn=0 pred_pos=0.3750
    static no motion: n=16 acc=0.9375 err=1 tp=0 tn=15 fp=1 fn=0 pred_pos=0.0625
    translational sliding: n=67 acc=1.0000 err=0 tp=67 tn=0 fp=0 fn=0 pred_pos=1.0000
    rotational sliding: n=67 acc=1.0000 err=0 tp=67 tn=0 fp=0 fn=0 pred_pos=1.0000
  [val/motion_type]
    non-slip: n=160 acc=0.8562 err=23 tp=0 tn=137 fp=23 fn=0 pred_pos=0.1437
    translation: n=67 acc=1.0000 err=0 tp=67 tn=0 fp=0 fn=0 pred_pos=1.0000
    rotation: n=67 acc=1.0000 err=0 tp=67 tn=0 fp=0 fn=0 pred_pos=1.0000
  [val/session]
    session_012: n=25 acc=0.7600 err=6 tp=9 tn=10 fp=6 fn=0 pred_pos=0.6000
    session_038: n=33 acc=0.8485 err=5 tp=17 tn=11 fp=5 fn=0 pred_pos=0.6667
    session_008: n=25 acc=0.8800 err=3 tp=9 tn=13 fp=3 fn=0 pred_pos=0.4800
    session_033: n=32 acc=0.9375 err=2 tp=16 tn=14 fp=2 fn=0 pred_pos=0.5625
    session_043: n=32 acc=0.9375 err=2 tp=16 tn=14 fp=2 fn=0 pred_pos=0.5625
    session_018: n=25 acc=0.9200 err=2 tp=9 tn=14 fp=2 fn=0 pred_pos=0.4400
    session_023: n=32 acc=0.9688 err=1 tp=16 tn=15 fp=1 fn=0 pred_pos=0.5312
    session_028: n=32 acc=0.9688 err=1 tp=16 tn=15 fp=1 fn=0 pred_pos=0.5312
    session_048: n=32 acc=0.9688 err=1 tp=16 tn=15 fp=1 fn=0 pred_pos=0.5312
    session_003: n=26 acc=1.0000 err=0 tp=10 tn=16 fp=0 fn=0 pred_pos=0.3846
  [val/material]
    plastic: n=101 acc=0.8911 err=11 tp=37 tn=53 fp=11 fn=0 pred_pos=0.4752
    soft foam earplug: n=65 acc=0.8923 err=7 tp=33 tn=25 fp=7 fn=0 pred_pos=0.6154
    USB cable: n=64 acc=0.9531 err=3 tp=32 tn=29 fp=3 fn=0 pred_pos=0.5469
    A4 paper: n=64 acc=0.9688 err=2 tp=32 tn=30 fp=2 fn=0 pred_pos=0.5312
[INFO] epoch 28/40 started augment=probabilistic-augment
  [train] batch 1/88 loss=0.0225 avg=0.0225 speed=0.26 batch/s
  [train] batch 20/88 loss=0.3055 avg=0.0554 speed=1.57 batch/s
  [train] batch 40/88 loss=0.0753 avg=0.0581 speed=1.85 batch/s
  [train] batch 60/88 loss=0.0143 avg=0.0552 speed=1.78 batch/s
  [train] batch 80/88 loss=0.0166 avg=0.0528 speed=1.91 batch/s
  [train] batch 88/88 loss=0.0011 avg=0.0544 speed=1.94 batch/s
[Epoch 028] loss=0.0544 window=8 val_acc=0.9320 balanced_acc=0.9357 smoothed_balanced_acc=0.9444 f1=0.9291 precision=0.8851 recall=0.9776 pred_pos=0.5034 mean_p=0.5066 mean_p_pos=0.9706 mean_p_neg=0.1180 tp=131 tn=143 fp=17 fn=3 lr=2.50e-04 time=53.1s
  [val/behavior]
    diagonal constant-force pressing: n=16 acc=0.5625 err=7 tp=0 tn=9 fp=7 fn=0 pred_pos=0.4375
    continuous variable-force pressing: n=80 acc=0.9250 err=6 tp=0 tn=74 fp=6 fn=0 pred_pos=0.0750
    constant-force pressing: n=48 acc=0.9167 err=4 tp=0 tn=44 fp=4 fn=0 pred_pos=0.0833
    rotational sliding: n=67 acc=0.9552 err=3 tp=64 tn=0 fp=0 fn=3 pred_pos=0.9552
    translational sliding: n=67 acc=1.0000 err=0 tp=67 tn=0 fp=0 fn=0 pred_pos=1.0000
    static no motion: n=16 acc=1.0000 err=0 tp=0 tn=16 fp=0 fn=0 pred_pos=0.0000
  [val/motion_type]
    non-slip: n=160 acc=0.8938 err=17 tp=0 tn=143 fp=17 fn=0 pred_pos=0.1062
    rotation: n=67 acc=0.9552 err=3 tp=64 tn=0 fp=0 fn=3 pred_pos=0.9552
    translation: n=67 acc=1.0000 err=0 tp=67 tn=0 fp=0 fn=0 pred_pos=1.0000
  [val/session]
    session_038: n=33 acc=0.7879 err=7 tp=15 tn=11 fp=5 fn=2 pred_pos=0.6061
    session_012: n=25 acc=0.7200 err=7 tp=9 tn=9 fp=7 fn=0 pred_pos=0.6400
    session_008: n=25 acc=0.8800 err=3 tp=9 tn=13 fp=3 fn=0 pred_pos=0.4800
    session_043: n=32 acc=0.9688 err=1 tp=16 tn=15 fp=1 fn=0 pred_pos=0.5312
    session_048: n=32 acc=0.9688 err=1 tp=15 tn=16 fp=0 fn=1 pred_pos=0.4688
    session_018: n=25 acc=0.9600 err=1 tp=9 tn=15 fp=1 fn=0 pred_pos=0.4000
    session_023: n=32 acc=1.0000 err=0 tp=16 tn=16 fp=0 fn=0 pred_pos=0.5000
    session_028: n=32 acc=1.0000 err=0 tp=16 tn=16 fp=0 fn=0 pred_pos=0.5000
    session_033: n=32 acc=1.0000 err=0 tp=16 tn=16 fp=0 fn=0 pred_pos=0.5000
    session_003: n=26 acc=1.0000 err=0 tp=10 tn=16 fp=0 fn=0 pred_pos=0.3846
  [val/material]
    plastic: n=101 acc=0.8911 err=11 tp=37 tn=53 fp=11 fn=0 pred_pos=0.4752
    soft foam earplug: n=65 acc=0.8923 err=7 tp=31 tn=27 fp=5 fn=2 pred_pos=0.5538
    USB cable: n=64 acc=0.9688 err=2 tp=31 tn=31 fp=1 fn=1 pred_pos=0.5000
    A4 paper: n=64 acc=1.0000 err=0 tp=32 tn=32 fp=0 fn=0 pred_pos=0.5000
[INFO] epoch 29/40 started augment=probabilistic-augment
  [train] batch 1/88 loss=0.0996 avg=0.0996 speed=0.25 batch/s
  [train] batch 20/88 loss=0.0416 avg=0.0366 speed=1.57 batch/s
  [train] batch 40/88 loss=0.0095 avg=0.0441 speed=1.84 batch/s
  [train] batch 60/88 loss=0.0036 avg=0.0383 speed=1.75 batch/s
  [train] batch 80/88 loss=0.0205 avg=0.0351 speed=1.89 batch/s
  [train] batch 88/88 loss=0.0536 avg=0.0336 speed=1.92 batch/s
[Epoch 029] loss=0.0336 window=8 val_acc=0.9626 balanced_acc=0.9614 smoothed_balanced_acc=0.9417 f1=0.9585 precision=0.9695 recall=0.9478 pred_pos=0.4456 mean_p=0.4525 mean_p_pos=0.9452 mean_p_neg=0.0399 tp=127 tn=156 fp=4 fn=7 lr=1.25e-04 time=53.6s
  [val/behavior]
    rotational sliding: n=67 acc=0.8955 err=7 tp=60 tn=0 fp=0 fn=7 pred_pos=0.8955
    constant-force pressing: n=48 acc=0.9583 err=2 tp=0 tn=46 fp=2 fn=0 pred_pos=0.0417
    continuous variable-force pressing: n=80 acc=0.9875 err=1 tp=0 tn=79 fp=1 fn=0 pred_pos=0.0125
    diagonal constant-force pressing: n=16 acc=0.9375 err=1 tp=0 tn=15 fp=1 fn=0 pred_pos=0.0625
    translational sliding: n=67 acc=1.0000 err=0 tp=67 tn=0 fp=0 fn=0 pred_pos=1.0000
    static no motion: n=16 acc=1.0000 err=0 tp=0 tn=16 fp=0 fn=0 pred_pos=0.0000
  [val/motion_type]
    rotation: n=67 acc=0.8955 err=7 tp=60 tn=0 fp=0 fn=7 pred_pos=0.8955
    non-slip: n=160 acc=0.9750 err=4 tp=0 tn=156 fp=4 fn=0 pred_pos=0.0250
    translation: n=67 acc=1.0000 err=0 tp=67 tn=0 fp=0 fn=0 pred_pos=1.0000
  [val/session]
    session_048: n=32 acc=0.8438 err=5 tp=11 tn=16 fp=0 fn=5 pred_pos=0.3438
    session_038: n=33 acc=0.9091 err=3 tp=15 tn=15 fp=1 fn=2 pred_pos=0.4848
    session_043: n=32 acc=0.9688 err=1 tp=16 tn=15 fp=1 fn=0 pred_pos=0.5312
    session_008: n=25 acc=0.9600 err=1 tp=9 tn=15 fp=1 fn=0 pred_pos=0.4000
    session_012: n=25 acc=0.9600 err=1 tp=9 tn=15 fp=1 fn=0 pred_pos=0.4000
    session_023: n=32 acc=1.0000 err=0 tp=16 tn=16 fp=0 fn=0 pred_pos=0.5000
    session_028: n=32 acc=1.0000 err=0 tp=16 tn=16 fp=0 fn=0 pred_pos=0.5000
    session_033: n=32 acc=1.0000 err=0 tp=16 tn=16 fp=0 fn=0 pred_pos=0.5000
    session_003: n=26 acc=1.0000 err=0 tp=10 tn=16 fp=0 fn=0 pred_pos=0.3846
    session_018: n=25 acc=1.0000 err=0 tp=9 tn=16 fp=0 fn=0 pred_pos=0.3600
  [val/material]
    USB cable: n=64 acc=0.9062 err=6 tp=27 tn=31 fp=1 fn=5 pred_pos=0.4375
    soft foam earplug: n=65 acc=0.9538 err=3 tp=31 tn=31 fp=1 fn=2 pred_pos=0.4923
    plastic: n=101 acc=0.9802 err=2 tp=37 tn=62 fp=2 fn=0 pred_pos=0.3861
    A4 paper: n=64 acc=1.0000 err=0 tp=32 tn=32 fp=0 fn=0 pred_pos=0.5000
[INFO] epoch 30/40 started augment=probabilistic-augment
  [train] batch 1/88 loss=0.0252 avg=0.0252 speed=0.25 batch/s
  [train] batch 20/88 loss=0.0042 avg=0.0394 speed=1.55 batch/s
  [train] batch 40/88 loss=0.0142 avg=0.0341 speed=1.88 batch/s
  [train] batch 60/88 loss=0.0143 avg=0.0368 speed=1.82 batch/s
  [train] batch 80/88 loss=0.0046 avg=0.0310 speed=1.91 batch/s
  [train] batch 88/88 loss=0.0010 avg=0.0297 speed=1.94 batch/s
[Epoch 030] loss=0.0297 window=8 val_acc=0.9694 balanced_acc=0.9694 smoothed_balanced_acc=0.9555 f1=0.9665 precision=0.9630 recall=0.9701 pred_pos=0.4592 mean_p=0.4569 mean_p_pos=0.9631 mean_p_neg=0.0330 tp=130 tn=155 fp=5 fn=4 lr=1.25e-04 time=53.0s
  [val/behavior]
    rotational sliding: n=67 acc=0.9403 err=4 tp=63 tn=0 fp=0 fn=4 pred_pos=0.9403
    continuous variable-force pressing: n=80 acc=0.9625 err=3 tp=0 tn=77 fp=3 fn=0 pred_pos=0.0375
    constant-force pressing: n=48 acc=0.9583 err=2 tp=0 tn=46 fp=2 fn=0 pred_pos=0.0417
    translational sliding: n=67 acc=1.0000 err=0 tp=67 tn=0 fp=0 fn=0 pred_pos=1.0000
    diagonal constant-force pressing: n=16 acc=1.0000 err=0 tp=0 tn=16 fp=0 fn=0 pred_pos=0.0000
    static no motion: n=16 acc=1.0000 err=0 tp=0 tn=16 fp=0 fn=0 pred_pos=0.0000
  [val/motion_type]
    non-slip: n=160 acc=0.9688 err=5 tp=0 tn=155 fp=5 fn=0 pred_pos=0.0312
    rotation: n=67 acc=0.9403 err=4 tp=63 tn=0 fp=0 fn=4 pred_pos=0.9403
    translation: n=67 acc=1.0000 err=0 tp=67 tn=0 fp=0 fn=0 pred_pos=1.0000
  [val/session]
    session_038: n=33 acc=0.8788 err=4 tp=16 tn=13 fp=3 fn=1 pred_pos=0.5758
    session_048: n=32 acc=0.9062 err=3 tp=13 tn=16 fp=0 fn=3 pred_pos=0.4062
    session_043: n=32 acc=0.9688 err=1 tp=16 tn=15 fp=1 fn=0 pred_pos=0.5312
    session_008: n=25 acc=0.9600 err=1 tp=9 tn=15 fp=1 fn=0 pred_pos=0.4000
    session_023: n=32 acc=1.0000 err=0 tp=16 tn=16 fp=0 fn=0 pred_pos=0.5000
    session_028: n=32 acc=1.0000 err=0 tp=16 tn=16 fp=0 fn=0 pred_pos=0.5000
    session_033: n=32 acc=1.0000 err=0 tp=16 tn=16 fp=0 fn=0 pred_pos=0.5000
    session_003: n=26 acc=1.0000 err=0 tp=10 tn=16 fp=0 fn=0 pred_pos=0.3846
    session_012: n=25 acc=1.0000 err=0 tp=9 tn=16 fp=0 fn=0 pred_pos=0.3600
    session_018: n=25 acc=1.0000 err=0 tp=9 tn=16 fp=0 fn=0 pred_pos=0.3600
  [val/material]
    soft foam earplug: n=65 acc=0.9385 err=4 tp=32 tn=29 fp=3 fn=1 pred_pos=0.5385
    USB cable: n=64 acc=0.9375 err=4 tp=29 tn=31 fp=1 fn=3 pred_pos=0.4688
    plastic: n=101 acc=0.9901 err=1 tp=37 tn=63 fp=1 fn=0 pred_pos=0.3762
    A4 paper: n=64 acc=1.0000 err=0 tp=32 tn=32 fp=0 fn=0 pred_pos=0.5000
[INFO] epoch 31/40 started augment=probabilistic-augment
  [train] batch 1/88 loss=0.0185 avg=0.0185 speed=0.26 batch/s
  [train] batch 20/88 loss=0.0813 avg=0.0373 speed=1.58 batch/s
  [train] batch 40/88 loss=0.0151 avg=0.0275 speed=1.92 batch/s
  [train] batch 60/88 loss=0.0082 avg=0.0240 speed=1.81 batch/s
  [train] batch 80/88 loss=0.0404 avg=0.0283 speed=1.92 batch/s
  [train] batch 88/88 loss=0.0008 avg=0.0283 speed=1.96 batch/s
[Epoch 031] loss=0.0283 window=8 val_acc=0.9592 balanced_acc=0.9589 smoothed_balanced_acc=0.9632 f1=0.9552 precision=0.9552 recall=0.9552 pred_pos=0.4558 mean_p=0.4627 mean_p_pos=0.9590 mean_p_neg=0.0469 tp=128 tn=154 fp=6 fn=6 lr=1.25e-04 time=52.6s
  [val/behavior]
    rotational sliding: n=67 acc=0.9104 err=6 tp=61 tn=0 fp=0 fn=6 pred_pos=0.9104
    continuous variable-force pressing: n=80 acc=0.9625 err=3 tp=0 tn=77 fp=3 fn=0 pred_pos=0.0375
    constant-force pressing: n=48 acc=0.9375 err=3 tp=0 tn=45 fp=3 fn=0 pred_pos=0.0625
    translational sliding: n=67 acc=1.0000 err=0 tp=67 tn=0 fp=0 fn=0 pred_pos=1.0000
    diagonal constant-force pressing: n=16 acc=1.0000 err=0 tp=0 tn=16 fp=0 fn=0 pred_pos=0.0000
    static no motion: n=16 acc=1.0000 err=0 tp=0 tn=16 fp=0 fn=0 pred_pos=0.0000
  [val/motion_type]
    non-slip: n=160 acc=0.9625 err=6 tp=0 tn=154 fp=6 fn=0 pred_pos=0.0375
    rotation: n=67 acc=0.9104 err=6 tp=61 tn=0 fp=0 fn=6 pred_pos=0.9104
    translation: n=67 acc=1.0000 err=0 tp=67 tn=0 fp=0 fn=0 pred_pos=1.0000
  [val/session]
    session_038: n=33 acc=0.8182 err=6 tp=14 tn=13 fp=3 fn=3 pred_pos=0.5152
    session_048: n=32 acc=0.9062 err=3 tp=13 tn=16 fp=0 fn=3 pred_pos=0.4062
    session_008: n=25 acc=0.9200 err=2 tp=9 tn=14 fp=2 fn=0 pred_pos=0.4400
    session_043: n=32 acc=0.9688 err=1 tp=16 tn=15 fp=1 fn=0 pred_pos=0.5312
    session_023: n=32 acc=1.0000 err=0 tp=16 tn=16 fp=0 fn=0 pred_pos=0.5000
    session_028: n=32 acc=1.0000 err=0 tp=16 tn=16 fp=0 fn=0 pred_pos=0.5000
    session_033: n=32 acc=1.0000 err=0 tp=16 tn=16 fp=0 fn=0 pred_pos=0.5000
    session_003: n=26 acc=1.0000 err=0 tp=10 tn=16 fp=0 fn=0 pred_pos=0.3846
    session_012: n=25 acc=1.0000 err=0 tp=9 tn=16 fp=0 fn=0 pred_pos=0.3600
    session_018: n=25 acc=1.0000 err=0 tp=9 tn=16 fp=0 fn=0 pred_pos=0.3600
  [val/material]
    soft foam earplug: n=65 acc=0.9077 err=6 tp=30 tn=29 fp=3 fn=3 pred_pos=0.5077
    USB cable: n=64 acc=0.9375 err=4 tp=29 tn=31 fp=1 fn=3 pred_pos=0.4688
    plastic: n=101 acc=0.9802 err=2 tp=37 tn=62 fp=2 fn=0 pred_pos=0.3861
    A4 paper: n=64 acc=1.0000 err=0 tp=32 tn=32 fp=0 fn=0 pred_pos=0.5000
[INFO] epoch 32/40 started augment=probabilistic-augment
  [train] batch 1/88 loss=0.0070 avg=0.0070 speed=0.27 batch/s
  [train] batch 20/88 loss=0.0130 avg=0.0109 speed=1.56 batch/s
  [train] batch 40/88 loss=0.0009 avg=0.0102 speed=1.91 batch/s
  [train] batch 60/88 loss=0.0015 avg=0.0155 speed=1.82 batch/s
  [train] batch 80/88 loss=0.0215 avg=0.0154 speed=1.94 batch/s
  [train] batch 88/88 loss=0.0009 avg=0.0152 speed=1.97 batch/s
[BEST] epoch=32 smoothed_balanced_acc=0.9655 saved
[Epoch 032] loss=0.0152 window=8 val_acc=0.9660 balanced_acc=0.9681 smoothed_balanced_acc=0.9655 f1=0.9638 precision=0.9366 recall=0.9925 pred_pos=0.4830 mean_p=0.4937 mean_p_pos=0.9830 mean_p_neg=0.0839 tp=133 tn=151 fp=9 fn=1 lr=1.25e-04 time=52.2s
  [val/behavior]
    continuous variable-force pressing: n=80 acc=0.9625 err=3 tp=0 tn=77 fp=3 fn=0 pred_pos=0.0375
    constant-force pressing: n=48 acc=0.9375 err=3 tp=0 tn=45 fp=3 fn=0 pred_pos=0.0625
    diagonal constant-force pressing: n=16 acc=0.8125 err=3 tp=0 tn=13 fp=3 fn=0 pred_pos=0.1875
    rotational sliding: n=67 acc=0.9851 err=1 tp=66 tn=0 fp=0 fn=1 pred_pos=0.9851
    translational sliding: n=67 acc=1.0000 err=0 tp=67 tn=0 fp=0 fn=0 pred_pos=1.0000
    static no motion: n=16 acc=1.0000 err=0 tp=0 tn=16 fp=0 fn=0 pred_pos=0.0000
  [val/motion_type]
    non-slip: n=160 acc=0.9437 err=9 tp=0 tn=151 fp=9 fn=0 pred_pos=0.0563
    rotation: n=67 acc=0.9851 err=1 tp=66 tn=0 fp=0 fn=1 pred_pos=0.9851
    translation: n=67 acc=1.0000 err=0 tp=67 tn=0 fp=0 fn=0 pred_pos=1.0000
  [val/session]
    session_038: n=33 acc=0.8788 err=4 tp=16 tn=13 fp=3 fn=1 pred_pos=0.5758
    session_012: n=25 acc=0.8800 err=3 tp=9 tn=13 fp=3 fn=0 pred_pos=0.4800
    session_008: n=25 acc=0.9200 err=2 tp=9 tn=14 fp=2 fn=0 pred_pos=0.4400
    session_043: n=32 acc=0.9688 err=1 tp=16 tn=15 fp=1 fn=0 pred_pos=0.5312
    session_023: n=32 acc=1.0000 err=0 tp=16 tn=16 fp=0 fn=0 pred_pos=0.5000
    session_028: n=32 acc=1.0000 err=0 tp=16 tn=16 fp=0 fn=0 pred_pos=0.5000
    session_033: n=32 acc=1.0000 err=0 tp=16 tn=16 fp=0 fn=0 pred_pos=0.5000
    session_048: n=32 acc=1.0000 err=0 tp=16 tn=16 fp=0 fn=0 pred_pos=0.5000
    session_003: n=26 acc=1.0000 err=0 tp=10 tn=16 fp=0 fn=0 pred_pos=0.3846
    session_018: n=25 acc=1.0000 err=0 tp=9 tn=16 fp=0 fn=0 pred_pos=0.3600
  [val/material]
    plastic: n=101 acc=0.9505 err=5 tp=37 tn=59 fp=5 fn=0 pred_pos=0.4158
    soft foam earplug: n=65 acc=0.9385 err=4 tp=32 tn=29 fp=3 fn=1 pred_pos=0.5385
    USB cable: n=64 acc=0.9844 err=1 tp=32 tn=31 fp=1 fn=0 pred_pos=0.5156
    A4 paper: n=64 acc=1.0000 err=0 tp=32 tn=32 fp=0 fn=0 pred_pos=0.5000
[INFO] epoch 33/40 started augment=probabilistic-augment
  [train] batch 1/88 loss=0.0046 avg=0.0046 speed=0.23 batch/s
  [train] batch 20/88 loss=0.0016 avg=0.0098 speed=1.57 batch/s
  [train] batch 40/88 loss=0.0038 avg=0.0104 speed=1.90 batch/s
  [train] batch 60/88 loss=0.1404 avg=0.0177 speed=1.82 batch/s
  [train] batch 80/88 loss=0.0015 avg=0.0172 speed=1.93 batch/s
  [train] batch 88/88 loss=0.0017 avg=0.0164 speed=1.97 batch/s
[Epoch 033] loss=0.0164 window=8 val_acc=0.9660 balanced_acc=0.9675 smoothed_balanced_acc=0.9648 f1=0.9635 precision=0.9429 recall=0.9851 pred_pos=0.4762 mean_p=0.4808 mean_p_pos=0.9830 mean_p_neg=0.0602 tp=132 tn=152 fp=8 fn=2 lr=1.25e-04 time=52.6s
  [val/behavior]
    continuous variable-force pressing: n=80 acc=0.9375 err=5 tp=0 tn=75 fp=5 fn=0 pred_pos=0.0625
    constant-force pressing: n=48 acc=0.9375 err=3 tp=0 tn=45 fp=3 fn=0 pred_pos=0.0625
    rotational sliding: n=67 acc=0.9701 err=2 tp=65 tn=0 fp=0 fn=2 pred_pos=0.9701
    translational sliding: n=67 acc=1.0000 err=0 tp=67 tn=0 fp=0 fn=0 pred_pos=1.0000
    diagonal constant-force pressing: n=16 acc=1.0000 err=0 tp=0 tn=16 fp=0 fn=0 pred_pos=0.0000
    static no motion: n=16 acc=1.0000 err=0 tp=0 tn=16 fp=0 fn=0 pred_pos=0.0000
  [val/motion_type]
    non-slip: n=160 acc=0.9500 err=8 tp=0 tn=152 fp=8 fn=0 pred_pos=0.0500
    rotation: n=67 acc=0.9701 err=2 tp=65 tn=0 fp=0 fn=2 pred_pos=0.9701
    translation: n=67 acc=1.0000 err=0 tp=67 tn=0 fp=0 fn=0 pred_pos=1.0000
  [val/session]
    session_038: n=33 acc=0.8182 err=6 tp=16 tn=11 fp=5 fn=1 pred_pos=0.6364
    session_008: n=25 acc=0.9200 err=2 tp=9 tn=14 fp=2 fn=0 pred_pos=0.4400
    session_043: n=32 acc=0.9688 err=1 tp=16 tn=15 fp=1 fn=0 pred_pos=0.5312
    session_048: n=32 acc=0.9688 err=1 tp=15 tn=16 fp=0 fn=1 pred_pos=0.4688
    session_023: n=32 acc=1.0000 err=0 tp=16 tn=16 fp=0 fn=0 pred_pos=0.5000
    session_028: n=32 acc=1.0000 err=0 tp=16 tn=16 fp=0 fn=0 pred_pos=0.5000
    session_033: n=32 acc=1.0000 err=0 tp=16 tn=16 fp=0 fn=0 pred_pos=0.5000
    session_003: n=26 acc=1.0000 err=0 tp=10 tn=16 fp=0 fn=0 pred_pos=0.3846
    session_012: n=25 acc=1.0000 err=0 tp=9 tn=16 fp=0 fn=0 pred_pos=0.3600
    session_018: n=25 acc=1.0000 err=0 tp=9 tn=16 fp=0 fn=0 pred_pos=0.3600
  [val/material]
    soft foam earplug: n=65 acc=0.9077 err=6 tp=32 tn=27 fp=5 fn=1 pred_pos=0.5692
    plastic: n=101 acc=0.9802 err=2 tp=37 tn=62 fp=2 fn=0 pred_pos=0.3861
    USB cable: n=64 acc=0.9688 err=2 tp=31 tn=31 fp=1 fn=1 pred_pos=0.5000
    A4 paper: n=64 acc=1.0000 err=0 tp=32 tn=32 fp=0 fn=0 pred_pos=0.5000
[INFO] epoch 34/40 started augment=probabilistic-augment
  [train] batch 1/88 loss=0.0056 avg=0.0056 speed=0.25 batch/s
  [train] batch 20/88 loss=0.0054 avg=0.0168 speed=1.60 batch/s
  [train] batch 40/88 loss=0.0466 avg=0.0273 speed=1.88 batch/s
  [train] batch 60/88 loss=0.0245 avg=0.0260 speed=1.82 batch/s
  [train] batch 80/88 loss=0.0020 avg=0.0218 speed=1.93 batch/s
  [train] batch 88/88 loss=0.0017 avg=0.0201 speed=1.96 batch/s
[Epoch 034] loss=0.0201 window=8 val_acc=0.9592 balanced_acc=0.9595 smoothed_balanced_acc=0.9650 f1=0.9556 precision=0.9485 recall=0.9627 pred_pos=0.4626 mean_p=0.4657 mean_p_pos=0.9667 mean_p_neg=0.0462 tp=129 tn=153 fp=7 fn=5 lr=1.25e-04 time=52.6s
  [val/behavior]
    continuous variable-force pressing: n=80 acc=0.9375 err=5 tp=0 tn=75 fp=5 fn=0 pred_pos=0.0625
    rotational sliding: n=67 acc=0.9254 err=5 tp=62 tn=0 fp=0 fn=5 pred_pos=0.9254
    constant-force pressing: n=48 acc=0.9583 err=2 tp=0 tn=46 fp=2 fn=0 pred_pos=0.0417
    translational sliding: n=67 acc=1.0000 err=0 tp=67 tn=0 fp=0 fn=0 pred_pos=1.0000
    diagonal constant-force pressing: n=16 acc=1.0000 err=0 tp=0 tn=16 fp=0 fn=0 pred_pos=0.0000
    static no motion: n=16 acc=1.0000 err=0 tp=0 tn=16 fp=0 fn=0 pred_pos=0.0000
  [val/motion_type]
    non-slip: n=160 acc=0.9563 err=7 tp=0 tn=153 fp=7 fn=0 pred_pos=0.0437
    rotation: n=67 acc=0.9254 err=5 tp=62 tn=0 fp=0 fn=5 pred_pos=0.9254
    translation: n=67 acc=1.0000 err=0 tp=67 tn=0 fp=0 fn=0 pred_pos=1.0000
  [val/session]
    session_038: n=33 acc=0.7879 err=7 tp=15 tn=11 fp=5 fn=2 pred_pos=0.6061
    session_048: n=32 acc=0.9062 err=3 tp=13 tn=16 fp=0 fn=3 pred_pos=0.4062
    session_043: n=32 acc=0.9688 err=1 tp=16 tn=15 fp=1 fn=0 pred_pos=0.5312
    session_008: n=25 acc=0.9600 err=1 tp=9 tn=15 fp=1 fn=0 pred_pos=0.4000
    session_023: n=32 acc=1.0000 err=0 tp=16 tn=16 fp=0 fn=0 pred_pos=0.5000
    session_028: n=32 acc=1.0000 err=0 tp=16 tn=16 fp=0 fn=0 pred_pos=0.5000
    session_033: n=32 acc=1.0000 err=0 tp=16 tn=16 fp=0 fn=0 pred_pos=0.5000
    session_003: n=26 acc=1.0000 err=0 tp=10 tn=16 fp=0 fn=0 pred_pos=0.3846
    session_012: n=25 acc=1.0000 err=0 tp=9 tn=16 fp=0 fn=0 pred_pos=0.3600
    session_018: n=25 acc=1.0000 err=0 tp=9 tn=16 fp=0 fn=0 pred_pos=0.3600
  [val/material]
    soft foam earplug: n=65 acc=0.8923 err=7 tp=31 tn=27 fp=5 fn=2 pred_pos=0.5538
    USB cable: n=64 acc=0.9375 err=4 tp=29 tn=31 fp=1 fn=3 pred_pos=0.4688
    plastic: n=101 acc=0.9901 err=1 tp=37 tn=63 fp=1 fn=0 pred_pos=0.3762
    A4 paper: n=64 acc=1.0000 err=0 tp=32 tn=32 fp=0 fn=0 pred_pos=0.5000
[INFO] epoch 35/40 started augment=probabilistic-augment
  [train] batch 1/88 loss=0.0009 avg=0.0009 speed=0.25 batch/s
  [train] batch 20/88 loss=0.0010 avg=0.0216 speed=1.54 batch/s
  [train] batch 40/88 loss=0.0303 avg=0.0151 speed=1.87 batch/s
  [train] batch 60/88 loss=0.0029 avg=0.0134 speed=1.78 batch/s
  [train] batch 80/88 loss=0.0097 avg=0.0160 speed=1.91 batch/s
  [train] batch 88/88 loss=0.0002 avg=0.0157 speed=1.94 batch/s
[Epoch 035] loss=0.0157 window=8 val_acc=0.9422 balanced_acc=0.9469 smoothed_balanced_acc=0.9580 f1=0.9404 precision=0.8874 recall=1.0000 pred_pos=0.5136 mean_p=0.5202 mean_p_pos=0.9960 mean_p_neg=0.1218 tp=134 tn=143 fp=17 fn=0 lr=1.25e-04 time=53.1s
  [val/behavior]
    continuous variable-force pressing: n=80 acc=0.9000 err=8 tp=0 tn=72 fp=8 fn=0 pred_pos=0.1000
    constant-force pressing: n=48 acc=0.8750 err=6 tp=0 tn=42 fp=6 fn=0 pred_pos=0.1250
    diagonal constant-force pressing: n=16 acc=0.8750 err=2 tp=0 tn=14 fp=2 fn=0 pred_pos=0.1250
    static no motion: n=16 acc=0.9375 err=1 tp=0 tn=15 fp=1 fn=0 pred_pos=0.0625
    translational sliding: n=67 acc=1.0000 err=0 tp=67 tn=0 fp=0 fn=0 pred_pos=1.0000
    rotational sliding: n=67 acc=1.0000 err=0 tp=67 tn=0 fp=0 fn=0 pred_pos=1.0000
  [val/motion_type]
    non-slip: n=160 acc=0.8938 err=17 tp=0 tn=143 fp=17 fn=0 pred_pos=0.1062
    translation: n=67 acc=1.0000 err=0 tp=67 tn=0 fp=0 fn=0 pred_pos=1.0000
    rotation: n=67 acc=1.0000 err=0 tp=67 tn=0 fp=0 fn=0 pred_pos=1.0000
  [val/session]
    session_038: n=33 acc=0.8485 err=5 tp=17 tn=11 fp=5 fn=0 pred_pos=0.6667
    session_008: n=25 acc=0.8400 err=4 tp=9 tn=12 fp=4 fn=0 pred_pos=0.5200
    session_018: n=25 acc=0.8800 err=3 tp=9 tn=13 fp=3 fn=0 pred_pos=0.4800
    session_012: n=25 acc=0.9200 err=2 tp=9 tn=14 fp=2 fn=0 pred_pos=0.4400
    session_023: n=32 acc=0.9688 err=1 tp=16 tn=15 fp=1 fn=0 pred_pos=0.5312
    session_033: n=32 acc=0.9688 err=1 tp=16 tn=15 fp=1 fn=0 pred_pos=0.5312
    session_043: n=32 acc=0.9688 err=1 tp=16 tn=15 fp=1 fn=0 pred_pos=0.5312
    session_028: n=32 acc=1.0000 err=0 tp=16 tn=16 fp=0 fn=0 pred_pos=0.5000
    session_048: n=32 acc=1.0000 err=0 tp=16 tn=16 fp=0 fn=0 pred_pos=0.5000
    session_003: n=26 acc=1.0000 err=0 tp=10 tn=16 fp=0 fn=0 pred_pos=0.3846
  [val/material]
    plastic: n=101 acc=0.9109 err=9 tp=37 tn=55 fp=9 fn=0 pred_pos=0.4554
    soft foam earplug: n=65 acc=0.9077 err=6 tp=33 tn=26 fp=6 fn=0 pred_pos=0.6000
    A4 paper: n=64 acc=0.9844 err=1 tp=32 tn=31 fp=1 fn=0 pred_pos=0.5156
    USB cable: n=64 acc=0.9844 err=1 tp=32 tn=31 fp=1 fn=0 pred_pos=0.5156
[INFO] epoch 36/40 started augment=probabilistic-augment
  [train] batch 1/88 loss=0.0033 avg=0.0033 speed=0.26 batch/s
  [train] batch 20/88 loss=0.0017 avg=0.0070 speed=1.65 batch/s
  [train] batch 40/88 loss=0.0008 avg=0.0169 speed=1.93 batch/s
  [train] batch 60/88 loss=0.0658 avg=0.0161 speed=1.84 batch/s
  [train] batch 80/88 loss=0.0059 avg=0.0181 speed=1.93 batch/s
  [train] batch 88/88 loss=0.0490 avg=0.0203 speed=1.96 batch/s
[Epoch 036] loss=0.0203 window=8 val_acc=0.9626 balanced_acc=0.9614 smoothed_balanced_acc=0.9559 f1=0.9585 precision=0.9695 recall=0.9478 pred_pos=0.4456 mean_p=0.4494 mean_p_pos=0.9487 mean_p_neg=0.0312 tp=127 tn=156 fp=4 fn=7 lr=6.25e-05 time=52.3s
  [val/behavior]
    rotational sliding: n=67 acc=0.8955 err=7 tp=60 tn=0 fp=0 fn=7 pred_pos=0.8955
    continuous variable-force pressing: n=80 acc=0.9750 err=2 tp=0 tn=78 fp=2 fn=0 pred_pos=0.0250
    constant-force pressing: n=48 acc=0.9583 err=2 tp=0 tn=46 fp=2 fn=0 pred_pos=0.0417
    translational sliding: n=67 acc=1.0000 err=0 tp=67 tn=0 fp=0 fn=0 pred_pos=1.0000
    diagonal constant-force pressing: n=16 acc=1.0000 err=0 tp=0 tn=16 fp=0 fn=0 pred_pos=0.0000
    static no motion: n=16 acc=1.0000 err=0 tp=0 tn=16 fp=0 fn=0 pred_pos=0.0000
  [val/motion_type]
    rotation: n=67 acc=0.8955 err=7 tp=60 tn=0 fp=0 fn=7 pred_pos=0.8955
    non-slip: n=160 acc=0.9750 err=4 tp=0 tn=156 fp=4 fn=0 pred_pos=0.0250
    translation: n=67 acc=1.0000 err=0 tp=67 tn=0 fp=0 fn=0 pred_pos=1.0000
  [val/session]
    session_038: n=33 acc=0.8182 err=6 tp=13 tn=14 fp=2 fn=4 pred_pos=0.4545
    session_048: n=32 acc=0.9062 err=3 tp=13 tn=16 fp=0 fn=3 pred_pos=0.4062
    session_043: n=32 acc=0.9688 err=1 tp=16 tn=15 fp=1 fn=0 pred_pos=0.5312
    session_008: n=25 acc=0.9600 err=1 tp=9 tn=15 fp=1 fn=0 pred_pos=0.4000
    session_023: n=32 acc=1.0000 err=0 tp=16 tn=16 fp=0 fn=0 pred_pos=0.5000
    session_028: n=32 acc=1.0000 err=0 tp=16 tn=16 fp=0 fn=0 pred_pos=0.5000
    session_033: n=32 acc=1.0000 err=0 tp=16 tn=16 fp=0 fn=0 pred_pos=0.5000
    session_003: n=26 acc=1.0000 err=0 tp=10 tn=16 fp=0 fn=0 pred_pos=0.3846
    session_012: n=25 acc=1.0000 err=0 tp=9 tn=16 fp=0 fn=0 pred_pos=0.3600
    session_018: n=25 acc=1.0000 err=0 tp=9 tn=16 fp=0 fn=0 pred_pos=0.3600
  [val/material]
    soft foam earplug: n=65 acc=0.9077 err=6 tp=29 tn=30 fp=2 fn=4 pred_pos=0.4769
    USB cable: n=64 acc=0.9375 err=4 tp=29 tn=31 fp=1 fn=3 pred_pos=0.4688
    plastic: n=101 acc=0.9901 err=1 tp=37 tn=63 fp=1 fn=0 pred_pos=0.3762
    A4 paper: n=64 acc=1.0000 err=0 tp=32 tn=32 fp=0 fn=0 pred_pos=0.5000
[INFO] epoch 37/40 started augment=probabilistic-augment
  [train] batch 1/88 loss=0.0005 avg=0.0005 speed=0.26 batch/s
  [train] batch 20/88 loss=0.0079 avg=0.0377 speed=1.63 batch/s
  [train] batch 40/88 loss=0.0022 avg=0.0224 speed=1.94 batch/s
  [train] batch 60/88 loss=0.0509 avg=0.0171 speed=1.83 batch/s
  [train] batch 80/88 loss=0.0393 avg=0.0217 speed=1.91 batch/s
  [train] batch 88/88 loss=0.0006 avg=0.0205 speed=1.94 batch/s
[Epoch 037] loss=0.0205 window=8 val_acc=0.9592 balanced_acc=0.9589 smoothed_balanced_acc=0.9557 f1=0.9552 precision=0.9552 recall=0.9552 pred_pos=0.4558 mean_p=0.4624 mean_p_pos=0.9645 mean_p_neg=0.0419 tp=128 tn=154 fp=6 fn=6 lr=6.25e-05 time=53.1s
  [val/behavior]
    rotational sliding: n=67 acc=0.9104 err=6 tp=61 tn=0 fp=0 fn=6 pred_pos=0.9104
    continuous variable-force pressing: n=80 acc=0.9500 err=4 tp=0 tn=76 fp=4 fn=0 pred_pos=0.0500
    constant-force pressing: n=48 acc=0.9583 err=2 tp=0 tn=46 fp=2 fn=0 pred_pos=0.0417
    translational sliding: n=67 acc=1.0000 err=0 tp=67 tn=0 fp=0 fn=0 pred_pos=1.0000
    diagonal constant-force pressing: n=16 acc=1.0000 err=0 tp=0 tn=16 fp=0 fn=0 pred_pos=0.0000
    static no motion: n=16 acc=1.0000 err=0 tp=0 tn=16 fp=0 fn=0 pred_pos=0.0000
  [val/motion_type]
    non-slip: n=160 acc=0.9625 err=6 tp=0 tn=154 fp=6 fn=0 pred_pos=0.0375
    rotation: n=67 acc=0.9104 err=6 tp=61 tn=0 fp=0 fn=6 pred_pos=0.9104
    translation: n=67 acc=1.0000 err=0 tp=67 tn=0 fp=0 fn=0 pred_pos=1.0000
  [val/session]
    session_038: n=33 acc=0.7879 err=7 tp=14 tn=12 fp=4 fn=3 pred_pos=0.5455
    session_048: n=32 acc=0.9062 err=3 tp=13 tn=16 fp=0 fn=3 pred_pos=0.4062
    session_043: n=32 acc=0.9688 err=1 tp=16 tn=15 fp=1 fn=0 pred_pos=0.5312
    session_008: n=25 acc=0.9600 err=1 tp=9 tn=15 fp=1 fn=0 pred_pos=0.4000
    session_023: n=32 acc=1.0000 err=0 tp=16 tn=16 fp=0 fn=0 pred_pos=0.5000
    session_028: n=32 acc=1.0000 err=0 tp=16 tn=16 fp=0 fn=0 pred_pos=0.5000
    session_033: n=32 acc=1.0000 err=0 tp=16 tn=16 fp=0 fn=0 pred_pos=0.5000
    session_003: n=26 acc=1.0000 err=0 tp=10 tn=16 fp=0 fn=0 pred_pos=0.3846
    session_012: n=25 acc=1.0000 err=0 tp=9 tn=16 fp=0 fn=0 pred_pos=0.3600
    session_018: n=25 acc=1.0000 err=0 tp=9 tn=16 fp=0 fn=0 pred_pos=0.3600
  [val/material]
    soft foam earplug: n=65 acc=0.8923 err=7 tp=30 tn=28 fp=4 fn=3 pred_pos=0.5231
    USB cable: n=64 acc=0.9375 err=4 tp=29 tn=31 fp=1 fn=3 pred_pos=0.4688
    plastic: n=101 acc=0.9901 err=1 tp=37 tn=63 fp=1 fn=0 pred_pos=0.3762
    A4 paper: n=64 acc=1.0000 err=0 tp=32 tn=32 fp=0 fn=0 pred_pos=0.5000
[INFO] epoch 38/40 started augment=probabilistic-augment
  [train] batch 1/88 loss=0.0011 avg=0.0011 speed=0.24 batch/s
  [train] batch 20/88 loss=0.0006 avg=0.0060 speed=1.61 batch/s
  [train] batch 40/88 loss=0.0121 avg=0.0118 speed=1.94 batch/s
  [train] batch 60/88 loss=0.0008 avg=0.0109 speed=1.85 batch/s
  [train] batch 80/88 loss=0.0031 avg=0.0098 speed=1.96 batch/s
  [train] batch 88/88 loss=0.0011 avg=0.0092 speed=1.99 batch/s
[Epoch 038] loss=0.0092 window=8 val_acc=0.9660 balanced_acc=0.9651 smoothed_balanced_acc=0.9618 f1=0.9624 precision=0.9697 recall=0.9552 pred_pos=0.4490 mean_p=0.4544 mean_p_pos=0.9557 mean_p_neg=0.0345 tp=128 tn=156 fp=4 fn=6 lr=6.25e-05 time=51.6s
  [val/behavior]
    rotational sliding: n=67 acc=0.9104 err=6 tp=61 tn=0 fp=0 fn=6 pred_pos=0.9104
    constant-force pressing: n=48 acc=0.9583 err=2 tp=0 tn=46 fp=2 fn=0 pred_pos=0.0417
    continuous variable-force pressing: n=80 acc=0.9875 err=1 tp=0 tn=79 fp=1 fn=0 pred_pos=0.0125
    diagonal constant-force pressing: n=16 acc=0.9375 err=1 tp=0 tn=15 fp=1 fn=0 pred_pos=0.0625
    translational sliding: n=67 acc=1.0000 err=0 tp=67 tn=0 fp=0 fn=0 pred_pos=1.0000
    static no motion: n=16 acc=1.0000 err=0 tp=0 tn=16 fp=0 fn=0 pred_pos=0.0000
  [val/motion_type]
    rotation: n=67 acc=0.9104 err=6 tp=61 tn=0 fp=0 fn=6 pred_pos=0.9104
    non-slip: n=160 acc=0.9750 err=4 tp=0 tn=156 fp=4 fn=0 pred_pos=0.0250
    translation: n=67 acc=1.0000 err=0 tp=67 tn=0 fp=0 fn=0 pred_pos=1.0000
  [val/session]
    session_038: n=33 acc=0.8788 err=4 tp=14 tn=15 fp=1 fn=3 pred_pos=0.4545
    session_048: n=32 acc=0.9062 err=3 tp=13 tn=16 fp=0 fn=3 pred_pos=0.4062
    session_043: n=32 acc=0.9688 err=1 tp=16 tn=15 fp=1 fn=0 pred_pos=0.5312
    session_008: n=25 acc=0.9600 err=1 tp=9 tn=15 fp=1 fn=0 pred_pos=0.4000
    session_012: n=25 acc=0.9600 err=1 tp=9 tn=15 fp=1 fn=0 pred_pos=0.4000
    session_023: n=32 acc=1.0000 err=0 tp=16 tn=16 fp=0 fn=0 pred_pos=0.5000
    session_028: n=32 acc=1.0000 err=0 tp=16 tn=16 fp=0 fn=0 pred_pos=0.5000
    session_033: n=32 acc=1.0000 err=0 tp=16 tn=16 fp=0 fn=0 pred_pos=0.5000
    session_003: n=26 acc=1.0000 err=0 tp=10 tn=16 fp=0 fn=0 pred_pos=0.3846
    session_018: n=25 acc=1.0000 err=0 tp=9 tn=16 fp=0 fn=0 pred_pos=0.3600
  [val/material]
    soft foam earplug: n=65 acc=0.9385 err=4 tp=30 tn=31 fp=1 fn=3 pred_pos=0.4769
    USB cable: n=64 acc=0.9375 err=4 tp=29 tn=31 fp=1 fn=3 pred_pos=0.4688
    plastic: n=101 acc=0.9802 err=2 tp=37 tn=62 fp=2 fn=0 pred_pos=0.3861
    A4 paper: n=64 acc=1.0000 err=0 tp=32 tn=32 fp=0 fn=0 pred_pos=0.5000
[INFO] epoch 39/40 started augment=probabilistic-augment
  [train] batch 1/88 loss=0.0008 avg=0.0008 speed=0.26 batch/s
  [train] batch 20/88 loss=0.0007 avg=0.0210 speed=1.59 batch/s
  [train] batch 40/88 loss=0.0653 avg=0.0182 speed=1.90 batch/s
  [train] batch 60/88 loss=0.0003 avg=0.0141 speed=1.80 batch/s
  [train] batch 80/88 loss=0.0004 avg=0.0143 speed=1.92 batch/s
  [train] batch 88/88 loss=0.0984 avg=0.0149 speed=1.96 batch/s
[Epoch 039] loss=0.0149 window=8 val_acc=0.9694 balanced_acc=0.9688 smoothed_balanced_acc=0.9643 f1=0.9663 precision=0.9699 recall=0.9627 pred_pos=0.4524 mean_p=0.4559 mean_p_pos=0.9606 mean_p_neg=0.0332 tp=129 tn=156 fp=4 fn=5 lr=6.25e-05 time=52.5s
  [val/behavior]
    rotational sliding: n=67 acc=0.9254 err=5 tp=62 tn=0 fp=0 fn=5 pred_pos=0.9254
    continuous variable-force pressing: n=80 acc=0.9750 err=2 tp=0 tn=78 fp=2 fn=0 pred_pos=0.0250
    constant-force pressing: n=48 acc=0.9583 err=2 tp=0 tn=46 fp=2 fn=0 pred_pos=0.0417
    translational sliding: n=67 acc=1.0000 err=0 tp=67 tn=0 fp=0 fn=0 pred_pos=1.0000
    diagonal constant-force pressing: n=16 acc=1.0000 err=0 tp=0 tn=16 fp=0 fn=0 pred_pos=0.0000
    static no motion: n=16 acc=1.0000 err=0 tp=0 tn=16 fp=0 fn=0 pred_pos=0.0000
  [val/motion_type]
    rotation: n=67 acc=0.9254 err=5 tp=62 tn=0 fp=0 fn=5 pred_pos=0.9254
    non-slip: n=160 acc=0.9750 err=4 tp=0 tn=156 fp=4 fn=0 pred_pos=0.0250
    translation: n=67 acc=1.0000 err=0 tp=67 tn=0 fp=0 fn=0 pred_pos=1.0000
  [val/session]
    session_038: n=33 acc=0.8788 err=4 tp=15 tn=14 fp=2 fn=2 pred_pos=0.5152
    session_048: n=32 acc=0.9062 err=3 tp=13 tn=16 fp=0 fn=3 pred_pos=0.4062
    session_043: n=32 acc=0.9688 err=1 tp=16 tn=15 fp=1 fn=0 pred_pos=0.5312
    session_008: n=25 acc=0.9600 err=1 tp=9 tn=15 fp=1 fn=0 pred_pos=0.4000
    session_023: n=32 acc=1.0000 err=0 tp=16 tn=16 fp=0 fn=0 pred_pos=0.5000
    session_028: n=32 acc=1.0000 err=0 tp=16 tn=16 fp=0 fn=0 pred_pos=0.5000
    session_033: n=32 acc=1.0000 err=0 tp=16 tn=16 fp=0 fn=0 pred_pos=0.5000
    session_003: n=26 acc=1.0000 err=0 tp=10 tn=16 fp=0 fn=0 pred_pos=0.3846
    session_012: n=25 acc=1.0000 err=0 tp=9 tn=16 fp=0 fn=0 pred_pos=0.3600
    session_018: n=25 acc=1.0000 err=0 tp=9 tn=16 fp=0 fn=0 pred_pos=0.3600
  [val/material]
    soft foam earplug: n=65 acc=0.9385 err=4 tp=31 tn=30 fp=2 fn=2 pred_pos=0.5077
    USB cable: n=64 acc=0.9375 err=4 tp=29 tn=31 fp=1 fn=3 pred_pos=0.4688
    plastic: n=101 acc=0.9901 err=1 tp=37 tn=63 fp=1 fn=0 pred_pos=0.3762
    A4 paper: n=64 acc=1.0000 err=0 tp=32 tn=32 fp=0 fn=0 pred_pos=0.5000
[INFO] epoch 40/40 started augment=probabilistic-augment
  [train] batch 1/88 loss=0.0014 avg=0.0014 speed=0.25 batch/s
  [train] batch 20/88 loss=0.0018 avg=0.0134 speed=1.58 batch/s
  [train] batch 40/88 loss=0.0018 avg=0.0134 speed=1.93 batch/s
  [train] batch 60/88 loss=0.0004 avg=0.0100 speed=1.83 batch/s
  [train] batch 80/88 loss=0.0013 avg=0.0105 speed=1.93 batch/s
  [train] batch 88/88 loss=0.0040 avg=0.0108 speed=1.97 batch/s
[Epoch 040] loss=0.0108 window=8 val_acc=0.9626 balanced_acc=0.9608 smoothed_balanced_acc=0.9649 f1=0.9582 precision=0.9767 recall=0.9403 pred_pos=0.4388 mean_p=0.4437 mean_p_pos=0.9455 mean_p_neg=0.0235 tp=126 tn=157 fp=3 fn=8 lr=3.13e-05 time=52.5s
  [val/behavior]
    rotational sliding: n=67 acc=0.8806 err=8 tp=59 tn=0 fp=0 fn=8 pred_pos=0.8806
    constant-force pressing: n=48 acc=0.9583 err=2 tp=0 tn=46 fp=2 fn=0 pred_pos=0.0417
    continuous variable-force pressing: n=80 acc=0.9875 err=1 tp=0 tn=79 fp=1 fn=0 pred_pos=0.0125
    translational sliding: n=67 acc=1.0000 err=0 tp=67 tn=0 fp=0 fn=0 pred_pos=1.0000
    diagonal constant-force pressing: n=16 acc=1.0000 err=0 tp=0 tn=16 fp=0 fn=0 pred_pos=0.0000
    static no motion: n=16 acc=1.0000 err=0 tp=0 tn=16 fp=0 fn=0 pred_pos=0.0000
  [val/motion_type]
    rotation: n=67 acc=0.8806 err=8 tp=59 tn=0 fp=0 fn=8 pred_pos=0.8806
    non-slip: n=160 acc=0.9812 err=3 tp=0 tn=157 fp=3 fn=0 pred_pos=0.0187
    translation: n=67 acc=1.0000 err=0 tp=67 tn=0 fp=0 fn=0 pred_pos=1.0000
  [val/session]
    session_048: n=32 acc=0.8438 err=5 tp=11 tn=16 fp=0 fn=5 pred_pos=0.3438
    session_038: n=33 acc=0.8788 err=4 tp=14 tn=15 fp=1 fn=3 pred_pos=0.4545
    session_043: n=32 acc=0.9688 err=1 tp=16 tn=15 fp=1 fn=0 pred_pos=0.5312
    session_008: n=25 acc=0.9600 err=1 tp=9 tn=15 fp=1 fn=0 pred_pos=0.4000
    session_023: n=32 acc=1.0000 err=0 tp=16 tn=16 fp=0 fn=0 pred_pos=0.5000
    session_028: n=32 acc=1.0000 err=0 tp=16 tn=16 fp=0 fn=0 pred_pos=0.5000
    session_033: n=32 acc=1.0000 err=0 tp=16 tn=16 fp=0 fn=0 pred_pos=0.5000
    session_003: n=26 acc=1.0000 err=0 tp=10 tn=16 fp=0 fn=0 pred_pos=0.3846
    session_012: n=25 acc=1.0000 err=0 tp=9 tn=16 fp=0 fn=0 pred_pos=0.3600
    session_018: n=25 acc=1.0000 err=0 tp=9 tn=16 fp=0 fn=0 pred_pos=0.3600
  [val/material]
    USB cable: n=64 acc=0.9062 err=6 tp=27 tn=31 fp=1 fn=5 pred_pos=0.4375
    soft foam earplug: n=65 acc=0.9385 err=4 tp=30 tn=31 fp=1 fn=3 pred_pos=0.4769
    plastic: n=101 acc=0.9901 err=1 tp=37 tn=63 fp=1 fn=0 pred_pos=0.3762
    A4 paper: n=64 acc=1.0000 err=0 tp=32 tn=32 fp=0 fn=0 pred_pos=0.5000
