[INFO] device=cuda
[INFO] loading train dataset: data/raw_cnn/cv_multi_material_augdiag_59/fold_00_train.csv
[INFO] train samples=2415 window=8 input_mode=refdiff norm=instance architecture=stacked temporal_agg=meanmax size=320x180 augment_translate=True (+/-8%, prob=0.50, warmup=3 epoch(s))
[INFO] loading val dataset: data/raw_cnn/cv_multi_material_augdiag_59/fold_00_val.csv
[INFO] val samples=677
[INFO] epoch 1/40 started augment=warmup-no-augment
  [train] batch 1/76 loss=0.6963 avg=0.6963 speed=0.11 batch/s
  [train] batch 20/76 loss=0.6928 avg=0.6930 speed=0.94 batch/s
  [train] batch 40/76 loss=0.6723 avg=0.6888 speed=1.16 batch/s
  [train] batch 60/76 loss=0.6461 avg=0.6821 speed=1.13 batch/s
  [train] batch 76/76 loss=0.6802 avg=0.6724 speed=1.26 batch/s
[BEST] epoch=1 smoothed_balanced_acc=0.6239 saved
[Epoch 001] loss=0.6724 window=8 val_acc=0.6233 balanced_acc=0.6239 smoothed_balanced_acc=0.6239 f1=0.7219 precision=0.5717 recall=0.9793 pred_pos=0.8552 mean_p=0.5878 mean_p_pos=0.6359 mean_p_neg=0.5398 tp=331 tn=91 fp=248 fn=7 lr=5.00e-04 time=157.2s
  [val/behavior]
    continuous variable-force pressing: n=139 acc=0.2950 err=98 tp=0 tn=41 fp=98 fn=0 pred_pos=0.7050
    diagonal constant-force pressing: n=62 acc=0.0323 err=60 tp=0 tn=2 fp=60 fn=0 pred_pos=0.9677
    constant-force pressing: n=83 acc=0.5422 err=38 tp=0 tn=45 fp=38 fn=0 pred_pos=0.4578
    diagonal changing-force pressing: n=27 acc=0.0000 err=27 tp=0 tn=0 fp=27 fn=0 pred_pos=1.0000
    static no motion: n=28 acc=0.1071 err=25 tp=0 tn=3 fp=25 fn=0 pred_pos=0.8929
    rotational sliding: n=136 acc=0.9485 err=7 tp=129 tn=0 fp=0 fn=7 pred_pos=0.9485
    translational sliding: n=136 acc=1.0000 err=0 tp=136 tn=0 fp=0 fn=0 pred_pos=1.0000
    diagonal rotational sliding: n=33 acc=1.0000 err=0 tp=33 tn=0 fp=0 fn=0 pred_pos=1.0000
    diagonal translational sliding: n=33 acc=1.0000 err=0 tp=33 tn=0 fp=0 fn=0 pred_pos=1.0000
  [val/motion_type]
    non-slip: n=339 acc=0.2684 err=248 tp=0 tn=91 fp=248 fn=0 pred_pos=0.7316
    rotation: n=169 acc=0.9586 err=7 tp=162 tn=0 fp=0 fn=7 pred_pos=0.9586
    translation: n=169 acc=1.0000 err=0 tp=169 tn=0 fp=0 fn=0 pred_pos=1.0000
  [val/session]
    session_011: n=49 acc=0.3469 err=32 tp=17 tn=0 fp=30 fn=2 pred_pos=0.9592
    session_046: n=60 acc=0.4833 err=31 tp=29 tn=0 fp=27 fn=4 pred_pos=0.9333
    session_052: n=65 acc=0.5385 err=30 tp=33 tn=2 fp=30 fn=0 pred_pos=0.9692
    session_041: n=61 acc=0.5410 err=28 tp=33 tn=0 fp=28 fn=0 pred_pos=1.0000
    session_057: n=60 acc=0.5500 err=27 tp=33 tn=0 fp=27 fn=0 pred_pos=1.0000
    session_021: n=61 acc=0.5902 err=25 tp=33 tn=3 fp=25 fn=0 pred_pos=0.9508
    session_026: n=60 acc=0.6000 err=24 tp=32 tn=4 fp=24 fn=0 pred_pos=0.9333
    session_036: n=61 acc=0.6885 err=19 tp=33 tn=9 fp=19 fn=0 pred_pos=0.8525
    session_016: n=47 acc=0.6383 err=17 tp=18 tn=12 fp=16 fn=1 pred_pos=0.7234
    session_001: n=47 acc=0.7447 err=12 tp=19 tn=16 fp=12 fn=0 pred_pos=0.6596
    session_031: n=57 acc=0.8246 err=10 tp=31 tn=16 fp=10 fn=0 pred_pos=0.7193
    session_006: n=49 acc=1.0000 err=0 tp=20 tn=29 fp=0 fn=0 pred_pos=0.4082
  [val/material]
    plastic: n=317 acc=0.6278 err=118 tp=140 tn=59 fp=115 fn=3 pred_pos=0.8044
    USB cable: n=121 acc=0.5124 err=59 tp=62 tn=0 fp=55 fn=4 pred_pos=0.9669
    A4 paper: n=121 acc=0.5950 err=49 tp=65 tn=7 fp=49 fn=0 pred_pos=0.9421
    soft foam earplug: n=118 acc=0.7542 err=29 tp=64 tn=25 fp=29 fn=0 pred_pos=0.7881
[INFO] epoch 2/40 started augment=warmup-no-augment
  [train] batch 1/76 loss=0.6472 avg=0.6472 speed=0.17 batch/s
  [train] batch 20/76 loss=0.5018 avg=0.5723 speed=1.06 batch/s
  [train] batch 40/76 loss=0.4069 avg=0.5475 speed=1.37 batch/s
  [train] batch 60/76 loss=0.4046 avg=0.5205 speed=1.46 batch/s
  [train] batch 76/76 loss=0.3105 avg=0.5035 speed=1.62 batch/s
[BEST] epoch=2 smoothed_balanced_acc=0.6828 saved
[Epoch 002] loss=0.5035 window=8 val_acc=0.7415 balanced_acc=0.7418 smoothed_balanced_acc=0.6828 f1=0.7799 precision=0.6783 recall=0.9172 pred_pos=0.6750 mean_p=0.6492 mean_p_pos=0.8261 mean_p_neg=0.4728 tp=310 tn=192 fp=147 fn=28 lr=5.00e-04 time=86.5s
  [val/behavior]
    diagonal constant-force pressing: n=62 acc=0.0000 err=62 tp=0 tn=0 fp=62 fn=0 pred_pos=1.0000
    continuous variable-force pressing: n=139 acc=0.6331 err=51 tp=0 tn=88 fp=51 fn=0 pred_pos=0.3669
    diagonal changing-force pressing: n=27 acc=0.0000 err=27 tp=0 tn=0 fp=27 fn=0 pred_pos=1.0000
    rotational sliding: n=136 acc=0.8162 err=25 tp=111 tn=0 fp=0 fn=25 pred_pos=0.8162
    constant-force pressing: n=83 acc=0.9157 err=7 tp=0 tn=76 fp=7 fn=0 pred_pos=0.0843
    diagonal translational sliding: n=33 acc=0.9091 err=3 tp=30 tn=0 fp=0 fn=3 pred_pos=0.9091
    translational sliding: n=136 acc=1.0000 err=0 tp=136 tn=0 fp=0 fn=0 pred_pos=1.0000
    diagonal rotational sliding: n=33 acc=1.0000 err=0 tp=33 tn=0 fp=0 fn=0 pred_pos=1.0000
    static no motion: n=28 acc=1.0000 err=0 tp=0 tn=28 fp=0 fn=0 pred_pos=0.0000
  [val/motion_type]
    non-slip: n=339 acc=0.5664 err=147 tp=0 tn=192 fp=147 fn=0 pred_pos=0.4336
    rotation: n=169 acc=0.8521 err=25 tp=144 tn=0 fp=0 fn=25 pred_pos=0.8521
    translation: n=169 acc=0.9822 err=3 tp=166 tn=0 fp=0 fn=3 pred_pos=0.9822
  [val/session]
    session_011: n=49 acc=0.2245 err=38 tp=11 tn=0 fp=30 fn=8 pred_pos=0.8367
    session_052: n=65 acc=0.4615 err=35 tp=30 tn=0 fp=32 fn=3 pred_pos=0.9538
    session_057: n=60 acc=0.5500 err=27 tp=33 tn=0 fp=27 fn=0 pred_pos=1.0000
    session_026: n=60 acc=0.5833 err=25 tp=32 tn=3 fp=25 fn=0 pred_pos=0.9500
    session_046: n=60 acc=0.6667 err=20 tp=23 tn=17 fp=10 fn=10 pred_pos=0.5500
    session_036: n=61 acc=0.7705 err=14 tp=33 tn=14 fp=14 fn=0 pred_pos=0.7705
    session_031: n=57 acc=0.8772 err=7 tp=31 tn=19 fp=7 fn=0 pred_pos=0.6667
    session_016: n=47 acc=0.8511 err=7 tp=12 tn=28 fp=0 fn=7 pred_pos=0.2553
    session_001: n=47 acc=0.9574 err=2 tp=19 tn=26 fp=2 fn=0 pred_pos=0.4468
    session_041: n=61 acc=1.0000 err=0 tp=33 tn=28 fp=0 fn=0 pred_pos=0.5410
    session_021: n=61 acc=1.0000 err=0 tp=33 tn=28 fp=0 fn=0 pred_pos=0.5410
    session_006: n=49 acc=1.0000 err=0 tp=20 tn=29 fp=0 fn=0 pred_pos=0.4082
  [val/material]
    plastic: n=317 acc=0.6562 err=109 tp=125 tn=83 fp=91 fn=18 pred_pos=0.6814
    A4 paper: n=121 acc=0.7934 err=25 tp=65 tn=31 fp=25 fn=0 pred_pos=0.7438
    soft foam earplug: n=118 acc=0.8220 err=21 tp=64 tn=33 fp=21 fn=0 pred_pos=0.7203
    USB cable: n=121 acc=0.8347 err=20 tp=56 tn=45 fp=10 fn=10 pred_pos=0.5455
[INFO] epoch 3/40 started augment=warmup-no-augment
  [train] batch 1/76 loss=0.4748 avg=0.4748 speed=0.25 batch/s
  [train] batch 20/76 loss=0.3532 avg=0.4265 speed=1.77 batch/s
  [train] batch 40/76 loss=0.1894 avg=0.3952 speed=1.49 batch/s
  [train] batch 60/76 loss=0.5961 avg=0.3808 speed=1.65 batch/s
  [train] batch 76/76 loss=0.1421 avg=0.3998 speed=1.73 batch/s
[BEST] epoch=3 smoothed_balanced_acc=0.7241 saved
[Epoch 003] loss=0.3998 window=8 val_acc=0.8065 balanced_acc=0.8066 smoothed_balanced_acc=0.7241 f1=0.8227 precision=0.7581 recall=0.8994 pred_pos=0.5923 mean_p=0.5880 mean_p_pos=0.8422 mean_p_neg=0.3345 tp=304 tn=242 fp=97 fn=34 lr=5.00e-04 time=59.7s
  [val/behavior]
    continuous variable-force pressing: n=139 acc=0.7122 err=40 tp=0 tn=99 fp=40 fn=0 pred_pos=0.2878
    diagonal constant-force pressing: n=62 acc=0.5161 err=30 tp=0 tn=32 fp=30 fn=0 pred_pos=0.4839
    rotational sliding: n=136 acc=0.7941 err=28 tp=108 tn=0 fp=0 fn=28 pred_pos=0.7941
    diagonal changing-force pressing: n=27 acc=0.0000 err=27 tp=0 tn=0 fp=27 fn=0 pred_pos=1.0000
    diagonal translational sliding: n=33 acc=0.8788 err=4 tp=29 tn=0 fp=0 fn=4 pred_pos=0.8788
    diagonal rotational sliding: n=33 acc=0.9394 err=2 tp=31 tn=0 fp=0 fn=2 pred_pos=0.9394
    translational sliding: n=136 acc=1.0000 err=0 tp=136 tn=0 fp=0 fn=0 pred_pos=1.0000
    constant-force pressing: n=83 acc=1.0000 err=0 tp=0 tn=83 fp=0 fn=0 pred_pos=0.0000
    static no motion: n=28 acc=1.0000 err=0 tp=0 tn=28 fp=0 fn=0 pred_pos=0.0000
  [val/motion_type]
    non-slip: n=339 acc=0.7139 err=97 tp=0 tn=242 fp=97 fn=0 pred_pos=0.2861
    rotation: n=169 acc=0.8225 err=30 tp=139 tn=0 fp=0 fn=30 pred_pos=0.8225
    translation: n=169 acc=0.9763 err=4 tp=165 tn=0 fp=0 fn=4 pred_pos=0.9763
  [val/session]
    session_011: n=49 acc=0.1020 err=44 tp=5 tn=0 fp=30 fn=14 pred_pos=0.7143
    session_057: n=60 acc=0.5167 err=29 tp=31 tn=0 fp=27 fn=2 pred_pos=0.9667
    session_026: n=60 acc=0.6667 err=20 tp=32 tn=8 fp=20 fn=0 pred_pos=0.8667
    session_036: n=61 acc=0.7869 err=13 tp=33 tn=15 fp=13 fn=0 pred_pos=0.7541
    session_046: n=60 acc=0.7833 err=13 tp=27 tn=20 fp=7 fn=6 pred_pos=0.5667
    session_016: n=47 acc=0.8298 err=8 tp=11 tn=28 fp=0 fn=8 pred_pos=0.2340
    session_052: n=65 acc=0.9385 err=4 tp=29 tn=32 fp=0 fn=4 pred_pos=0.4462
    session_041: n=61 acc=1.0000 err=0 tp=33 tn=28 fp=0 fn=0 pred_pos=0.5410
    session_021: n=61 acc=1.0000 err=0 tp=33 tn=28 fp=0 fn=0 pred_pos=0.5410
    session_031: n=57 acc=1.0000 err=0 tp=31 tn=26 fp=0 fn=0 pred_pos=0.5439
    session_006: n=49 acc=1.0000 err=0 tp=20 tn=29 fp=0 fn=0 pred_pos=0.4082
    session_001: n=47 acc=1.0000 err=0 tp=19 tn=28 fp=0 fn=0 pred_pos=0.4043
  [val/material]
    plastic: n=317 acc=0.7319 err=85 tp=115 tn=117 fp=57 fn=28 pred_pos=0.5426
    A4 paper: n=121 acc=0.8347 err=20 tp=65 tn=36 fp=20 fn=0 pred_pos=0.7025
    USB cable: n=121 acc=0.8926 err=13 tp=60 tn=48 fp=7 fn=6 pred_pos=0.5537
    soft foam earplug: n=118 acc=0.8898 err=13 tp=64 tn=41 fp=13 fn=0 pred_pos=0.6525
[INFO] epoch 4/40 started augment=probabilistic-augment
  [train] batch 1/76 loss=0.6739 avg=0.6739 speed=0.01 batch/s
  [train] batch 20/76 loss=0.4928 avg=0.5027 speed=0.17 batch/s
  [train] batch 40/76 loss=0.4306 avg=0.4479 speed=0.30 batch/s
  [train] batch 60/76 loss=0.3110 avg=0.4234 speed=0.39 batch/s
  [train] batch 76/76 loss=0.4370 avg=0.4129 speed=0.47 batch/s
[BEST] epoch=4 smoothed_balanced_acc=0.7845 saved
[Epoch 004] loss=0.4129 window=8 val_acc=0.8050 balanced_acc=0.8051 smoothed_balanced_acc=0.7845 f1=0.8103 precision=0.7877 recall=0.8343 pred_pos=0.5288 mean_p=0.5168 mean_p_pos=0.8029 mean_p_neg=0.2316 tp=282 tn=263 fp=76 fn=56 lr=5.00e-04 time=192.8s
  [val/behavior]
    rotational sliding: n=136 acc=0.7500 err=34 tp=102 tn=0 fp=0 fn=34 pred_pos=0.7500
    diagonal constant-force pressing: n=62 acc=0.5161 err=30 tp=0 tn=32 fp=30 fn=0 pred_pos=0.4839
    continuous variable-force pressing: n=139 acc=0.8345 err=23 tp=0 tn=116 fp=23 fn=0 pred_pos=0.1655
    diagonal changing-force pressing: n=27 acc=0.1481 err=23 tp=0 tn=4 fp=23 fn=0 pred_pos=0.8519
    diagonal translational sliding: n=33 acc=0.6667 err=11 tp=22 tn=0 fp=0 fn=11 pred_pos=0.6667
    diagonal rotational sliding: n=33 acc=0.7576 err=8 tp=25 tn=0 fp=0 fn=8 pred_pos=0.7576
    translational sliding: n=136 acc=0.9779 err=3 tp=133 tn=0 fp=0 fn=3 pred_pos=0.9779
    constant-force pressing: n=83 acc=1.0000 err=0 tp=0 tn=83 fp=0 fn=0 pred_pos=0.0000
    static no motion: n=28 acc=1.0000 err=0 tp=0 tn=28 fp=0 fn=0 pred_pos=0.0000
  [val/motion_type]
    non-slip: n=339 acc=0.7758 err=76 tp=0 tn=263 fp=76 fn=0 pred_pos=0.2242
    rotation: n=169 acc=0.7515 err=42 tp=127 tn=0 fp=0 fn=42 pred_pos=0.7515
    translation: n=169 acc=0.9172 err=14 tp=155 tn=0 fp=0 fn=14 pred_pos=0.9172
  [val/session]
    session_011: n=49 acc=0.1837 err=40 tp=9 tn=0 fp=30 fn=10 pred_pos=0.7959
    session_057: n=60 acc=0.4833 err=31 tp=25 tn=4 fp=23 fn=8 pred_pos=0.8000
    session_046: n=60 acc=0.7167 err=17 tp=18 tn=25 fp=2 fn=15 pred_pos=0.3333
    session_026: n=60 acc=0.7333 err=16 tp=32 tn=12 fp=16 fn=0 pred_pos=0.8000
    session_052: n=65 acc=0.8308 err=11 tp=22 tn=32 fp=0 fn=11 pred_pos=0.3385
    session_016: n=47 acc=0.8298 err=8 tp=11 tn=28 fp=0 fn=8 pred_pos=0.2340
    session_036: n=61 acc=0.9016 err=6 tp=32 tn=23 fp=5 fn=1 pred_pos=0.6066
    session_006: n=49 acc=0.9592 err=2 tp=18 tn=29 fp=0 fn=2 pred_pos=0.3673
    session_021: n=61 acc=0.9836 err=1 tp=32 tn=28 fp=0 fn=1 pred_pos=0.5246
    session_041: n=61 acc=1.0000 err=0 tp=33 tn=28 fp=0 fn=0 pred_pos=0.5410
    session_031: n=57 acc=1.0000 err=0 tp=31 tn=26 fp=0 fn=0 pred_pos=0.5439
    session_001: n=47 acc=1.0000 err=0 tp=19 tn=28 fp=0 fn=0 pred_pos=0.4043
  [val/material]
    plastic: n=317 acc=0.7098 err=92 tp=104 tn=121 fp=53 fn=39 pred_pos=0.4953
    USB cable: n=121 acc=0.8595 err=17 tp=51 tn=53 fp=2 fn=15 pred_pos=0.4380
    A4 paper: n=121 acc=0.8595 err=17 tp=64 tn=40 fp=16 fn=1 pred_pos=0.6612
    soft foam earplug: n=118 acc=0.9492 err=6 tp=63 tn=49 fp=5 fn=1 pred_pos=0.5763
[INFO] epoch 5/40 started augment=probabilistic-augment
  [train] batch 1/76 loss=0.3687 avg=0.3687 speed=0.18 batch/s
  [train] batch 20/76 loss=0.3426 avg=0.3232 speed=1.47 batch/s
  [train] batch 40/76 loss=0.5251 avg=0.3405 speed=1.38 batch/s
  [train] batch 60/76 loss=0.2574 avg=0.3567 speed=1.62 batch/s
  [train] batch 76/76 loss=0.0820 avg=0.3467 speed=1.72 batch/s
[BEST] epoch=5 smoothed_balanced_acc=0.8253 saved
[Epoch 005] loss=0.3467 window=8 val_acc=0.8641 balanced_acc=0.8641 smoothed_balanced_acc=0.8253 f1=0.8619 precision=0.8750 recall=0.8491 pred_pos=0.4845 mean_p=0.4966 mean_p_pos=0.8089 mean_p_neg=0.1852 tp=287 tn=298 fp=41 fn=51 lr=5.00e-04 time=60.5s
  [val/behavior]
    rotational sliding: n=136 acc=0.7721 err=31 tp=105 tn=0 fp=0 fn=31 pred_pos=0.7721
    continuous variable-force pressing: n=139 acc=0.8633 err=19 tp=0 tn=120 fp=19 fn=0 pred_pos=0.1367
    diagonal changing-force pressing: n=27 acc=0.2963 err=19 tp=0 tn=8 fp=19 fn=0 pred_pos=0.7037
    diagonal translational sliding: n=33 acc=0.6364 err=12 tp=21 tn=0 fp=0 fn=12 pred_pos=0.6364
    translational sliding: n=136 acc=0.9706 err=4 tp=132 tn=0 fp=0 fn=4 pred_pos=0.9706
    diagonal rotational sliding: n=33 acc=0.8788 err=4 tp=29 tn=0 fp=0 fn=4 pred_pos=0.8788
    diagonal constant-force pressing: n=62 acc=0.9516 err=3 tp=0 tn=59 fp=3 fn=0 pred_pos=0.0484
    constant-force pressing: n=83 acc=1.0000 err=0 tp=0 tn=83 fp=0 fn=0 pred_pos=0.0000
    static no motion: n=28 acc=1.0000 err=0 tp=0 tn=28 fp=0 fn=0 pred_pos=0.0000
  [val/motion_type]
    non-slip: n=339 acc=0.8791 err=41 tp=0 tn=298 fp=41 fn=0 pred_pos=0.1209
    rotation: n=169 acc=0.7929 err=35 tp=134 tn=0 fp=0 fn=35 pred_pos=0.7929
    translation: n=169 acc=0.9053 err=16 tp=153 tn=0 fp=0 fn=16 pred_pos=0.9053
  [val/session]
    session_057: n=60 acc=0.6167 err=23 tp=29 tn=8 fp=19 fn=4 pred_pos=0.8000
    session_011: n=49 acc=0.6531 err=17 tp=5 tn=27 fp=3 fn=14 pred_pos=0.1633
    session_026: n=60 acc=0.7833 err=13 tp=32 tn=15 fp=13 fn=0 pred_pos=0.7500
    session_052: n=65 acc=0.8154 err=12 tp=21 tn=32 fp=0 fn=12 pred_pos=0.3231
    session_046: n=60 acc=0.8333 err=10 tp=25 tn=25 fp=2 fn=8 pred_pos=0.4500
    session_016: n=47 acc=0.8085 err=9 tp=10 tn=28 fp=0 fn=9 pred_pos=0.2128
    session_036: n=61 acc=0.9344 err=4 tp=33 tn=24 fp=4 fn=0 pred_pos=0.6066
    session_021: n=61 acc=0.9672 err=2 tp=31 tn=28 fp=0 fn=2 pred_pos=0.5082
    session_006: n=49 acc=0.9796 err=1 tp=19 tn=29 fp=0 fn=1 pred_pos=0.3878
    session_001: n=47 acc=0.9787 err=1 tp=18 tn=28 fp=0 fn=1 pred_pos=0.3830
    session_041: n=61 acc=1.0000 err=0 tp=33 tn=28 fp=0 fn=0 pred_pos=0.5410
    session_031: n=57 acc=1.0000 err=0 tp=31 tn=26 fp=0 fn=0 pred_pos=0.5439
  [val/material]
    plastic: n=317 acc=0.8013 err=63 tp=102 tn=152 fp=22 fn=41 pred_pos=0.3912
    A4 paper: n=121 acc=0.8760 err=15 tp=63 tn=43 fp=13 fn=2 pred_pos=0.6281
    USB cable: n=121 acc=0.9174 err=10 tp=58 tn=53 fp=2 fn=8 pred_pos=0.4959
    soft foam earplug: n=118 acc=0.9661 err=4 tp=64 tn=50 fp=4 fn=0 pred_pos=0.5763
[INFO] epoch 6/40 started augment=probabilistic-augment
  [train] batch 1/76 loss=0.3921 avg=0.3921 speed=0.24 batch/s
  [train] batch 20/76 loss=0.2767 avg=0.3018 speed=1.69 batch/s
  [train] batch 40/76 loss=0.2328 avg=0.3045 speed=1.49 batch/s
  [train] batch 60/76 loss=0.0979 avg=0.2764 speed=1.57 batch/s
  [train] batch 76/76 loss=0.2321 avg=0.2664 speed=1.69 batch/s
[BEST] epoch=6 smoothed_balanced_acc=0.8479 saved
[Epoch 006] loss=0.2664 window=8 val_acc=0.8744 balanced_acc=0.8744 smoothed_balanced_acc=0.8479 f1=0.8718 precision=0.8892 recall=0.8550 pred_pos=0.4801 mean_p=0.5022 mean_p_pos=0.8397 mean_p_neg=0.1657 tp=289 tn=303 fp=36 fn=49 lr=5.00e-04 time=72.3s
  [val/behavior]
    continuous variable-force pressing: n=139 acc=0.7842 err=30 tp=0 tn=109 fp=30 fn=0 pred_pos=0.2158
    diagonal rotational sliding: n=33 acc=0.2121 err=26 tp=7 tn=0 fp=0 fn=26 pred_pos=0.2121
    rotational sliding: n=136 acc=0.9044 err=13 tp=123 tn=0 fp=0 fn=13 pred_pos=0.9044
    diagonal translational sliding: n=33 acc=0.7273 err=9 tp=24 tn=0 fp=0 fn=9 pred_pos=0.7273
    diagonal changing-force pressing: n=27 acc=0.7778 err=6 tp=0 tn=21 fp=6 fn=0 pred_pos=0.2222
    translational sliding: n=136 acc=0.9926 err=1 tp=135 tn=0 fp=0 fn=1 pred_pos=0.9926
    constant-force pressing: n=83 acc=1.0000 err=0 tp=0 tn=83 fp=0 fn=0 pred_pos=0.0000
    diagonal constant-force pressing: n=62 acc=1.0000 err=0 tp=0 tn=62 fp=0 fn=0 pred_pos=0.0000
    static no motion: n=28 acc=1.0000 err=0 tp=0 tn=28 fp=0 fn=0 pred_pos=0.0000
  [val/motion_type]
    rotation: n=169 acc=0.7692 err=39 tp=130 tn=0 fp=0 fn=39 pred_pos=0.7692
    non-slip: n=339 acc=0.8938 err=36 tp=0 tn=303 fp=36 fn=0 pred_pos=0.1062
    translation: n=169 acc=0.9408 err=10 tp=159 tn=0 fp=0 fn=10 pred_pos=0.9408
  [val/session]
    session_057: n=60 acc=0.4667 err=32 tp=7 tn=21 fp=6 fn=26 pred_pos=0.2167
    session_026: n=60 acc=0.7000 err=18 tp=32 tn=10 fp=18 fn=0 pred_pos=0.8333
    session_036: n=61 acc=0.8197 err=11 tp=33 tn=17 fp=11 fn=0 pred_pos=0.7213
    session_011: n=49 acc=0.7959 err=10 tp=9 tn=30 fp=0 fn=10 pred_pos=0.1837
    session_052: n=65 acc=0.8615 err=9 tp=24 tn=32 fp=0 fn=9 pred_pos=0.3692
    session_046: n=60 acc=0.9667 err=2 tp=32 tn=26 fp=1 fn=1 pred_pos=0.5500
    session_016: n=47 acc=0.9574 err=2 tp=17 tn=28 fp=0 fn=2 pred_pos=0.3617
    session_021: n=61 acc=0.9836 err=1 tp=32 tn=28 fp=0 fn=1 pred_pos=0.5246
    session_041: n=61 acc=1.0000 err=0 tp=33 tn=28 fp=0 fn=0 pred_pos=0.5410
    session_031: n=57 acc=1.0000 err=0 tp=31 tn=26 fp=0 fn=0 pred_pos=0.5439
    session_006: n=49 acc=1.0000 err=0 tp=20 tn=29 fp=0 fn=0 pred_pos=0.4082
    session_001: n=47 acc=1.0000 err=0 tp=19 tn=28 fp=0 fn=0 pred_pos=0.4043
  [val/material]
    plastic: n=317 acc=0.8328 err=53 tp=96 tn=168 fp=6 fn=47 pred_pos=0.3218
    A4 paper: n=121 acc=0.8430 err=19 tp=64 tn=38 fp=18 fn=1 pred_pos=0.6777
    soft foam earplug: n=118 acc=0.9068 err=11 tp=64 tn=43 fp=11 fn=0 pred_pos=0.6356
    USB cable: n=121 acc=0.9835 err=2 tp=65 tn=54 fp=1 fn=1 pred_pos=0.5455
[INFO] epoch 7/40 started augment=probabilistic-augment
  [train] batch 1/76 loss=0.2052 avg=0.2052 speed=0.23 batch/s
  [train] batch 20/76 loss=0.2227 avg=0.2235 speed=1.64 batch/s
  [train] batch 40/76 loss=0.3817 avg=0.2296 speed=1.45 batch/s
  [train] batch 60/76 loss=0.2901 avg=0.2381 speed=1.65 batch/s
  [train] batch 76/76 loss=0.3029 avg=0.2464 speed=1.76 batch/s
[BEST] epoch=7 smoothed_balanced_acc=0.8803 saved
[Epoch 007] loss=0.2464 window=8 val_acc=0.9025 balanced_acc=0.9024 smoothed_balanced_acc=0.8803 f1=0.8952 precision=0.9658 recall=0.8343 pred_pos=0.4313 mean_p=0.4520 mean_p_pos=0.8057 mean_p_neg=0.0993 tp=282 tn=329 fp=10 fn=56 lr=5.00e-04 time=63.3s
  [val/behavior]
    rotational sliding: n=136 acc=0.7574 err=33 tp=103 tn=0 fp=0 fn=33 pred_pos=0.7574
    diagonal translational sliding: n=33 acc=0.6061 err=13 tp=20 tn=0 fp=0 fn=13 pred_pos=0.6061
    continuous variable-force pressing: n=139 acc=0.9568 err=6 tp=0 tn=133 fp=6 fn=0 pred_pos=0.0432
    diagonal rotational sliding: n=33 acc=0.8182 err=6 tp=27 tn=0 fp=0 fn=6 pred_pos=0.8182
    translational sliding: n=136 acc=0.9706 err=4 tp=132 tn=0 fp=0 fn=4 pred_pos=0.9706
    diagonal changing-force pressing: n=27 acc=0.8519 err=4 tp=0 tn=23 fp=4 fn=0 pred_pos=0.1481
    constant-force pressing: n=83 acc=1.0000 err=0 tp=0 tn=83 fp=0 fn=0 pred_pos=0.0000
    diagonal constant-force pressing: n=62 acc=1.0000 err=0 tp=0 tn=62 fp=0 fn=0 pred_pos=0.0000
    static no motion: n=28 acc=1.0000 err=0 tp=0 tn=28 fp=0 fn=0 pred_pos=0.0000
  [val/motion_type]
    rotation: n=169 acc=0.7692 err=39 tp=130 tn=0 fp=0 fn=39 pred_pos=0.7692
    translation: n=169 acc=0.8994 err=17 tp=152 tn=0 fp=0 fn=17 pred_pos=0.8994
    non-slip: n=339 acc=0.9705 err=10 tp=0 tn=329 fp=10 fn=0 pred_pos=0.0295
  [val/session]
    session_011: n=49 acc=0.7143 err=14 tp=5 tn=30 fp=0 fn=14 pred_pos=0.1020
    session_052: n=65 acc=0.8000 err=13 tp=20 tn=32 fp=0 fn=13 pred_pos=0.3077
    session_016: n=47 acc=0.7660 err=11 tp=8 tn=28 fp=0 fn=11 pred_pos=0.1702
    session_057: n=60 acc=0.8333 err=10 tp=27 tn=23 fp=4 fn=6 pred_pos=0.5167
    session_046: n=60 acc=0.8833 err=7 tp=26 tn=27 fp=0 fn=7 pred_pos=0.4333
    session_026: n=60 acc=0.9167 err=5 tp=32 tn=23 fp=5 fn=0 pred_pos=0.6167
    session_036: n=61 acc=0.9672 err=2 tp=32 tn=27 fp=1 fn=1 pred_pos=0.5410
    session_006: n=49 acc=0.9592 err=2 tp=18 tn=29 fp=0 fn=2 pred_pos=0.3673
    session_021: n=61 acc=0.9836 err=1 tp=32 tn=28 fp=0 fn=1 pred_pos=0.5246
    session_001: n=47 acc=0.9787 err=1 tp=18 tn=28 fp=0 fn=1 pred_pos=0.3830
    session_041: n=61 acc=1.0000 err=0 tp=33 tn=28 fp=0 fn=0 pred_pos=0.5410
    session_031: n=57 acc=1.0000 err=0 tp=31 tn=26 fp=0 fn=0 pred_pos=0.5439
  [val/material]
    plastic: n=317 acc=0.8391 err=51 tp=96 tn=170 fp=4 fn=47 pred_pos=0.3155
    USB cable: n=121 acc=0.9421 err=7 tp=59 tn=55 fp=0 fn=7 pred_pos=0.4876
    A4 paper: n=121 acc=0.9504 err=6 tp=64 tn=51 fp=5 fn=1 pred_pos=0.5702
    soft foam earplug: n=118 acc=0.9831 err=2 tp=63 tn=53 fp=1 fn=1 pred_pos=0.5424
[INFO] epoch 8/40 started augment=probabilistic-augment
  [train] batch 1/76 loss=0.2825 avg=0.2825 speed=0.22 batch/s
  [train] batch 20/76 loss=0.1458 avg=0.2042 speed=1.66 batch/s
  [train] batch 40/76 loss=0.2138 avg=0.1863 speed=1.74 batch/s
  [train] batch 60/76 loss=0.1667 avg=0.1855 speed=1.87 batch/s
  [train] batch 76/76 loss=0.1287 avg=0.1920 speed=1.94 batch/s
[Epoch 008] loss=0.1920 window=8 val_acc=0.7903 balanced_acc=0.7906 smoothed_balanced_acc=0.8558 f1=0.8264 precision=0.7042 recall=1.0000 pred_pos=0.7090 mean_p=0.7055 mean_p_pos=0.9794 mean_p_neg=0.4325 tp=338 tn=197 fp=142 fn=0 lr=5.00e-04 time=70.3s
  [val/behavior]
    continuous variable-force pressing: n=139 acc=0.4101 err=82 tp=0 tn=57 fp=82 fn=0 pred_pos=0.5899
    diagonal constant-force pressing: n=62 acc=0.5323 err=29 tp=0 tn=33 fp=29 fn=0 pred_pos=0.4677
    diagonal changing-force pressing: n=27 acc=0.3333 err=18 tp=0 tn=9 fp=18 fn=0 pred_pos=0.6667
    constant-force pressing: n=83 acc=0.8675 err=11 tp=0 tn=72 fp=11 fn=0 pred_pos=0.1325
    static no motion: n=28 acc=0.9286 err=2 tp=0 tn=26 fp=2 fn=0 pred_pos=0.0714
    translational sliding: n=136 acc=1.0000 err=0 tp=136 tn=0 fp=0 fn=0 pred_pos=1.0000
    rotational sliding: n=136 acc=1.0000 err=0 tp=136 tn=0 fp=0 fn=0 pred_pos=1.0000
    diagonal rotational sliding: n=33 acc=1.0000 err=0 tp=33 tn=0 fp=0 fn=0 pred_pos=1.0000
    diagonal translational sliding: n=33 acc=1.0000 err=0 tp=33 tn=0 fp=0 fn=0 pred_pos=1.0000
  [val/motion_type]
    non-slip: n=339 acc=0.5811 err=142 tp=0 tn=197 fp=142 fn=0 pred_pos=0.4189
    translation: n=169 acc=1.0000 err=0 tp=169 tn=0 fp=0 fn=0 pred_pos=1.0000
    rotation: n=169 acc=1.0000 err=0 tp=169 tn=0 fp=0 fn=0 pred_pos=1.0000
  [val/session]
    session_011: n=49 acc=0.4082 err=29 tp=19 tn=1 fp=29 fn=0 pred_pos=0.9796
    session_026: n=60 acc=0.5500 err=27 tp=32 tn=1 fp=27 fn=0 pred_pos=0.9833
    session_046: n=60 acc=0.6667 err=20 tp=33 tn=7 fp=20 fn=0 pred_pos=0.8833
    session_036: n=61 acc=0.7049 err=18 tp=33 tn=10 fp=18 fn=0 pred_pos=0.8361
    session_057: n=60 acc=0.7000 err=18 tp=33 tn=9 fp=18 fn=0 pred_pos=0.8500
    session_016: n=47 acc=0.6596 err=16 tp=19 tn=12 fp=16 fn=0 pred_pos=0.7447
    session_031: n=57 acc=0.8246 err=10 tp=31 tn=16 fp=10 fn=0 pred_pos=0.7193
    session_021: n=61 acc=0.9672 err=2 tp=33 tn=26 fp=2 fn=0 pred_pos=0.5738
    session_006: n=49 acc=0.9796 err=1 tp=20 tn=28 fp=1 fn=0 pred_pos=0.4286
    session_001: n=47 acc=0.9787 err=1 tp=19 tn=27 fp=1 fn=0 pred_pos=0.4255
    session_052: n=65 acc=1.0000 err=0 tp=33 tn=32 fp=0 fn=0 pred_pos=0.5077
    session_041: n=61 acc=1.0000 err=0 tp=33 tn=28 fp=0 fn=0 pred_pos=0.5410
  [val/material]
    plastic: n=317 acc=0.7950 err=65 tp=143 tn=109 fp=65 fn=0 pred_pos=0.6562
    A4 paper: n=121 acc=0.7603 err=29 tp=65 tn=27 fp=29 fn=0 pred_pos=0.7769
    soft foam earplug: n=118 acc=0.7627 err=28 tp=64 tn=26 fp=28 fn=0 pred_pos=0.7797
    USB cable: n=121 acc=0.8347 err=20 tp=66 tn=35 fp=20 fn=0 pred_pos=0.7107
[INFO] epoch 9/40 started augment=probabilistic-augment
  [train] batch 1/76 loss=0.4852 avg=0.4852 speed=0.23 batch/s
  [train] batch 20/76 loss=0.2093 avg=0.2419 speed=1.66 batch/s
  [train] batch 40/76 loss=0.2446 avg=0.2573 speed=1.97 batch/s
  [train] batch 60/76 loss=0.1880 avg=0.2336 speed=1.89 batch/s
  [train] batch 76/76 loss=0.0430 avg=0.2166 speed=1.96 batch/s
[Epoch 009] loss=0.2166 window=8 val_acc=0.9084 balanced_acc=0.9084 smoothed_balanced_acc=0.8671 f1=0.9049 precision=0.9395 recall=0.8728 pred_pos=0.4638 mean_p=0.4635 mean_p_pos=0.8566 mean_p_neg=0.0716 tp=295 tn=320 fp=19 fn=43 lr=5.00e-04 time=62.2s
  [val/behavior]
    rotational sliding: n=136 acc=0.8235 err=24 tp=112 tn=0 fp=0 fn=24 pred_pos=0.8235
    diagonal translational sliding: n=33 acc=0.6061 err=13 tp=20 tn=0 fp=0 fn=13 pred_pos=0.6061
    continuous variable-force pressing: n=139 acc=0.9209 err=11 tp=0 tn=128 fp=11 fn=0 pred_pos=0.0791
    diagonal changing-force pressing: n=27 acc=0.7037 err=8 tp=0 tn=19 fp=8 fn=0 pred_pos=0.2963
    diagonal rotational sliding: n=33 acc=0.8485 err=5 tp=28 tn=0 fp=0 fn=5 pred_pos=0.8485
    translational sliding: n=136 acc=0.9926 err=1 tp=135 tn=0 fp=0 fn=1 pred_pos=0.9926
    constant-force pressing: n=83 acc=1.0000 err=0 tp=0 tn=83 fp=0 fn=0 pred_pos=0.0000
    diagonal constant-force pressing: n=62 acc=1.0000 err=0 tp=0 tn=62 fp=0 fn=0 pred_pos=0.0000
    static no motion: n=28 acc=1.0000 err=0 tp=0 tn=28 fp=0 fn=0 pred_pos=0.0000
  [val/motion_type]
    rotation: n=169 acc=0.8284 err=29 tp=140 tn=0 fp=0 fn=29 pred_pos=0.8284
    non-slip: n=339 acc=0.9440 err=19 tp=0 tn=320 fp=19 fn=0 pred_pos=0.0560
    translation: n=169 acc=0.9172 err=14 tp=155 tn=0 fp=0 fn=14 pred_pos=0.9172
  [val/session]
    session_052: n=65 acc=0.8000 err=13 tp=20 tn=32 fp=0 fn=13 pred_pos=0.3077
    session_057: n=60 acc=0.7833 err=13 tp=28 tn=19 fp=8 fn=5 pred_pos=0.6000
    session_011: n=49 acc=0.7551 err=12 tp=7 tn=30 fp=0 fn=12 pred_pos=0.1429
    session_016: n=47 acc=0.8298 err=8 tp=11 tn=28 fp=0 fn=8 pred_pos=0.2340
    session_026: n=60 acc=0.8833 err=7 tp=32 tn=21 fp=7 fn=0 pred_pos=0.6500
    session_036: n=61 acc=0.9344 err=4 tp=32 tn=25 fp=3 fn=1 pred_pos=0.5738
    session_046: n=60 acc=0.9333 err=4 tp=30 tn=26 fp=1 fn=3 pred_pos=0.5167
    session_021: n=61 acc=0.9836 err=1 tp=32 tn=28 fp=0 fn=1 pred_pos=0.5246
    session_041: n=61 acc=1.0000 err=0 tp=33 tn=28 fp=0 fn=0 pred_pos=0.5410
    session_031: n=57 acc=1.0000 err=0 tp=31 tn=26 fp=0 fn=0 pred_pos=0.5439
    session_006: n=49 acc=1.0000 err=0 tp=20 tn=29 fp=0 fn=0 pred_pos=0.4082
    session_001: n=47 acc=1.0000 err=0 tp=19 tn=28 fp=0 fn=0 pred_pos=0.4043
  [val/material]
    plastic: n=317 acc=0.8549 err=46 tp=105 tn=166 fp=8 fn=38 pred_pos=0.3565
    A4 paper: n=121 acc=0.9339 err=8 tp=64 tn=49 fp=7 fn=1 pred_pos=0.5868
    USB cable: n=121 acc=0.9669 err=4 tp=63 tn=54 fp=1 fn=3 pred_pos=0.5289
    soft foam earplug: n=118 acc=0.9661 err=4 tp=63 tn=51 fp=3 fn=1 pred_pos=0.5593
[INFO] epoch 10/40 started augment=probabilistic-augment
  [train] batch 1/76 loss=0.2214 avg=0.2214 speed=0.21 batch/s
  [train] batch 20/76 loss=0.1920 avg=0.1700 speed=1.60 batch/s
  [train] batch 40/76 loss=0.1421 avg=0.1741 speed=1.83 batch/s
  [train] batch 60/76 loss=0.1094 avg=0.1755 speed=1.86 batch/s
  [train] batch 76/76 loss=0.3436 avg=0.1738 speed=1.94 batch/s
[Epoch 010] loss=0.1738 window=8 val_acc=0.8331 balanced_acc=0.8328 smoothed_balanced_acc=0.8439 f1=0.7993 precision=1.0000 recall=0.6657 pred_pos=0.3323 mean_p=0.3314 mean_p_pos=0.6571 mean_p_neg=0.0067 tp=225 tn=339 fp=0 fn=113 lr=5.00e-04 time=65.0s
  [val/behavior]
    rotational sliding: n=136 acc=0.5147 err=66 tp=70 tn=0 fp=0 fn=66 pred_pos=0.5147
    diagonal rotational sliding: n=33 acc=0.3636 err=21 tp=12 tn=0 fp=0 fn=21 pred_pos=0.3636
    diagonal translational sliding: n=33 acc=0.4848 err=17 tp=16 tn=0 fp=0 fn=17 pred_pos=0.4848
    translational sliding: n=136 acc=0.9338 err=9 tp=127 tn=0 fp=0 fn=9 pred_pos=0.9338
    continuous variable-force pressing: n=139 acc=1.0000 err=0 tp=0 tn=139 fp=0 fn=0 pred_pos=0.0000
    constant-force pressing: n=83 acc=1.0000 err=0 tp=0 tn=83 fp=0 fn=0 pred_pos=0.0000
    diagonal constant-force pressing: n=62 acc=1.0000 err=0 tp=0 tn=62 fp=0 fn=0 pred_pos=0.0000
    static no motion: n=28 acc=1.0000 err=0 tp=0 tn=28 fp=0 fn=0 pred_pos=0.0000
    diagonal changing-force pressing: n=27 acc=1.0000 err=0 tp=0 tn=27 fp=0 fn=0 pred_pos=0.0000
  [val/motion_type]
    rotation: n=169 acc=0.4852 err=87 tp=82 tn=0 fp=0 fn=87 pred_pos=0.4852
    translation: n=169 acc=0.8462 err=26 tp=143 tn=0 fp=0 fn=26 pred_pos=0.8462
    non-slip: n=339 acc=1.0000 err=0 tp=0 tn=339 fp=0 fn=0 pred_pos=0.0000
  [val/session]
    session_057: n=60 acc=0.6500 err=21 tp=12 tn=27 fp=0 fn=21 pred_pos=0.2000
    session_011: n=49 acc=0.6122 err=19 tp=0 tn=30 fp=0 fn=19 pred_pos=0.0000
    session_052: n=65 acc=0.7385 err=17 tp=16 tn=32 fp=0 fn=17 pred_pos=0.2462
    session_046: n=60 acc=0.7167 err=17 tp=16 tn=27 fp=0 fn=17 pred_pos=0.2667
    session_016: n=47 acc=0.6596 err=16 tp=3 tn=28 fp=0 fn=16 pred_pos=0.0638
    session_026: n=60 acc=0.8333 err=10 tp=22 tn=28 fp=0 fn=10 pred_pos=0.3667
    session_021: n=61 acc=0.9344 err=4 tp=29 tn=28 fp=0 fn=4 pred_pos=0.4754
    session_036: n=61 acc=0.9344 err=4 tp=29 tn=28 fp=0 fn=4 pred_pos=0.4754
    session_006: n=49 acc=0.9592 err=2 tp=18 tn=29 fp=0 fn=2 pred_pos=0.3673
    session_001: n=47 acc=0.9574 err=2 tp=17 tn=28 fp=0 fn=2 pred_pos=0.3617
    session_041: n=61 acc=0.9836 err=1 tp=32 tn=28 fp=0 fn=1 pred_pos=0.5246
    session_031: n=57 acc=1.0000 err=0 tp=31 tn=26 fp=0 fn=0 pred_pos=0.5439
  [val/material]
    plastic: n=317 acc=0.7571 err=77 tp=66 tn=174 fp=0 fn=77 pred_pos=0.2082
    USB cable: n=121 acc=0.8512 err=18 tp=48 tn=55 fp=0 fn=18 pred_pos=0.3967
    A4 paper: n=121 acc=0.8843 err=14 tp=51 tn=56 fp=0 fn=14 pred_pos=0.4215
    soft foam earplug: n=118 acc=0.9661 err=4 tp=60 tn=54 fp=0 fn=4 pred_pos=0.5085
[INFO] epoch 11/40 started augment=probabilistic-augment
  [train] batch 1/76 loss=0.3202 avg=0.3202 speed=0.23 batch/s
  [train] batch 20/76 loss=0.2345 avg=0.2020 speed=1.67 batch/s
  [train] batch 40/76 loss=0.1612 avg=0.1796 speed=2.01 batch/s
  [train] batch 60/76 loss=0.2337 avg=0.1758 speed=1.90 batch/s
  [train] batch 76/76 loss=0.1223 avg=0.1678 speed=1.98 batch/s
[BEST] epoch=11 smoothed_balanced_acc=0.8886 saved
[Epoch 011] loss=0.1678 window=8 val_acc=0.9247 balanced_acc=0.9246 smoothed_balanced_acc=0.8886 f1=0.9217 precision=0.9585 recall=0.8876 pred_pos=0.4623 mean_p=0.4682 mean_p_pos=0.8717 mean_p_neg=0.0658 tp=300 tn=326 fp=13 fn=38 lr=5.00e-04 time=57.0s
  [val/behavior]
    rotational sliding: n=136 acc=0.8309 err=23 tp=113 tn=0 fp=0 fn=23 pred_pos=0.8309
    diagonal translational sliding: n=33 acc=0.6364 err=12 tp=21 tn=0 fp=0 fn=12 pred_pos=0.6364
    continuous variable-force pressing: n=139 acc=0.9281 err=10 tp=0 tn=129 fp=10 fn=0 pred_pos=0.0719
    diagonal rotational sliding: n=33 acc=0.9091 err=3 tp=30 tn=0 fp=0 fn=3 pred_pos=0.9091
    diagonal changing-force pressing: n=27 acc=0.8889 err=3 tp=0 tn=24 fp=3 fn=0 pred_pos=0.1111
    translational sliding: n=136 acc=1.0000 err=0 tp=136 tn=0 fp=0 fn=0 pred_pos=1.0000
    constant-force pressing: n=83 acc=1.0000 err=0 tp=0 tn=83 fp=0 fn=0 pred_pos=0.0000
    diagonal constant-force pressing: n=62 acc=1.0000 err=0 tp=0 tn=62 fp=0 fn=0 pred_pos=0.0000
    static no motion: n=28 acc=1.0000 err=0 tp=0 tn=28 fp=0 fn=0 pred_pos=0.0000
  [val/motion_type]
    rotation: n=169 acc=0.8462 err=26 tp=143 tn=0 fp=0 fn=26 pred_pos=0.8462
    non-slip: n=339 acc=0.9617 err=13 tp=0 tn=326 fp=13 fn=0 pred_pos=0.0383
    translation: n=169 acc=0.9290 err=12 tp=157 tn=0 fp=0 fn=12 pred_pos=0.9290
  [val/session]
    session_052: n=65 acc=0.8154 err=12 tp=21 tn=32 fp=0 fn=12 pred_pos=0.3231
    session_011: n=49 acc=0.7755 err=11 tp=8 tn=30 fp=0 fn=11 pred_pos=0.1633
    session_026: n=60 acc=0.8500 err=9 tp=30 tn=21 fp=7 fn=2 pred_pos=0.6167
    session_016: n=47 acc=0.8511 err=7 tp=12 tn=28 fp=0 fn=7 pred_pos=0.2553
    session_057: n=60 acc=0.9000 err=6 tp=30 tn=24 fp=3 fn=3 pred_pos=0.5500
    session_036: n=61 acc=0.9508 err=3 tp=33 tn=25 fp=3 fn=0 pred_pos=0.5902
    session_046: n=60 acc=0.9500 err=3 tp=30 tn=27 fp=0 fn=3 pred_pos=0.5000
    session_041: n=61 acc=1.0000 err=0 tp=33 tn=28 fp=0 fn=0 pred_pos=0.5410
    session_021: n=61 acc=1.0000 err=0 tp=33 tn=28 fp=0 fn=0 pred_pos=0.5410
    session_031: n=57 acc=1.0000 err=0 tp=31 tn=26 fp=0 fn=0 pred_pos=0.5439
    session_006: n=49 acc=1.0000 err=0 tp=20 tn=29 fp=0 fn=0 pred_pos=0.4082
    session_001: n=47 acc=1.0000 err=0 tp=19 tn=28 fp=0 fn=0 pred_pos=0.4043
  [val/material]
    plastic: n=317 acc=0.8864 err=36 tp=110 tn=171 fp=3 fn=33 pred_pos=0.3565
    A4 paper: n=121 acc=0.9256 err=9 tp=63 tn=49 fp=7 fn=2 pred_pos=0.5785
    USB cable: n=121 acc=0.9752 err=3 tp=63 tn=55 fp=0 fn=3 pred_pos=0.5207
    soft foam earplug: n=118 acc=0.9746 err=3 tp=64 tn=51 fp=3 fn=0 pred_pos=0.5678
[INFO] epoch 12/40 started augment=probabilistic-augment
  [train] batch 1/76 loss=0.2045 avg=0.2045 speed=0.21 batch/s
  [train] batch 20/76 loss=0.0385 avg=0.1598 speed=1.65 batch/s
  [train] batch 40/76 loss=0.0478 avg=0.1500 speed=1.98 batch/s
  [train] batch 60/76 loss=0.0571 avg=0.1410 speed=1.86 batch/s
  [train] batch 76/76 loss=0.0841 avg=0.1578 speed=1.94 batch/s
[BEST] epoch=12 smoothed_balanced_acc=0.8921 saved
[Epoch 012] loss=0.1578 window=8 val_acc=0.9188 balanced_acc=0.9188 smoothed_balanced_acc=0.8921 f1=0.9185 precision=0.9199 recall=0.9172 pred_pos=0.4978 mean_p=0.5137 mean_p_pos=0.8979 mean_p_neg=0.1306 tp=310 tn=312 fp=27 fn=28 lr=5.00e-04 time=65.0s
  [val/behavior]
    diagonal translational sliding: n=33 acc=0.5455 err=15 tp=18 tn=0 fp=0 fn=15 pred_pos=0.5455
    continuous variable-force pressing: n=139 acc=0.9065 err=13 tp=0 tn=126 fp=13 fn=0 pred_pos=0.0935
    rotational sliding: n=136 acc=0.9191 err=11 tp=125 tn=0 fp=0 fn=11 pred_pos=0.9191
    diagonal changing-force pressing: n=27 acc=0.7407 err=7 tp=0 tn=20 fp=7 fn=0 pred_pos=0.2593
    diagonal constant-force pressing: n=62 acc=0.9032 err=6 tp=0 tn=56 fp=6 fn=0 pred_pos=0.0968
    translational sliding: n=136 acc=0.9853 err=2 tp=134 tn=0 fp=0 fn=2 pred_pos=0.9853
    static no motion: n=28 acc=0.9643 err=1 tp=0 tn=27 fp=1 fn=0 pred_pos=0.0357
    constant-force pressing: n=83 acc=1.0000 err=0 tp=0 tn=83 fp=0 fn=0 pred_pos=0.0000
    diagonal rotational sliding: n=33 acc=1.0000 err=0 tp=33 tn=0 fp=0 fn=0 pred_pos=1.0000
  [val/motion_type]
    non-slip: n=339 acc=0.9204 err=27 tp=0 tn=312 fp=27 fn=0 pred_pos=0.0796
    translation: n=169 acc=0.8994 err=17 tp=152 tn=0 fp=0 fn=17 pred_pos=0.8994
    rotation: n=169 acc=0.9349 err=11 tp=158 tn=0 fp=0 fn=11 pred_pos=0.9349
  [val/session]
    session_052: n=65 acc=0.7692 err=15 tp=18 tn=32 fp=0 fn=15 pred_pos=0.2769
    session_011: n=49 acc=0.7347 err=13 tp=12 tn=24 fp=6 fn=7 pred_pos=0.3673
    session_026: n=60 acc=0.8333 err=10 tp=32 tn=18 fp=10 fn=0 pred_pos=0.7000
    session_057: n=60 acc=0.8833 err=7 tp=33 tn=20 fp=7 fn=0 pred_pos=0.6667
    session_016: n=47 acc=0.9149 err=4 tp=15 tn=28 fp=0 fn=4 pred_pos=0.3191
    session_046: n=60 acc=0.9500 err=3 tp=33 tn=24 fp=3 fn=0 pred_pos=0.6000
    session_021: n=61 acc=0.9672 err=2 tp=32 tn=27 fp=1 fn=1 pred_pos=0.5410
    session_001: n=47 acc=0.9787 err=1 tp=18 tn=28 fp=0 fn=1 pred_pos=0.3830
    session_041: n=61 acc=1.0000 err=0 tp=33 tn=28 fp=0 fn=0 pred_pos=0.5410
    session_036: n=61 acc=1.0000 err=0 tp=33 tn=28 fp=0 fn=0 pred_pos=0.5410
    session_031: n=57 acc=1.0000 err=0 tp=31 tn=26 fp=0 fn=0 pred_pos=0.5439
    session_006: n=49 acc=1.0000 err=0 tp=20 tn=29 fp=0 fn=0 pred_pos=0.4082
  [val/material]
    plastic: n=317 acc=0.8738 err=40 tp=116 tn=161 fp=13 fn=27 pred_pos=0.4069
    A4 paper: n=121 acc=0.9008 err=12 tp=64 tn=45 fp=11 fn=1 pred_pos=0.6198
    USB cable: n=121 acc=0.9752 err=3 tp=66 tn=52 fp=3 fn=0 pred_pos=0.5702
    soft foam earplug: n=118 acc=1.0000 err=0 tp=64 tn=54 fp=0 fn=0 pred_pos=0.5424
[INFO] epoch 13/40 started augment=probabilistic-augment
  [train] batch 1/76 loss=0.1510 avg=0.1510 speed=0.23 batch/s
  [train] batch 20/76 loss=0.2832 avg=0.1500 speed=1.64 batch/s
  [train] batch 40/76 loss=0.1299 avg=0.1391 speed=1.69 batch/s
  [train] batch 60/76 loss=0.0744 avg=0.1352 speed=1.78 batch/s
  [train] batch 76/76 loss=0.1032 avg=0.1317 speed=1.87 batch/s
[BEST] epoch=13 smoothed_balanced_acc=0.9271 saved
[Epoch 013] loss=0.1317 window=8 val_acc=0.9380 balanced_acc=0.9379 smoothed_balanced_acc=0.9271 f1=0.9358 precision=0.9684 recall=0.9053 pred_pos=0.4668 mean_p=0.4798 mean_p_pos=0.9038 mean_p_neg=0.0571 tp=306 tn=329 fp=10 fn=32 lr=5.00e-04 time=52.7s
  [val/behavior]
    rotational sliding: n=136 acc=0.8603 err=19 tp=117 tn=0 fp=0 fn=19 pred_pos=0.8603
    diagonal translational sliding: n=33 acc=0.6970 err=10 tp=23 tn=0 fp=0 fn=10 pred_pos=0.6970
    diagonal changing-force pressing: n=27 acc=0.6296 err=10 tp=0 tn=17 fp=10 fn=0 pred_pos=0.3704
    diagonal rotational sliding: n=33 acc=0.9394 err=2 tp=31 tn=0 fp=0 fn=2 pred_pos=0.9394
    translational sliding: n=136 acc=0.9926 err=1 tp=135 tn=0 fp=0 fn=1 pred_pos=0.9926
    continuous variable-force pressing: n=139 acc=1.0000 err=0 tp=0 tn=139 fp=0 fn=0 pred_pos=0.0000
    constant-force pressing: n=83 acc=1.0000 err=0 tp=0 tn=83 fp=0 fn=0 pred_pos=0.0000
    diagonal constant-force pressing: n=62 acc=1.0000 err=0 tp=0 tn=62 fp=0 fn=0 pred_pos=0.0000
    static no motion: n=28 acc=1.0000 err=0 tp=0 tn=28 fp=0 fn=0 pred_pos=0.0000
  [val/motion_type]
    rotation: n=169 acc=0.8757 err=21 tp=148 tn=0 fp=0 fn=21 pred_pos=0.8757
    translation: n=169 acc=0.9349 err=11 tp=158 tn=0 fp=0 fn=11 pred_pos=0.9349
    non-slip: n=339 acc=0.9705 err=10 tp=0 tn=329 fp=10 fn=0 pred_pos=0.0295
  [val/session]
    session_057: n=60 acc=0.8000 err=12 tp=31 tn=17 fp=10 fn=2 pred_pos=0.6833
    session_052: n=65 acc=0.8462 err=10 tp=23 tn=32 fp=0 fn=10 pred_pos=0.3538
    session_011: n=49 acc=0.7959 err=10 tp=9 tn=30 fp=0 fn=10 pred_pos=0.1837
    session_016: n=47 acc=0.8511 err=7 tp=12 tn=28 fp=0 fn=7 pred_pos=0.2553
    session_046: n=60 acc=0.9667 err=2 tp=31 tn=27 fp=0 fn=2 pred_pos=0.5167
    session_021: n=61 acc=0.9836 err=1 tp=32 tn=28 fp=0 fn=1 pred_pos=0.5246
    session_041: n=61 acc=1.0000 err=0 tp=33 tn=28 fp=0 fn=0 pred_pos=0.5410
    session_036: n=61 acc=1.0000 err=0 tp=33 tn=28 fp=0 fn=0 pred_pos=0.5410
    session_026: n=60 acc=1.0000 err=0 tp=32 tn=28 fp=0 fn=0 pred_pos=0.5333
    session_031: n=57 acc=1.0000 err=0 tp=31 tn=26 fp=0 fn=0 pred_pos=0.5439
    session_006: n=49 acc=1.0000 err=0 tp=20 tn=29 fp=0 fn=0 pred_pos=0.4082
    session_001: n=47 acc=1.0000 err=0 tp=19 tn=28 fp=0 fn=0 pred_pos=0.4043
  [val/material]
    plastic: n=317 acc=0.8770 err=39 tp=114 tn=164 fp=10 fn=29 pred_pos=0.3912
    USB cable: n=121 acc=0.9835 err=2 tp=64 tn=55 fp=0 fn=2 pred_pos=0.5289
    A4 paper: n=121 acc=0.9917 err=1 tp=64 tn=56 fp=0 fn=1 pred_pos=0.5289
    soft foam earplug: n=118 acc=1.0000 err=0 tp=64 tn=54 fp=0 fn=0 pred_pos=0.5424
[INFO] epoch 14/40 started augment=probabilistic-augment
  [train] batch 1/76 loss=0.0208 avg=0.0208 speed=0.23 batch/s
  [train] batch 20/76 loss=0.0125 avg=0.0918 speed=1.61 batch/s
  [train] batch 40/76 loss=0.0579 avg=0.1085 speed=1.96 batch/s
  [train] batch 60/76 loss=0.1226 avg=0.1106 speed=1.89 batch/s
  [train] batch 76/76 loss=0.3103 avg=0.1126 speed=1.94 batch/s
[Epoch 014] loss=0.1126 window=8 val_acc=0.9084 balanced_acc=0.9083 smoothed_balanced_acc=0.9217 f1=0.8997 precision=0.9929 recall=0.8225 pred_pos=0.4136 mean_p=0.4071 mean_p_pos=0.8026 mean_p_neg=0.0128 tp=278 tn=337 fp=2 fn=60 lr=5.00e-04 time=52.4s
  [val/behavior]
    rotational sliding: n=136 acc=0.7647 err=32 tp=104 tn=0 fp=0 fn=32 pred_pos=0.7647
    diagonal translational sliding: n=33 acc=0.5758 err=14 tp=19 tn=0 fp=0 fn=14 pred_pos=0.5758
    translational sliding: n=136 acc=0.9485 err=7 tp=129 tn=0 fp=0 fn=7 pred_pos=0.9485
    diagonal rotational sliding: n=33 acc=0.7879 err=7 tp=26 tn=0 fp=0 fn=7 pred_pos=0.7879
    diagonal changing-force pressing: n=27 acc=0.9259 err=2 tp=0 tn=25 fp=2 fn=0 pred_pos=0.0741
    continuous variable-force pressing: n=139 acc=1.0000 err=0 tp=0 tn=139 fp=0 fn=0 pred_pos=0.0000
    constant-force pressing: n=83 acc=1.0000 err=0 tp=0 tn=83 fp=0 fn=0 pred_pos=0.0000
    diagonal constant-force pressing: n=62 acc=1.0000 err=0 tp=0 tn=62 fp=0 fn=0 pred_pos=0.0000
    static no motion: n=28 acc=1.0000 err=0 tp=0 tn=28 fp=0 fn=0 pred_pos=0.0000
  [val/motion_type]
    rotation: n=169 acc=0.7692 err=39 tp=130 tn=0 fp=0 fn=39 pred_pos=0.7692
    translation: n=169 acc=0.8757 err=21 tp=148 tn=0 fp=0 fn=21 pred_pos=0.8757
    non-slip: n=339 acc=0.9941 err=2 tp=0 tn=337 fp=2 fn=0 pred_pos=0.0059
  [val/session]
    session_011: n=49 acc=0.6735 err=16 tp=3 tn=30 fp=0 fn=16 pred_pos=0.0612
    session_052: n=65 acc=0.7846 err=14 tp=19 tn=32 fp=0 fn=14 pred_pos=0.2923
    session_057: n=60 acc=0.8500 err=9 tp=26 tn=25 fp=2 fn=7 pred_pos=0.4667
    session_016: n=47 acc=0.8085 err=9 tp=10 tn=28 fp=0 fn=9 pred_pos=0.2128
    session_046: n=60 acc=0.9000 err=6 tp=27 tn=27 fp=0 fn=6 pred_pos=0.4500
    session_021: n=61 acc=0.9344 err=4 tp=29 tn=28 fp=0 fn=4 pred_pos=0.4754
    session_041: n=61 acc=0.9672 err=2 tp=31 tn=28 fp=0 fn=2 pred_pos=0.5082
    session_036: n=61 acc=0.9836 err=1 tp=32 tn=28 fp=0 fn=1 pred_pos=0.5246
    session_001: n=47 acc=0.9787 err=1 tp=18 tn=28 fp=0 fn=1 pred_pos=0.3830
    session_026: n=60 acc=1.0000 err=0 tp=32 tn=28 fp=0 fn=0 pred_pos=0.5333
    session_031: n=57 acc=1.0000 err=0 tp=31 tn=26 fp=0 fn=0 pred_pos=0.5439
    session_006: n=49 acc=1.0000 err=0 tp=20 tn=29 fp=0 fn=0 pred_pos=0.4082
  [val/material]
    plastic: n=317 acc=0.8454 err=49 tp=96 tn=172 fp=2 fn=47 pred_pos=0.3091
    USB cable: n=121 acc=0.9339 err=8 tp=58 tn=55 fp=0 fn=8 pred_pos=0.4793
    A4 paper: n=121 acc=0.9669 err=4 tp=61 tn=56 fp=0 fn=4 pred_pos=0.5041
    soft foam earplug: n=118 acc=0.9915 err=1 tp=63 tn=54 fp=0 fn=1 pred_pos=0.5339
[INFO] epoch 15/40 started augment=probabilistic-augment
  [train] batch 1/76 loss=0.1021 avg=0.1021 speed=0.23 batch/s
  [train] batch 20/76 loss=0.0129 avg=0.1442 speed=1.66 batch/s
  [train] batch 40/76 loss=0.1160 avg=0.1336 speed=1.81 batch/s
  [train] batch 60/76 loss=0.1146 avg=0.1404 speed=1.81 batch/s
  [train] batch 76/76 loss=0.5905 avg=0.1437 speed=1.90 batch/s
[BEST] epoch=15 smoothed_balanced_acc=0.9305 saved
[Epoch 015] loss=0.1437 window=8 val_acc=0.9453 balanced_acc=0.9453 smoothed_balanced_acc=0.9305 f1=0.9449 precision=0.9520 recall=0.9379 pred_pos=0.4919 mean_p=0.4998 mean_p_pos=0.9295 mean_p_neg=0.0715 tp=317 tn=323 fp=16 fn=21 lr=5.00e-04 time=55.6s
  [val/behavior]
    rotational sliding: n=136 acc=0.8897 err=15 tp=121 tn=0 fp=0 fn=15 pred_pos=0.8897
    diagonal changing-force pressing: n=27 acc=0.5926 err=11 tp=0 tn=16 fp=11 fn=0 pred_pos=0.4074
    diagonal translational sliding: n=33 acc=0.8485 err=5 tp=28 tn=0 fp=0 fn=5 pred_pos=0.8485
    diagonal constant-force pressing: n=62 acc=0.9516 err=3 tp=0 tn=59 fp=3 fn=0 pred_pos=0.0484
    continuous variable-force pressing: n=139 acc=0.9856 err=2 tp=0 tn=137 fp=2 fn=0 pred_pos=0.0144
    translational sliding: n=136 acc=0.9926 err=1 tp=135 tn=0 fp=0 fn=1 pred_pos=0.9926
    constant-force pressing: n=83 acc=1.0000 err=0 tp=0 tn=83 fp=0 fn=0 pred_pos=0.0000
    diagonal rotational sliding: n=33 acc=1.0000 err=0 tp=33 tn=0 fp=0 fn=0 pred_pos=1.0000
    static no motion: n=28 acc=1.0000 err=0 tp=0 tn=28 fp=0 fn=0 pred_pos=0.0000
  [val/motion_type]
    non-slip: n=339 acc=0.9528 err=16 tp=0 tn=323 fp=16 fn=0 pred_pos=0.0472
    rotation: n=169 acc=0.9112 err=15 tp=154 tn=0 fp=0 fn=15 pred_pos=0.9112
    translation: n=169 acc=0.9645 err=6 tp=163 tn=0 fp=0 fn=6 pred_pos=0.9645
  [val/session]
    session_011: n=49 acc=0.7551 err=12 tp=10 tn=27 fp=3 fn=9 pred_pos=0.2653
    session_057: n=60 acc=0.8167 err=11 tp=33 tn=16 fp=11 fn=0 pred_pos=0.7333
    session_016: n=47 acc=0.8723 err=6 tp=13 tn=28 fp=0 fn=6 pred_pos=0.2766
    session_052: n=65 acc=0.9231 err=5 tp=28 tn=32 fp=0 fn=5 pred_pos=0.4308
    session_026: n=60 acc=0.9667 err=2 tp=32 tn=26 fp=2 fn=0 pred_pos=0.5667
    session_021: n=61 acc=0.9836 err=1 tp=32 tn=28 fp=0 fn=1 pred_pos=0.5246
    session_041: n=61 acc=1.0000 err=0 tp=33 tn=28 fp=0 fn=0 pred_pos=0.5410
    session_036: n=61 acc=1.0000 err=0 tp=33 tn=28 fp=0 fn=0 pred_pos=0.5410
    session_046: n=60 acc=1.0000 err=0 tp=33 tn=27 fp=0 fn=0 pred_pos=0.5500
    session_031: n=57 acc=1.0000 err=0 tp=31 tn=26 fp=0 fn=0 pred_pos=0.5439
    session_006: n=49 acc=1.0000 err=0 tp=20 tn=29 fp=0 fn=0 pred_pos=0.4082
    session_001: n=47 acc=1.0000 err=0 tp=19 tn=28 fp=0 fn=0 pred_pos=0.4043
  [val/material]
    plastic: n=317 acc=0.8927 err=34 tp=123 tn=160 fp=14 fn=20 pred_pos=0.4322
    A4 paper: n=121 acc=0.9752 err=3 tp=64 tn=54 fp=2 fn=1 pred_pos=0.5455
    USB cable: n=121 acc=1.0000 err=0 tp=66 tn=55 fp=0 fn=0 pred_pos=0.5455
    soft foam earplug: n=118 acc=1.0000 err=0 tp=64 tn=54 fp=0 fn=0 pred_pos=0.5424
[INFO] epoch 16/40 started augment=probabilistic-augment
  [train] batch 1/76 loss=0.1227 avg=0.1227 speed=0.23 batch/s
  [train] batch 20/76 loss=0.0762 avg=0.1031 speed=1.65 batch/s
  [train] batch 40/76 loss=0.3810 avg=0.1453 speed=1.95 batch/s
  [train] batch 60/76 loss=0.0779 avg=0.1284 speed=1.85 batch/s
  [train] batch 76/76 loss=0.3417 avg=0.1310 speed=1.93 batch/s
[Epoch 016] loss=0.1310 window=8 val_acc=0.9084 balanced_acc=0.9085 smoothed_balanced_acc=0.9207 f1=0.9141 precision=0.8594 recall=0.9763 pred_pos=0.5672 mean_p=0.5961 mean_p_pos=0.9743 mean_p_neg=0.2191 tp=330 tn=285 fp=54 fn=8 lr=5.00e-04 time=57.3s
  [val/behavior]
    continuous variable-force pressing: n=139 acc=0.7626 err=33 tp=0 tn=106 fp=33 fn=0 pred_pos=0.2374
    diagonal changing-force pressing: n=27 acc=0.4444 err=15 tp=0 tn=12 fp=15 fn=0 pred_pos=0.5556
    rotational sliding: n=136 acc=0.9632 err=5 tp=131 tn=0 fp=0 fn=5 pred_pos=0.9632
    diagonal constant-force pressing: n=62 acc=0.9516 err=3 tp=0 tn=59 fp=3 fn=0 pred_pos=0.0484
    diagonal translational sliding: n=33 acc=0.9394 err=2 tp=31 tn=0 fp=0 fn=2 pred_pos=0.9394
    static no motion: n=28 acc=0.9286 err=2 tp=0 tn=26 fp=2 fn=0 pred_pos=0.0714
    constant-force pressing: n=83 acc=0.9880 err=1 tp=0 tn=82 fp=1 fn=0 pred_pos=0.0120
    diagonal rotational sliding: n=33 acc=0.9697 err=1 tp=32 tn=0 fp=0 fn=1 pred_pos=0.9697
    translational sliding: n=136 acc=1.0000 err=0 tp=136 tn=0 fp=0 fn=0 pred_pos=1.0000
  [val/motion_type]
    non-slip: n=339 acc=0.8407 err=54 tp=0 tn=285 fp=54 fn=0 pred_pos=0.1593
    rotation: n=169 acc=0.9645 err=6 tp=163 tn=0 fp=0 fn=6 pred_pos=0.9645
    translation: n=169 acc=0.9882 err=2 tp=167 tn=0 fp=0 fn=2 pred_pos=0.9882
  [val/session]
    session_026: n=60 acc=0.6500 err=21 tp=32 tn=7 fp=21 fn=0 pred_pos=0.8833
    session_057: n=60 acc=0.7333 err=16 tp=32 tn=12 fp=15 fn=1 pred_pos=0.7833
    session_016: n=47 acc=0.8511 err=7 tp=17 tn=23 fp=5 fn=2 pred_pos=0.4681
    session_011: n=49 acc=0.8776 err=6 tp=16 tn=27 fp=3 fn=3 pred_pos=0.3878
    session_036: n=61 acc=0.9180 err=5 tp=33 tn=23 fp=5 fn=0 pred_pos=0.6230
    session_052: n=65 acc=0.9692 err=2 tp=31 tn=32 fp=0 fn=2 pred_pos=0.4769
    session_021: n=61 acc=0.9672 err=2 tp=33 tn=26 fp=2 fn=0 pred_pos=0.5738
    session_046: n=60 acc=0.9667 err=2 tp=33 tn=25 fp=2 fn=0 pred_pos=0.5833
    session_031: n=57 acc=0.9825 err=1 tp=31 tn=25 fp=1 fn=0 pred_pos=0.5614
    session_041: n=61 acc=1.0000 err=0 tp=33 tn=28 fp=0 fn=0 pred_pos=0.5410
    session_006: n=49 acc=1.0000 err=0 tp=20 tn=29 fp=0 fn=0 pred_pos=0.4082
    session_001: n=47 acc=1.0000 err=0 tp=19 tn=28 fp=0 fn=0 pred_pos=0.4043
  [val/material]
    plastic: n=317 acc=0.9022 err=31 tp=135 tn=151 fp=23 fn=8 pred_pos=0.4984
    A4 paper: n=121 acc=0.8099 err=23 tp=65 tn=33 fp=23 fn=0 pred_pos=0.7273
    soft foam earplug: n=118 acc=0.9492 err=6 tp=64 tn=48 fp=6 fn=0 pred_pos=0.5932
    USB cable: n=121 acc=0.9835 err=2 tp=66 tn=53 fp=2 fn=0 pred_pos=0.5620
[INFO] epoch 17/40 started augment=probabilistic-augment
  [train] batch 1/76 loss=0.1865 avg=0.1865 speed=0.24 batch/s
  [train] batch 20/76 loss=0.0585 avg=0.1943 speed=1.67 batch/s
  [train] batch 40/76 loss=0.0394 avg=0.1442 speed=1.74 batch/s
  [train] batch 60/76 loss=0.0425 avg=0.1195 speed=1.80 batch/s
  [train] batch 76/76 loss=0.0925 avg=0.1144 speed=1.90 batch/s
[BEST] epoch=17 smoothed_balanced_acc=0.9380 saved
[Epoch 017] loss=0.1144 window=8 val_acc=0.9601 balanced_acc=0.9601 smoothed_balanced_acc=0.9380 f1=0.9596 precision=0.9698 recall=0.9497 pred_pos=0.4889 mean_p=0.4925 mean_p_pos=0.9374 mean_p_neg=0.0490 tp=321 tn=329 fp=10 fn=17 lr=5.00e-04 time=54.2s
  [val/behavior]
    rotational sliding: n=136 acc=0.9265 err=10 tp=126 tn=0 fp=0 fn=10 pred_pos=0.9265
    continuous variable-force pressing: n=139 acc=0.9496 err=7 tp=0 tn=132 fp=7 fn=0 pred_pos=0.0504
    diagonal translational sliding: n=33 acc=0.8485 err=5 tp=28 tn=0 fp=0 fn=5 pred_pos=0.8485
    diagonal changing-force pressing: n=27 acc=0.8889 err=3 tp=0 tn=24 fp=3 fn=0 pred_pos=0.1111
    translational sliding: n=136 acc=0.9926 err=1 tp=135 tn=0 fp=0 fn=1 pred_pos=0.9926
    diagonal rotational sliding: n=33 acc=0.9697 err=1 tp=32 tn=0 fp=0 fn=1 pred_pos=0.9697
    constant-force pressing: n=83 acc=1.0000 err=0 tp=0 tn=83 fp=0 fn=0 pred_pos=0.0000
    diagonal constant-force pressing: n=62 acc=1.0000 err=0 tp=0 tn=62 fp=0 fn=0 pred_pos=0.0000
    static no motion: n=28 acc=1.0000 err=0 tp=0 tn=28 fp=0 fn=0 pred_pos=0.0000
  [val/motion_type]
    rotation: n=169 acc=0.9349 err=11 tp=158 tn=0 fp=0 fn=11 pred_pos=0.9349
    non-slip: n=339 acc=0.9705 err=10 tp=0 tn=329 fp=10 fn=0 pred_pos=0.0295
    translation: n=169 acc=0.9645 err=6 tp=163 tn=0 fp=0 fn=6 pred_pos=0.9645
  [val/session]
    session_011: n=49 acc=0.8571 err=7 tp=12 tn=30 fp=0 fn=7 pred_pos=0.2449
    session_026: n=60 acc=0.9000 err=6 tp=32 tn=22 fp=6 fn=0 pred_pos=0.6333
    session_052: n=65 acc=0.9231 err=5 tp=28 tn=32 fp=0 fn=5 pred_pos=0.4308
    session_057: n=60 acc=0.9333 err=4 tp=32 tn=24 fp=3 fn=1 pred_pos=0.5833
    session_016: n=47 acc=0.9362 err=3 tp=16 tn=28 fp=0 fn=3 pred_pos=0.3404
    session_021: n=61 acc=0.9836 err=1 tp=32 tn=28 fp=0 fn=1 pred_pos=0.5246
    session_046: n=60 acc=0.9833 err=1 tp=33 tn=26 fp=1 fn=0 pred_pos=0.5667
    session_041: n=61 acc=1.0000 err=0 tp=33 tn=28 fp=0 fn=0 pred_pos=0.5410
    session_036: n=61 acc=1.0000 err=0 tp=33 tn=28 fp=0 fn=0 pred_pos=0.5410
    session_031: n=57 acc=1.0000 err=0 tp=31 tn=26 fp=0 fn=0 pred_pos=0.5439
    session_006: n=49 acc=1.0000 err=0 tp=20 tn=29 fp=0 fn=0 pred_pos=0.4082
    session_001: n=47 acc=1.0000 err=0 tp=19 tn=28 fp=0 fn=0 pred_pos=0.4043
  [val/material]
    plastic: n=317 acc=0.9401 err=19 tp=127 tn=171 fp=3 fn=16 pred_pos=0.4101
    A4 paper: n=121 acc=0.9421 err=7 tp=64 tn=50 fp=6 fn=1 pred_pos=0.5785
    USB cable: n=121 acc=0.9917 err=1 tp=66 tn=54 fp=1 fn=0 pred_pos=0.5537
    soft foam earplug: n=118 acc=1.0000 err=0 tp=64 tn=54 fp=0 fn=0 pred_pos=0.5424
[INFO] epoch 18/40 started augment=probabilistic-augment
  [train] batch 1/76 loss=0.1110 avg=0.1110 speed=0.21 batch/s
  [train] batch 20/76 loss=0.0077 avg=0.0874 speed=1.62 batch/s
  [train] batch 40/76 loss=0.1393 avg=0.0871 speed=1.97 batch/s
  [train] batch 60/76 loss=0.0971 avg=0.0912 speed=1.89 batch/s
  [train] batch 76/76 loss=0.0735 avg=0.1033 speed=1.97 batch/s
[Epoch 018] loss=0.1033 window=8 val_acc=0.8700 balanced_acc=0.8702 smoothed_balanced_acc=0.9129 f1=0.8842 precision=0.7962 recall=0.9941 pred_pos=0.6233 mean_p=0.6324 mean_p_pos=0.9888 mean_p_neg=0.2769 tp=336 tn=253 fp=86 fn=2 lr=5.00e-04 time=57.6s
  [val/behavior]
    continuous variable-force pressing: n=139 acc=0.6403 err=50 tp=0 tn=89 fp=50 fn=0 pred_pos=0.3597
    diagonal changing-force pressing: n=27 acc=0.4074 err=16 tp=0 tn=11 fp=16 fn=0 pred_pos=0.5926
    diagonal constant-force pressing: n=62 acc=0.8548 err=9 tp=0 tn=53 fp=9 fn=0 pred_pos=0.1452
    constant-force pressing: n=83 acc=0.9036 err=8 tp=0 tn=75 fp=8 fn=0 pred_pos=0.0964
    static no motion: n=28 acc=0.8929 err=3 tp=0 tn=25 fp=3 fn=0 pred_pos=0.1071
    rotational sliding: n=136 acc=0.9853 err=2 tp=134 tn=0 fp=0 fn=2 pred_pos=0.9853
    translational sliding: n=136 acc=1.0000 err=0 tp=136 tn=0 fp=0 fn=0 pred_pos=1.0000
    diagonal rotational sliding: n=33 acc=1.0000 err=0 tp=33 tn=0 fp=0 fn=0 pred_pos=1.0000
    diagonal translational sliding: n=33 acc=1.0000 err=0 tp=33 tn=0 fp=0 fn=0 pred_pos=1.0000
  [val/motion_type]
    non-slip: n=339 acc=0.7463 err=86 tp=0 tn=253 fp=86 fn=0 pred_pos=0.2537
    rotation: n=169 acc=0.9882 err=2 tp=167 tn=0 fp=0 fn=2 pred_pos=0.9882
    translation: n=169 acc=1.0000 err=0 tp=169 tn=0 fp=0 fn=0 pred_pos=1.0000
  [val/session]
    session_026: n=60 acc=0.6000 err=24 tp=32 tn=4 fp=24 fn=0 pred_pos=0.9333
    session_057: n=60 acc=0.7333 err=16 tp=33 tn=11 fp=16 fn=0 pred_pos=0.8167
    session_036: n=61 acc=0.8197 err=11 tp=33 tn=17 fp=11 fn=0 pred_pos=0.7213
    session_016: n=47 acc=0.7660 err=11 tp=18 tn=18 fp=10 fn=1 pred_pos=0.5957
    session_011: n=49 acc=0.7959 err=10 tp=18 tn=21 fp=9 fn=1 pred_pos=0.5510
    session_031: n=57 acc=0.8596 err=8 tp=31 tn=18 fp=8 fn=0 pred_pos=0.6842
    session_046: n=60 acc=0.9333 err=4 tp=33 tn=23 fp=4 fn=0 pred_pos=0.6167
    session_021: n=61 acc=0.9508 err=3 tp=33 tn=25 fp=3 fn=0 pred_pos=0.5902
    session_001: n=47 acc=0.9787 err=1 tp=19 tn=27 fp=1 fn=0 pred_pos=0.4255
    session_052: n=65 acc=1.0000 err=0 tp=33 tn=32 fp=0 fn=0 pred_pos=0.5077
    session_041: n=61 acc=1.0000 err=0 tp=33 tn=28 fp=0 fn=0 pred_pos=0.5410
    session_006: n=49 acc=1.0000 err=0 tp=20 tn=29 fp=0 fn=0 pred_pos=0.4082
  [val/material]
    plastic: n=317 acc=0.8801 err=38 tp=141 tn=138 fp=36 fn=2 pred_pos=0.5584
    A4 paper: n=121 acc=0.7769 err=27 tp=65 tn=29 fp=27 fn=0 pred_pos=0.7603
    soft foam earplug: n=118 acc=0.8390 err=19 tp=64 tn=35 fp=19 fn=0 pred_pos=0.7034
    USB cable: n=121 acc=0.9669 err=4 tp=66 tn=51 fp=4 fn=0 pred_pos=0.5785
[INFO] epoch 19/40 started augment=probabilistic-augment
  [train] batch 1/76 loss=0.1843 avg=0.1843 speed=0.20 batch/s
  [train] batch 20/76 loss=0.0166 avg=0.1154 speed=1.68 batch/s
  [train] batch 40/76 loss=0.2513 avg=0.1214 speed=2.02 batch/s
  [train] batch 60/76 loss=0.0810 avg=0.1074 speed=1.92 batch/s
  [train] batch 76/76 loss=0.0932 avg=0.0974 speed=1.99 batch/s
[Epoch 019] loss=0.0974 window=8 val_acc=0.9513 balanced_acc=0.9512 smoothed_balanced_acc=0.9272 f1=0.9502 precision=0.9692 recall=0.9320 pred_pos=0.4801 mean_p=0.4862 mean_p_pos=0.9324 mean_p_neg=0.0414 tp=315 tn=329 fp=10 fn=23 lr=5.00e-04 time=53.6s
  [val/behavior]
    rotational sliding: n=136 acc=0.9191 err=11 tp=125 tn=0 fp=0 fn=11 pred_pos=0.9191
    diagonal translational sliding: n=33 acc=0.6667 err=11 tp=22 tn=0 fp=0 fn=11 pred_pos=0.6667
    diagonal changing-force pressing: n=27 acc=0.7037 err=8 tp=0 tn=19 fp=8 fn=0 pred_pos=0.2963
    continuous variable-force pressing: n=139 acc=0.9856 err=2 tp=0 tn=137 fp=2 fn=0 pred_pos=0.0144
    translational sliding: n=136 acc=0.9926 err=1 tp=135 tn=0 fp=0 fn=1 pred_pos=0.9926
    constant-force pressing: n=83 acc=1.0000 err=0 tp=0 tn=83 fp=0 fn=0 pred_pos=0.0000
    diagonal constant-force pressing: n=62 acc=1.0000 err=0 tp=0 tn=62 fp=0 fn=0 pred_pos=0.0000
    diagonal rotational sliding: n=33 acc=1.0000 err=0 tp=33 tn=0 fp=0 fn=0 pred_pos=1.0000
    static no motion: n=28 acc=1.0000 err=0 tp=0 tn=28 fp=0 fn=0 pred_pos=0.0000
  [val/motion_type]
    translation: n=169 acc=0.9290 err=12 tp=157 tn=0 fp=0 fn=12 pred_pos=0.9290
    rotation: n=169 acc=0.9349 err=11 tp=158 tn=0 fp=0 fn=11 pred_pos=0.9349
    non-slip: n=339 acc=0.9705 err=10 tp=0 tn=329 fp=10 fn=0 pred_pos=0.0295
  [val/session]
    session_052: n=65 acc=0.8308 err=11 tp=22 tn=32 fp=0 fn=11 pred_pos=0.3385
    session_057: n=60 acc=0.8667 err=8 tp=33 tn=19 fp=8 fn=0 pred_pos=0.6833
    session_011: n=49 acc=0.8367 err=8 tp=11 tn=30 fp=0 fn=8 pred_pos=0.2245
    session_016: n=47 acc=0.9362 err=3 tp=16 tn=28 fp=0 fn=3 pred_pos=0.3404
    session_026: n=60 acc=0.9667 err=2 tp=32 tn=26 fp=2 fn=0 pred_pos=0.5667
    session_021: n=61 acc=0.9836 err=1 tp=32 tn=28 fp=0 fn=1 pred_pos=0.5246
    session_041: n=61 acc=1.0000 err=0 tp=33 tn=28 fp=0 fn=0 pred_pos=0.5410
    session_036: n=61 acc=1.0000 err=0 tp=33 tn=28 fp=0 fn=0 pred_pos=0.5410
    session_046: n=60 acc=1.0000 err=0 tp=33 tn=27 fp=0 fn=0 pred_pos=0.5500
    session_031: n=57 acc=1.0000 err=0 tp=31 tn=26 fp=0 fn=0 pred_pos=0.5439
    session_006: n=49 acc=1.0000 err=0 tp=20 tn=29 fp=0 fn=0 pred_pos=0.4082
    session_001: n=47 acc=1.0000 err=0 tp=19 tn=28 fp=0 fn=0 pred_pos=0.4043
  [val/material]
    plastic: n=317 acc=0.9054 err=30 tp=121 tn=166 fp=8 fn=22 pred_pos=0.4069
    A4 paper: n=121 acc=0.9752 err=3 tp=64 tn=54 fp=2 fn=1 pred_pos=0.5455
    USB cable: n=121 acc=1.0000 err=0 tp=66 tn=55 fp=0 fn=0 pred_pos=0.5455
    soft foam earplug: n=118 acc=1.0000 err=0 tp=64 tn=54 fp=0 fn=0 pred_pos=0.5424
[INFO] epoch 20/40 started augment=probabilistic-augment
  [train] batch 1/76 loss=0.1009 avg=0.1009 speed=0.22 batch/s
  [train] batch 20/76 loss=0.0762 avg=0.0888 speed=1.67 batch/s
  [train] batch 40/76 loss=0.0994 avg=0.0768 speed=1.98 batch/s
  [train] batch 60/76 loss=0.1198 avg=0.0863 speed=1.87 batch/s
  [train] batch 76/76 loss=0.1870 avg=0.0983 speed=1.95 batch/s
[Epoch 020] loss=0.0983 window=8 val_acc=0.9291 balanced_acc=0.9290 smoothed_balanced_acc=0.9168 f1=0.9243 precision=0.9899 recall=0.8669 pred_pos=0.4372 mean_p=0.4343 mean_p_pos=0.8573 mean_p_neg=0.0125 tp=293 tn=336 fp=3 fn=45 lr=5.00e-04 time=57.9s
  [val/behavior]
    rotational sliding: n=136 acc=0.8015 err=27 tp=109 tn=0 fp=0 fn=27 pred_pos=0.8015
    diagonal translational sliding: n=33 acc=0.6061 err=13 tp=20 tn=0 fp=0 fn=13 pred_pos=0.6061
    diagonal rotational sliding: n=33 acc=0.8788 err=4 tp=29 tn=0 fp=0 fn=4 pred_pos=0.8788
    diagonal changing-force pressing: n=27 acc=0.8889 err=3 tp=0 tn=24 fp=3 fn=0 pred_pos=0.1111
    translational sliding: n=136 acc=0.9926 err=1 tp=135 tn=0 fp=0 fn=1 pred_pos=0.9926
    continuous variable-force pressing: n=139 acc=1.0000 err=0 tp=0 tn=139 fp=0 fn=0 pred_pos=0.0000
    constant-force pressing: n=83 acc=1.0000 err=0 tp=0 tn=83 fp=0 fn=0 pred_pos=0.0000
    diagonal constant-force pressing: n=62 acc=1.0000 err=0 tp=0 tn=62 fp=0 fn=0 pred_pos=0.0000
    static no motion: n=28 acc=1.0000 err=0 tp=0 tn=28 fp=0 fn=0 pred_pos=0.0000
  [val/motion_type]
    rotation: n=169 acc=0.8166 err=31 tp=138 tn=0 fp=0 fn=31 pred_pos=0.8166
    translation: n=169 acc=0.9172 err=14 tp=155 tn=0 fp=0 fn=14 pred_pos=0.9172
    non-slip: n=339 acc=0.9912 err=3 tp=0 tn=336 fp=3 fn=0 pred_pos=0.0088
  [val/session]
    session_011: n=49 acc=0.7143 err=14 tp=5 tn=30 fp=0 fn=14 pred_pos=0.1020
    session_052: n=65 acc=0.8000 err=13 tp=20 tn=32 fp=0 fn=13 pred_pos=0.3077
    session_016: n=47 acc=0.8085 err=9 tp=10 tn=28 fp=0 fn=9 pred_pos=0.2128
    session_057: n=60 acc=0.8833 err=7 tp=29 tn=24 fp=3 fn=4 pred_pos=0.5333
    session_046: n=60 acc=0.9333 err=4 tp=29 tn=27 fp=0 fn=4 pred_pos=0.4833
    session_021: n=61 acc=0.9836 err=1 tp=32 tn=28 fp=0 fn=1 pred_pos=0.5246
    session_041: n=61 acc=1.0000 err=0 tp=33 tn=28 fp=0 fn=0 pred_pos=0.5410
    session_036: n=61 acc=1.0000 err=0 tp=33 tn=28 fp=0 fn=0 pred_pos=0.5410
    session_026: n=60 acc=1.0000 err=0 tp=32 tn=28 fp=0 fn=0 pred_pos=0.5333
    session_031: n=57 acc=1.0000 err=0 tp=31 tn=26 fp=0 fn=0 pred_pos=0.5439
    session_006: n=49 acc=1.0000 err=0 tp=20 tn=29 fp=0 fn=0 pred_pos=0.4082
    session_001: n=47 acc=1.0000 err=0 tp=19 tn=28 fp=0 fn=0 pred_pos=0.4043
  [val/material]
    plastic: n=317 acc=0.8644 err=43 tp=103 tn=171 fp=3 fn=40 pred_pos=0.3344
    USB cable: n=121 acc=0.9669 err=4 tp=62 tn=55 fp=0 fn=4 pred_pos=0.5124
    A4 paper: n=121 acc=0.9917 err=1 tp=64 tn=56 fp=0 fn=1 pred_pos=0.5289
    soft foam earplug: n=118 acc=1.0000 err=0 tp=64 tn=54 fp=0 fn=0 pred_pos=0.5424
[INFO] epoch 21/40 started augment=probabilistic-augment
  [train] batch 1/76 loss=0.0152 avg=0.0152 speed=0.23 batch/s
  [train] batch 20/76 loss=0.0360 avg=0.1181 speed=1.65 batch/s
  [train] batch 40/76 loss=0.0434 avg=0.1122 speed=1.96 batch/s
  [train] batch 60/76 loss=0.0276 avg=0.1036 speed=1.86 batch/s
  [train] batch 76/76 loss=0.1110 avg=0.1020 speed=1.95 batch/s
[Epoch 021] loss=0.1020 window=8 val_acc=0.9202 balanced_acc=0.9203 smoothed_balanced_acc=0.9335 f1=0.9224 precision=0.8966 recall=0.9497 pred_pos=0.5288 mean_p=0.5372 mean_p_pos=0.9459 mean_p_neg=0.1297 tp=321 tn=302 fp=37 fn=17 lr=2.50e-04 time=54.7s
  [val/behavior]
    continuous variable-force pressing: n=139 acc=0.8417 err=22 tp=0 tn=117 fp=22 fn=0 pred_pos=0.1583
    diagonal changing-force pressing: n=27 acc=0.4815 err=14 tp=0 tn=13 fp=14 fn=0 pred_pos=0.5185
    diagonal translational sliding: n=33 acc=0.6970 err=10 tp=23 tn=0 fp=0 fn=10 pred_pos=0.6970
    rotational sliding: n=136 acc=0.9559 err=6 tp=130 tn=0 fp=0 fn=6 pred_pos=0.9559
    diagonal constant-force pressing: n=62 acc=0.9839 err=1 tp=0 tn=61 fp=1 fn=0 pred_pos=0.0161
    diagonal rotational sliding: n=33 acc=0.9697 err=1 tp=32 tn=0 fp=0 fn=1 pred_pos=0.9697
    translational sliding: n=136 acc=1.0000 err=0 tp=136 tn=0 fp=0 fn=0 pred_pos=1.0000
    constant-force pressing: n=83 acc=1.0000 err=0 tp=0 tn=83 fp=0 fn=0 pred_pos=0.0000
    static no motion: n=28 acc=1.0000 err=0 tp=0 tn=28 fp=0 fn=0 pred_pos=0.0000
  [val/motion_type]
    non-slip: n=339 acc=0.8909 err=37 tp=0 tn=302 fp=37 fn=0 pred_pos=0.1091
    translation: n=169 acc=0.9408 err=10 tp=159 tn=0 fp=0 fn=10 pred_pos=0.9408
    rotation: n=169 acc=0.9586 err=7 tp=162 tn=0 fp=0 fn=7 pred_pos=0.9586
  [val/session]
    session_026: n=60 acc=0.7167 err=17 tp=32 tn=11 fp=17 fn=0 pred_pos=0.8167
    session_057: n=60 acc=0.7500 err=15 tp=32 tn=13 fp=14 fn=1 pred_pos=0.7667
    session_052: n=65 acc=0.8462 err=10 tp=23 tn=32 fp=0 fn=10 pred_pos=0.3538
    session_036: n=61 acc=0.9344 err=4 tp=33 tn=24 fp=4 fn=0 pred_pos=0.6066
    session_011: n=49 acc=0.9184 err=4 tp=16 tn=29 fp=1 fn=3 pred_pos=0.3469
    session_016: n=47 acc=0.9362 err=3 tp=16 tn=28 fp=0 fn=3 pred_pos=0.3404
    session_046: n=60 acc=0.9833 err=1 tp=33 tn=26 fp=1 fn=0 pred_pos=0.5667
    session_041: n=61 acc=1.0000 err=0 tp=33 tn=28 fp=0 fn=0 pred_pos=0.5410
    session_021: n=61 acc=1.0000 err=0 tp=33 tn=28 fp=0 fn=0 pred_pos=0.5410
    session_031: n=57 acc=1.0000 err=0 tp=31 tn=26 fp=0 fn=0 pred_pos=0.5439
    session_006: n=49 acc=1.0000 err=0 tp=20 tn=29 fp=0 fn=0 pred_pos=0.4082
    session_001: n=47 acc=1.0000 err=0 tp=19 tn=28 fp=0 fn=0 pred_pos=0.4043
  [val/material]
    plastic: n=317 acc=0.8991 err=32 tp=126 tn=159 fp=15 fn=17 pred_pos=0.4448
    A4 paper: n=121 acc=0.8595 err=17 tp=65 tn=39 fp=17 fn=0 pred_pos=0.6777
    soft foam earplug: n=118 acc=0.9661 err=4 tp=64 tn=50 fp=4 fn=0 pred_pos=0.5763
    USB cable: n=121 acc=0.9917 err=1 tp=66 tn=54 fp=1 fn=0 pred_pos=0.5537
[INFO] epoch 22/40 started augment=probabilistic-augment
  [train] batch 1/76 loss=0.1249 avg=0.1249 speed=0.24 batch/s
  [train] batch 20/76 loss=0.0468 avg=0.0557 speed=1.40 batch/s
  [train] batch 40/76 loss=0.1870 avg=0.0450 speed=1.74 batch/s
  [train] batch 60/76 loss=0.0544 avg=0.0430 speed=1.74 batch/s
  [train] batch 76/76 loss=0.1412 avg=0.0483 speed=1.94 batch/s
[Epoch 022] loss=0.0483 window=8 val_acc=0.9498 balanced_acc=0.9497 smoothed_balanced_acc=0.9330 f1=0.9475 precision=0.9903 recall=0.9083 pred_pos=0.4579 mean_p=0.4589 mean_p_pos=0.9044 mean_p_neg=0.0147 tp=307 tn=336 fp=3 fn=31 lr=2.50e-04 time=58.4s
  [val/behavior]
    rotational sliding: n=136 acc=0.8750 err=17 tp=119 tn=0 fp=0 fn=17 pred_pos=0.8750
    diagonal translational sliding: n=33 acc=0.6667 err=11 tp=22 tn=0 fp=0 fn=11 pred_pos=0.6667
    diagonal rotational sliding: n=33 acc=0.9394 err=2 tp=31 tn=0 fp=0 fn=2 pred_pos=0.9394
    diagonal changing-force pressing: n=27 acc=0.9259 err=2 tp=0 tn=25 fp=2 fn=0 pred_pos=0.0741
    continuous variable-force pressing: n=139 acc=0.9928 err=1 tp=0 tn=138 fp=1 fn=0 pred_pos=0.0072
    translational sliding: n=136 acc=0.9926 err=1 tp=135 tn=0 fp=0 fn=1 pred_pos=0.9926
    constant-force pressing: n=83 acc=1.0000 err=0 tp=0 tn=83 fp=0 fn=0 pred_pos=0.0000
    diagonal constant-force pressing: n=62 acc=1.0000 err=0 tp=0 tn=62 fp=0 fn=0 pred_pos=0.0000
    static no motion: n=28 acc=1.0000 err=0 tp=0 tn=28 fp=0 fn=0 pred_pos=0.0000
  [val/motion_type]
    rotation: n=169 acc=0.8876 err=19 tp=150 tn=0 fp=0 fn=19 pred_pos=0.8876
    translation: n=169 acc=0.9290 err=12 tp=157 tn=0 fp=0 fn=12 pred_pos=0.9290
    non-slip: n=339 acc=0.9912 err=3 tp=0 tn=336 fp=3 fn=0 pred_pos=0.0088
  [val/session]
    session_052: n=65 acc=0.8308 err=11 tp=22 tn=32 fp=0 fn=11 pred_pos=0.3385
    session_011: n=49 acc=0.8163 err=9 tp=10 tn=30 fp=0 fn=9 pred_pos=0.2041
    session_016: n=47 acc=0.8511 err=7 tp=12 tn=28 fp=0 fn=7 pred_pos=0.2553
    session_057: n=60 acc=0.9333 err=4 tp=31 tn=25 fp=2 fn=2 pred_pos=0.5500
    session_021: n=61 acc=0.9836 err=1 tp=32 tn=28 fp=0 fn=1 pred_pos=0.5246
    session_046: n=60 acc=0.9833 err=1 tp=32 tn=27 fp=0 fn=1 pred_pos=0.5333
    session_026: n=60 acc=0.9833 err=1 tp=32 tn=27 fp=1 fn=0 pred_pos=0.5500
    session_041: n=61 acc=1.0000 err=0 tp=33 tn=28 fp=0 fn=0 pred_pos=0.5410
    session_036: n=61 acc=1.0000 err=0 tp=33 tn=28 fp=0 fn=0 pred_pos=0.5410
    session_031: n=57 acc=1.0000 err=0 tp=31 tn=26 fp=0 fn=0 pred_pos=0.5439
    session_006: n=49 acc=1.0000 err=0 tp=20 tn=29 fp=0 fn=0 pred_pos=0.4082
    session_001: n=47 acc=1.0000 err=0 tp=19 tn=28 fp=0 fn=0 pred_pos=0.4043
  [val/material]
    plastic: n=317 acc=0.9022 err=31 tp=114 tn=172 fp=2 fn=29 pred_pos=0.3659
    A4 paper: n=121 acc=0.9835 err=2 tp=64 tn=55 fp=1 fn=1 pred_pos=0.5372
    USB cable: n=121 acc=0.9917 err=1 tp=65 tn=55 fp=0 fn=1 pred_pos=0.5372
    soft foam earplug: n=118 acc=1.0000 err=0 tp=64 tn=54 fp=0 fn=0 pred_pos=0.5424
[INFO] epoch 23/40 started augment=probabilistic-augment
  [train] batch 1/76 loss=0.0013 avg=0.0013 speed=0.22 batch/s
  [train] batch 20/76 loss=0.0467 avg=0.0388 speed=1.68 batch/s
  [train] batch 40/76 loss=0.0441 avg=0.0465 speed=2.03 batch/s
  [train] batch 60/76 loss=0.1993 avg=0.0502 speed=1.92 batch/s
  [train] batch 76/76 loss=0.0009 avg=0.0512 speed=1.98 batch/s
[BEST] epoch=23 smoothed_balanced_acc=0.9404 saved
[Epoch 023] loss=0.0512 window=8 val_acc=0.9513 balanced_acc=0.9512 smoothed_balanced_acc=0.9404 f1=0.9499 precision=0.9751 recall=0.9260 pred_pos=0.4742 mean_p=0.4767 mean_p_pos=0.9285 mean_p_neg=0.0263 tp=313 tn=331 fp=8 fn=25 lr=2.50e-04 time=57.5s
  [val/behavior]
    rotational sliding: n=136 acc=0.9044 err=13 tp=123 tn=0 fp=0 fn=13 pred_pos=0.9044
    diagonal translational sliding: n=33 acc=0.6970 err=10 tp=23 tn=0 fp=0 fn=10 pred_pos=0.6970
    continuous variable-force pressing: n=139 acc=0.9568 err=6 tp=0 tn=133 fp=6 fn=0 pred_pos=0.0432
    diagonal changing-force pressing: n=27 acc=0.9259 err=2 tp=0 tn=25 fp=2 fn=0 pred_pos=0.0741
    translational sliding: n=136 acc=0.9926 err=1 tp=135 tn=0 fp=0 fn=1 pred_pos=0.9926
    diagonal rotational sliding: n=33 acc=0.9697 err=1 tp=32 tn=0 fp=0 fn=1 pred_pos=0.9697
    constant-force pressing: n=83 acc=1.0000 err=0 tp=0 tn=83 fp=0 fn=0 pred_pos=0.0000
    diagonal constant-force pressing: n=62 acc=1.0000 err=0 tp=0 tn=62 fp=0 fn=0 pred_pos=0.0000
    static no motion: n=28 acc=1.0000 err=0 tp=0 tn=28 fp=0 fn=0 pred_pos=0.0000
  [val/motion_type]
    rotation: n=169 acc=0.9172 err=14 tp=155 tn=0 fp=0 fn=14 pred_pos=0.9172
    translation: n=169 acc=0.9349 err=11 tp=158 tn=0 fp=0 fn=11 pred_pos=0.9349
    non-slip: n=339 acc=0.9764 err=8 tp=0 tn=331 fp=8 fn=0 pred_pos=0.0236
  [val/session]
    session_052: n=65 acc=0.8462 err=10 tp=23 tn=32 fp=0 fn=10 pred_pos=0.3538
    session_011: n=49 acc=0.8163 err=9 tp=10 tn=30 fp=0 fn=9 pred_pos=0.2041
    session_026: n=60 acc=0.9000 err=6 tp=32 tn=22 fp=6 fn=0 pred_pos=0.6333
    session_016: n=47 acc=0.9149 err=4 tp=15 tn=28 fp=0 fn=4 pred_pos=0.3191
    session_057: n=60 acc=0.9500 err=3 tp=32 tn=25 fp=2 fn=1 pred_pos=0.5667
    session_021: n=61 acc=0.9836 err=1 tp=32 tn=28 fp=0 fn=1 pred_pos=0.5246
    session_041: n=61 acc=1.0000 err=0 tp=33 tn=28 fp=0 fn=0 pred_pos=0.5410
    session_036: n=61 acc=1.0000 err=0 tp=33 tn=28 fp=0 fn=0 pred_pos=0.5410
    session_046: n=60 acc=1.0000 err=0 tp=33 tn=27 fp=0 fn=0 pred_pos=0.5500
    session_031: n=57 acc=1.0000 err=0 tp=31 tn=26 fp=0 fn=0 pred_pos=0.5439
    session_006: n=49 acc=1.0000 err=0 tp=20 tn=29 fp=0 fn=0 pred_pos=0.4082
    session_001: n=47 acc=1.0000 err=0 tp=19 tn=28 fp=0 fn=0 pred_pos=0.4043
  [val/material]
    plastic: n=317 acc=0.9180 err=26 tp=119 tn=172 fp=2 fn=24 pred_pos=0.3817
    A4 paper: n=121 acc=0.9421 err=7 tp=64 tn=50 fp=6 fn=1 pred_pos=0.5785
    USB cable: n=121 acc=1.0000 err=0 tp=66 tn=55 fp=0 fn=0 pred_pos=0.5455
    soft foam earplug: n=118 acc=1.0000 err=0 tp=64 tn=54 fp=0 fn=0 pred_pos=0.5424
[INFO] epoch 24/40 started augment=probabilistic-augment
  [train] batch 1/76 loss=0.0161 avg=0.0161 speed=0.23 batch/s
  [train] batch 20/76 loss=0.0187 avg=0.0495 speed=1.65 batch/s
  [train] batch 40/76 loss=0.0370 avg=0.0382 speed=1.98 batch/s
  [train] batch 60/76 loss=0.0789 avg=0.0351 speed=1.87 batch/s
  [train] batch 76/76 loss=0.0046 avg=0.0356 speed=1.96 batch/s
[BEST] epoch=24 smoothed_balanced_acc=0.9517 saved
[Epoch 024] loss=0.0356 window=8 val_acc=0.9542 balanced_acc=0.9542 smoothed_balanced_acc=0.9517 f1=0.9522 precision=0.9936 recall=0.9142 pred_pos=0.4594 mean_p=0.4661 mean_p_pos=0.9177 mean_p_neg=0.0159 tp=309 tn=337 fp=2 fn=29 lr=2.50e-04 time=58.3s
  [val/behavior]
    rotational sliding: n=136 acc=0.8897 err=15 tp=121 tn=0 fp=0 fn=15 pred_pos=0.8897
    diagonal translational sliding: n=33 acc=0.6667 err=11 tp=22 tn=0 fp=0 fn=11 pred_pos=0.6667
    diagonal rotational sliding: n=33 acc=0.9394 err=2 tp=31 tn=0 fp=0 fn=2 pred_pos=0.9394
    diagonal changing-force pressing: n=27 acc=0.9259 err=2 tp=0 tn=25 fp=2 fn=0 pred_pos=0.0741
    translational sliding: n=136 acc=0.9926 err=1 tp=135 tn=0 fp=0 fn=1 pred_pos=0.9926
    continuous variable-force pressing: n=139 acc=1.0000 err=0 tp=0 tn=139 fp=0 fn=0 pred_pos=0.0000
    constant-force pressing: n=83 acc=1.0000 err=0 tp=0 tn=83 fp=0 fn=0 pred_pos=0.0000
    diagonal constant-force pressing: n=62 acc=1.0000 err=0 tp=0 tn=62 fp=0 fn=0 pred_pos=0.0000
    static no motion: n=28 acc=1.0000 err=0 tp=0 tn=28 fp=0 fn=0 pred_pos=0.0000
  [val/motion_type]
    rotation: n=169 acc=0.8994 err=17 tp=152 tn=0 fp=0 fn=17 pred_pos=0.8994
    translation: n=169 acc=0.9290 err=12 tp=157 tn=0 fp=0 fn=12 pred_pos=0.9290
    non-slip: n=339 acc=0.9941 err=2 tp=0 tn=337 fp=2 fn=0 pred_pos=0.0059
  [val/session]
    session_052: n=65 acc=0.8308 err=11 tp=22 tn=32 fp=0 fn=11 pred_pos=0.3385
    session_011: n=49 acc=0.7959 err=10 tp=9 tn=30 fp=0 fn=10 pred_pos=0.1837
    session_016: n=47 acc=0.8936 err=5 tp=14 tn=28 fp=0 fn=5 pred_pos=0.2979
    session_057: n=60 acc=0.9333 err=4 tp=31 tn=25 fp=2 fn=2 pred_pos=0.5500
    session_021: n=61 acc=0.9836 err=1 tp=32 tn=28 fp=0 fn=1 pred_pos=0.5246
    session_041: n=61 acc=1.0000 err=0 tp=33 tn=28 fp=0 fn=0 pred_pos=0.5410
    session_036: n=61 acc=1.0000 err=0 tp=33 tn=28 fp=0 fn=0 pred_pos=0.5410
    session_046: n=60 acc=1.0000 err=0 tp=33 tn=27 fp=0 fn=0 pred_pos=0.5500
    session_026: n=60 acc=1.0000 err=0 tp=32 tn=28 fp=0 fn=0 pred_pos=0.5333
    session_031: n=57 acc=1.0000 err=0 tp=31 tn=26 fp=0 fn=0 pred_pos=0.5439
    session_006: n=49 acc=1.0000 err=0 tp=20 tn=29 fp=0 fn=0 pred_pos=0.4082
    session_001: n=47 acc=1.0000 err=0 tp=19 tn=28 fp=0 fn=0 pred_pos=0.4043
  [val/material]
    plastic: n=317 acc=0.9054 err=30 tp=115 tn=172 fp=2 fn=28 pred_pos=0.3691
    A4 paper: n=121 acc=0.9917 err=1 tp=64 tn=56 fp=0 fn=1 pred_pos=0.5289
    USB cable: n=121 acc=1.0000 err=0 tp=66 tn=55 fp=0 fn=0 pred_pos=0.5455
    soft foam earplug: n=118 acc=1.0000 err=0 tp=64 tn=54 fp=0 fn=0 pred_pos=0.5424
[INFO] epoch 25/40 started augment=probabilistic-augment
  [train] batch 1/76 loss=0.0218 avg=0.0218 speed=0.20 batch/s
  [train] batch 20/76 loss=0.1577 avg=0.0412 speed=1.69 batch/s
  [train] batch 40/76 loss=0.0475 avg=0.0459 speed=2.03 batch/s
  [train] batch 60/76 loss=0.0129 avg=0.0546 speed=1.94 batch/s
  [train] batch 76/76 loss=0.1423 avg=0.0566 speed=2.02 batch/s
[Epoch 025] loss=0.0566 window=8 val_acc=0.9321 balanced_acc=0.9320 smoothed_balanced_acc=0.9458 f1=0.9279 precision=0.9867 recall=0.8757 pred_pos=0.4431 mean_p=0.4416 mean_p_pos=0.8688 mean_p_neg=0.0158 tp=296 tn=335 fp=4 fn=42 lr=2.50e-04 time=55.6s
  [val/behavior]
    rotational sliding: n=136 acc=0.8162 err=25 tp=111 tn=0 fp=0 fn=25 pred_pos=0.8162
    diagonal translational sliding: n=33 acc=0.6061 err=13 tp=20 tn=0 fp=0 fn=13 pred_pos=0.6061
    diagonal changing-force pressing: n=27 acc=0.8519 err=4 tp=0 tn=23 fp=4 fn=0 pred_pos=0.1481
    translational sliding: n=136 acc=0.9853 err=2 tp=134 tn=0 fp=0 fn=2 pred_pos=0.9853
    diagonal rotational sliding: n=33 acc=0.9394 err=2 tp=31 tn=0 fp=0 fn=2 pred_pos=0.9394
    continuous variable-force pressing: n=139 acc=1.0000 err=0 tp=0 tn=139 fp=0 fn=0 pred_pos=0.0000
    constant-force pressing: n=83 acc=1.0000 err=0 tp=0 tn=83 fp=0 fn=0 pred_pos=0.0000
    diagonal constant-force pressing: n=62 acc=1.0000 err=0 tp=0 tn=62 fp=0 fn=0 pred_pos=0.0000
    static no motion: n=28 acc=1.0000 err=0 tp=0 tn=28 fp=0 fn=0 pred_pos=0.0000
  [val/motion_type]
    rotation: n=169 acc=0.8402 err=27 tp=142 tn=0 fp=0 fn=27 pred_pos=0.8402
    translation: n=169 acc=0.9112 err=15 tp=154 tn=0 fp=0 fn=15 pred_pos=0.9112
    non-slip: n=339 acc=0.9882 err=4 tp=0 tn=335 fp=4 fn=0 pred_pos=0.0118
  [val/session]
    session_011: n=49 acc=0.7143 err=14 tp=5 tn=30 fp=0 fn=14 pred_pos=0.1020
    session_052: n=65 acc=0.8000 err=13 tp=20 tn=32 fp=0 fn=13 pred_pos=0.3077
    session_016: n=47 acc=0.8085 err=9 tp=10 tn=28 fp=0 fn=9 pred_pos=0.2128
    session_057: n=60 acc=0.9000 err=6 tp=31 tn=23 fp=4 fn=2 pred_pos=0.5833
    session_021: n=61 acc=0.9672 err=2 tp=31 tn=28 fp=0 fn=2 pred_pos=0.5082
    session_046: n=60 acc=0.9667 err=2 tp=31 tn=27 fp=0 fn=2 pred_pos=0.5167
    session_041: n=61 acc=1.0000 err=0 tp=33 tn=28 fp=0 fn=0 pred_pos=0.5410
    session_036: n=61 acc=1.0000 err=0 tp=33 tn=28 fp=0 fn=0 pred_pos=0.5410
    session_026: n=60 acc=1.0000 err=0 tp=32 tn=28 fp=0 fn=0 pred_pos=0.5333
    session_031: n=57 acc=1.0000 err=0 tp=31 tn=26 fp=0 fn=0 pred_pos=0.5439
    session_006: n=49 acc=1.0000 err=0 tp=20 tn=29 fp=0 fn=0 pred_pos=0.4082
    session_001: n=47 acc=1.0000 err=0 tp=19 tn=28 fp=0 fn=0 pred_pos=0.4043
  [val/material]
    plastic: n=317 acc=0.8675 err=42 tp=105 tn=170 fp=4 fn=38 pred_pos=0.3438
    USB cable: n=121 acc=0.9835 err=2 tp=64 tn=55 fp=0 fn=2 pred_pos=0.5289
    A4 paper: n=121 acc=0.9835 err=2 tp=63 tn=56 fp=0 fn=2 pred_pos=0.5207
    soft foam earplug: n=118 acc=1.0000 err=0 tp=64 tn=54 fp=0 fn=0 pred_pos=0.5424
[INFO] epoch 26/40 started augment=probabilistic-augment
  [train] batch 1/76 loss=0.1144 avg=0.1144 speed=0.23 batch/s
  [train] batch 20/76 loss=0.0096 avg=0.0400 speed=1.70 batch/s
  [train] batch 40/76 loss=0.0060 avg=0.0402 speed=2.05 batch/s
  [train] batch 60/76 loss=0.1934 avg=0.0465 speed=1.97 batch/s
  [train] batch 76/76 loss=0.1243 avg=0.0462 speed=2.03 batch/s
[Epoch 026] loss=0.0462 window=8 val_acc=0.9453 balanced_acc=0.9453 smoothed_balanced_acc=0.9438 f1=0.9425 precision=0.9934 recall=0.8964 pred_pos=0.4505 mean_p=0.4489 mean_p_pos=0.8899 mean_p_neg=0.0093 tp=303 tn=337 fp=2 fn=35 lr=2.50e-04 time=55.0s
  [val/behavior]
    rotational sliding: n=136 acc=0.8824 err=16 tp=120 tn=0 fp=0 fn=16 pred_pos=0.8824
    diagonal translational sliding: n=33 acc=0.6061 err=13 tp=20 tn=0 fp=0 fn=13 pred_pos=0.6061
    translational sliding: n=136 acc=0.9706 err=4 tp=132 tn=0 fp=0 fn=4 pred_pos=0.9706
    diagonal rotational sliding: n=33 acc=0.9394 err=2 tp=31 tn=0 fp=0 fn=2 pred_pos=0.9394
    continuous variable-force pressing: n=139 acc=0.9928 err=1 tp=0 tn=138 fp=1 fn=0 pred_pos=0.0072
    diagonal changing-force pressing: n=27 acc=0.9630 err=1 tp=0 tn=26 fp=1 fn=0 pred_pos=0.0370
    constant-force pressing: n=83 acc=1.0000 err=0 tp=0 tn=83 fp=0 fn=0 pred_pos=0.0000
    diagonal constant-force pressing: n=62 acc=1.0000 err=0 tp=0 tn=62 fp=0 fn=0 pred_pos=0.0000
    static no motion: n=28 acc=1.0000 err=0 tp=0 tn=28 fp=0 fn=0 pred_pos=0.0000
  [val/motion_type]
    rotation: n=169 acc=0.8935 err=18 tp=151 tn=0 fp=0 fn=18 pred_pos=0.8935
    translation: n=169 acc=0.8994 err=17 tp=152 tn=0 fp=0 fn=17 pred_pos=0.8994
    non-slip: n=339 acc=0.9941 err=2 tp=0 tn=337 fp=2 fn=0 pred_pos=0.0059
  [val/session]
    session_052: n=65 acc=0.8000 err=13 tp=20 tn=32 fp=0 fn=13 pred_pos=0.3077
    session_011: n=49 acc=0.7959 err=10 tp=9 tn=30 fp=0 fn=10 pred_pos=0.1837
    session_016: n=47 acc=0.8936 err=5 tp=14 tn=28 fp=0 fn=5 pred_pos=0.2979
    session_021: n=61 acc=0.9508 err=3 tp=30 tn=28 fp=0 fn=3 pred_pos=0.4918
    session_057: n=60 acc=0.9500 err=3 tp=31 tn=26 fp=1 fn=2 pred_pos=0.5333
    session_041: n=61 acc=0.9836 err=1 tp=32 tn=28 fp=0 fn=1 pred_pos=0.5246
    session_046: n=60 acc=0.9833 err=1 tp=32 tn=27 fp=0 fn=1 pred_pos=0.5333
    session_026: n=60 acc=0.9833 err=1 tp=32 tn=27 fp=1 fn=0 pred_pos=0.5500
    session_036: n=61 acc=1.0000 err=0 tp=33 tn=28 fp=0 fn=0 pred_pos=0.5410
    session_031: n=57 acc=1.0000 err=0 tp=31 tn=26 fp=0 fn=0 pred_pos=0.5439
    session_006: n=49 acc=1.0000 err=0 tp=20 tn=29 fp=0 fn=0 pred_pos=0.4082
    session_001: n=47 acc=1.0000 err=0 tp=19 tn=28 fp=0 fn=0 pred_pos=0.4043
  [val/material]
    plastic: n=317 acc=0.9022 err=31 tp=113 tn=173 fp=1 fn=30 pred_pos=0.3596
    A4 paper: n=121 acc=0.9669 err=4 tp=62 tn=55 fp=1 fn=3 pred_pos=0.5207
    USB cable: n=121 acc=0.9835 err=2 tp=64 tn=55 fp=0 fn=2 pred_pos=0.5289
    soft foam earplug: n=118 acc=1.0000 err=0 tp=64 tn=54 fp=0 fn=0 pred_pos=0.5424
[INFO] epoch 27/40 started augment=probabilistic-augment
  [train] batch 1/76 loss=0.0892 avg=0.0892 speed=0.24 batch/s
  [train] batch 20/76 loss=0.0048 avg=0.0372 speed=1.70 batch/s
  [train] batch 40/76 loss=0.0023 avg=0.0256 speed=2.04 batch/s
  [train] batch 60/76 loss=0.4234 avg=0.0361 speed=1.89 batch/s
  [train] batch 76/76 loss=0.0238 avg=0.0357 speed=1.98 batch/s
[Epoch 027] loss=0.0357 window=8 val_acc=0.9586 balanced_acc=0.9586 smoothed_balanced_acc=0.9453 f1=0.9577 precision=0.9784 recall=0.9379 pred_pos=0.4786 mean_p=0.4835 mean_p_pos=0.9407 mean_p_neg=0.0277 tp=317 tn=332 fp=7 fn=21 lr=2.50e-04 time=53.4s
  [val/behavior]
    diagonal translational sliding: n=33 acc=0.6667 err=11 tp=22 tn=0 fp=0 fn=11 pred_pos=0.6667
    rotational sliding: n=136 acc=0.9412 err=8 tp=128 tn=0 fp=0 fn=8 pred_pos=0.9412
    continuous variable-force pressing: n=139 acc=0.9640 err=5 tp=0 tn=134 fp=5 fn=0 pred_pos=0.0360
    diagonal rotational sliding: n=33 acc=0.9394 err=2 tp=31 tn=0 fp=0 fn=2 pred_pos=0.9394
    diagonal changing-force pressing: n=27 acc=0.9259 err=2 tp=0 tn=25 fp=2 fn=0 pred_pos=0.0741
    translational sliding: n=136 acc=1.0000 err=0 tp=136 tn=0 fp=0 fn=0 pred_pos=1.0000
    constant-force pressing: n=83 acc=1.0000 err=0 tp=0 tn=83 fp=0 fn=0 pred_pos=0.0000
    diagonal constant-force pressing: n=62 acc=1.0000 err=0 tp=0 tn=62 fp=0 fn=0 pred_pos=0.0000
    static no motion: n=28 acc=1.0000 err=0 tp=0 tn=28 fp=0 fn=0 pred_pos=0.0000
  [val/motion_type]
    translation: n=169 acc=0.9349 err=11 tp=158 tn=0 fp=0 fn=11 pred_pos=0.9349
    rotation: n=169 acc=0.9408 err=10 tp=159 tn=0 fp=0 fn=10 pred_pos=0.9408
    non-slip: n=339 acc=0.9794 err=7 tp=0 tn=332 fp=7 fn=0 pred_pos=0.0206
  [val/session]
    session_052: n=65 acc=0.8308 err=11 tp=22 tn=32 fp=0 fn=11 pred_pos=0.3385
    session_011: n=49 acc=0.8776 err=6 tp=13 tn=30 fp=0 fn=6 pred_pos=0.2653
    session_026: n=60 acc=0.9167 err=5 tp=32 tn=23 fp=5 fn=0 pred_pos=0.6167
    session_057: n=60 acc=0.9333 err=4 tp=31 tn=25 fp=2 fn=2 pred_pos=0.5500
    session_016: n=47 acc=0.9574 err=2 tp=17 tn=28 fp=0 fn=2 pred_pos=0.3617
    session_041: n=61 acc=1.0000 err=0 tp=33 tn=28 fp=0 fn=0 pred_pos=0.5410
    session_021: n=61 acc=1.0000 err=0 tp=33 tn=28 fp=0 fn=0 pred_pos=0.5410
    session_036: n=61 acc=1.0000 err=0 tp=33 tn=28 fp=0 fn=0 pred_pos=0.5410
    session_046: n=60 acc=1.0000 err=0 tp=33 tn=27 fp=0 fn=0 pred_pos=0.5500
    session_031: n=57 acc=1.0000 err=0 tp=31 tn=26 fp=0 fn=0 pred_pos=0.5439
    session_006: n=49 acc=1.0000 err=0 tp=20 tn=29 fp=0 fn=0 pred_pos=0.4082
    session_001: n=47 acc=1.0000 err=0 tp=19 tn=28 fp=0 fn=0 pred_pos=0.4043
  [val/material]
    plastic: n=317 acc=0.9274 err=23 tp=122 tn=172 fp=2 fn=21 pred_pos=0.3912
    A4 paper: n=121 acc=0.9587 err=5 tp=65 tn=51 fp=5 fn=0 pred_pos=0.5785
    USB cable: n=121 acc=1.0000 err=0 tp=66 tn=55 fp=0 fn=0 pred_pos=0.5455
    soft foam earplug: n=118 acc=1.0000 err=0 tp=64 tn=54 fp=0 fn=0 pred_pos=0.5424
[INFO] epoch 28/40 started augment=probabilistic-augment
  [train] batch 1/76 loss=0.0157 avg=0.0157 speed=0.24 batch/s
  [train] batch 20/76 loss=0.0619 avg=0.0232 speed=1.68 batch/s
  [train] batch 40/76 loss=0.0126 avg=0.0387 speed=1.98 batch/s
  [train] batch 60/76 loss=0.1076 avg=0.0392 speed=1.91 batch/s
  [train] batch 76/76 loss=0.0200 avg=0.0378 speed=1.98 batch/s
[Epoch 028] loss=0.0378 window=8 val_acc=0.9483 balanced_acc=0.9483 smoothed_balanced_acc=0.9507 f1=0.9493 precision=0.9292 recall=0.9704 pred_pos=0.5214 mean_p=0.5264 mean_p_pos=0.9693 mean_p_neg=0.0849 tp=328 tn=314 fp=25 fn=10 lr=1.25e-04 time=52.3s
  [val/behavior]
    continuous variable-force pressing: n=139 acc=0.8633 err=19 tp=0 tn=120 fp=19 fn=0 pred_pos=0.1367
    rotational sliding: n=136 acc=0.9559 err=6 tp=130 tn=0 fp=0 fn=6 pred_pos=0.9559
    diagonal changing-force pressing: n=27 acc=0.8148 err=5 tp=0 tn=22 fp=5 fn=0 pred_pos=0.1852
    diagonal rotational sliding: n=33 acc=0.9394 err=2 tp=31 tn=0 fp=0 fn=2 pred_pos=0.9394
    diagonal translational sliding: n=33 acc=0.9394 err=2 tp=31 tn=0 fp=0 fn=2 pred_pos=0.9394
    static no motion: n=28 acc=0.9643 err=1 tp=0 tn=27 fp=1 fn=0 pred_pos=0.0357
    translational sliding: n=136 acc=1.0000 err=0 tp=136 tn=0 fp=0 fn=0 pred_pos=1.0000
    constant-force pressing: n=83 acc=1.0000 err=0 tp=0 tn=83 fp=0 fn=0 pred_pos=0.0000
    diagonal constant-force pressing: n=62 acc=1.0000 err=0 tp=0 tn=62 fp=0 fn=0 pred_pos=0.0000
  [val/motion_type]
    non-slip: n=339 acc=0.9263 err=25 tp=0 tn=314 fp=25 fn=0 pred_pos=0.0737
    rotation: n=169 acc=0.9527 err=8 tp=161 tn=0 fp=0 fn=8 pred_pos=0.9527
    translation: n=169 acc=0.9882 err=2 tp=167 tn=0 fp=0 fn=2 pred_pos=0.9882
  [val/session]
    session_026: n=60 acc=0.7667 err=14 tp=32 tn=14 fp=14 fn=0 pred_pos=0.7667
    session_057: n=60 acc=0.8833 err=7 tp=31 tn=22 fp=5 fn=2 pred_pos=0.6000
    session_036: n=61 acc=0.9180 err=5 tp=33 tn=23 fp=5 fn=0 pred_pos=0.6230
    session_011: n=49 acc=0.9184 err=4 tp=15 tn=30 fp=0 fn=4 pred_pos=0.3061
    session_052: n=65 acc=0.9692 err=2 tp=31 tn=32 fp=0 fn=2 pred_pos=0.4769
    session_016: n=47 acc=0.9574 err=2 tp=17 tn=28 fp=0 fn=2 pred_pos=0.3617
    session_021: n=61 acc=0.9836 err=1 tp=33 tn=27 fp=1 fn=0 pred_pos=0.5574
    session_041: n=61 acc=1.0000 err=0 tp=33 tn=28 fp=0 fn=0 pred_pos=0.5410
    session_046: n=60 acc=1.0000 err=0 tp=33 tn=27 fp=0 fn=0 pred_pos=0.5500
    session_031: n=57 acc=1.0000 err=0 tp=31 tn=26 fp=0 fn=0 pred_pos=0.5439
    session_006: n=49 acc=1.0000 err=0 tp=20 tn=29 fp=0 fn=0 pred_pos=0.4082
    session_001: n=47 acc=1.0000 err=0 tp=19 tn=28 fp=0 fn=0 pred_pos=0.4043
  [val/material]
    plastic: n=317 acc=0.9527 err=15 tp=133 tn=169 fp=5 fn=10 pred_pos=0.4353
    A4 paper: n=121 acc=0.8760 err=15 tp=65 tn=41 fp=15 fn=0 pred_pos=0.6612
    soft foam earplug: n=118 acc=0.9576 err=5 tp=64 tn=49 fp=5 fn=0 pred_pos=0.5847
    USB cable: n=121 acc=1.0000 err=0 tp=66 tn=55 fp=0 fn=0 pred_pos=0.5455
[INFO] epoch 29/40 started augment=probabilistic-augment
  [train] batch 1/76 loss=0.0590 avg=0.0590 speed=0.21 batch/s
  [train] batch 20/76 loss=0.0007 avg=0.0247 speed=1.66 batch/s
  [train] batch 40/76 loss=0.2000 avg=0.0318 speed=2.00 batch/s
  [train] batch 60/76 loss=0.0016 avg=0.0308 speed=1.90 batch/s
  [train] batch 76/76 loss=0.0023 avg=0.0325 speed=1.98 batch/s
[BEST] epoch=29 smoothed_balanced_acc=0.9522 saved
[Epoch 029] loss=0.0325 window=8 val_acc=0.9498 balanced_acc=0.9497 smoothed_balanced_acc=0.9522 f1=0.9482 precision=0.9780 recall=0.9201 pred_pos=0.4697 mean_p=0.4709 mean_p_pos=0.9215 mean_p_neg=0.0217 tp=311 tn=332 fp=7 fn=27 lr=1.25e-04 time=53.1s
  [val/behavior]
    rotational sliding: n=136 acc=0.9044 err=13 tp=123 tn=0 fp=0 fn=13 pred_pos=0.9044
    diagonal translational sliding: n=33 acc=0.6364 err=12 tp=21 tn=0 fp=0 fn=12 pred_pos=0.6364
    continuous variable-force pressing: n=139 acc=0.9712 err=4 tp=0 tn=135 fp=4 fn=0 pred_pos=0.0288
    diagonal changing-force pressing: n=27 acc=0.8889 err=3 tp=0 tn=24 fp=3 fn=0 pred_pos=0.1111
    translational sliding: n=136 acc=0.9926 err=1 tp=135 tn=0 fp=0 fn=1 pred_pos=0.9926
    diagonal rotational sliding: n=33 acc=0.9697 err=1 tp=32 tn=0 fp=0 fn=1 pred_pos=0.9697
    constant-force pressing: n=83 acc=1.0000 err=0 tp=0 tn=83 fp=0 fn=0 pred_pos=0.0000
    diagonal constant-force pressing: n=62 acc=1.0000 err=0 tp=0 tn=62 fp=0 fn=0 pred_pos=0.0000
    static no motion: n=28 acc=1.0000 err=0 tp=0 tn=28 fp=0 fn=0 pred_pos=0.0000
  [val/motion_type]
    rotation: n=169 acc=0.9172 err=14 tp=155 tn=0 fp=0 fn=14 pred_pos=0.9172
    translation: n=169 acc=0.9231 err=13 tp=156 tn=0 fp=0 fn=13 pred_pos=0.9231
    non-slip: n=339 acc=0.9794 err=7 tp=0 tn=332 fp=7 fn=0 pred_pos=0.0206
  [val/session]
    session_052: n=65 acc=0.8154 err=12 tp=21 tn=32 fp=0 fn=12 pred_pos=0.3231
    session_011: n=49 acc=0.8163 err=9 tp=10 tn=30 fp=0 fn=9 pred_pos=0.2041
    session_057: n=60 acc=0.9333 err=4 tp=32 tn=24 fp=3 fn=1 pred_pos=0.5833
    session_026: n=60 acc=0.9333 err=4 tp=32 tn=24 fp=4 fn=0 pred_pos=0.6000
    session_016: n=47 acc=0.9149 err=4 tp=15 tn=28 fp=0 fn=4 pred_pos=0.3191
    session_021: n=61 acc=0.9836 err=1 tp=32 tn=28 fp=0 fn=1 pred_pos=0.5246
    session_041: n=61 acc=1.0000 err=0 tp=33 tn=28 fp=0 fn=0 pred_pos=0.5410
    session_036: n=61 acc=1.0000 err=0 tp=33 tn=28 fp=0 fn=0 pred_pos=0.5410
    session_046: n=60 acc=1.0000 err=0 tp=33 tn=27 fp=0 fn=0 pred_pos=0.5500
    session_031: n=57 acc=1.0000 err=0 tp=31 tn=26 fp=0 fn=0 pred_pos=0.5439
    session_006: n=49 acc=1.0000 err=0 tp=20 tn=29 fp=0 fn=0 pred_pos=0.4082
    session_001: n=47 acc=1.0000 err=0 tp=19 tn=28 fp=0 fn=0 pred_pos=0.4043
  [val/material]
    plastic: n=317 acc=0.9085 err=29 tp=117 tn=171 fp=3 fn=26 pred_pos=0.3785
    A4 paper: n=121 acc=0.9587 err=5 tp=64 tn=52 fp=4 fn=1 pred_pos=0.5620
    USB cable: n=121 acc=1.0000 err=0 tp=66 tn=55 fp=0 fn=0 pred_pos=0.5455
    soft foam earplug: n=118 acc=1.0000 err=0 tp=64 tn=54 fp=0 fn=0 pred_pos=0.5424
[INFO] epoch 30/40 started augment=probabilistic-augment
  [train] batch 1/76 loss=0.0045 avg=0.0045 speed=0.20 batch/s
  [train] batch 20/76 loss=0.0017 avg=0.0137 speed=1.62 batch/s
  [train] batch 40/76 loss=0.0452 avg=0.0183 speed=1.97 batch/s
  [train] batch 60/76 loss=0.0632 avg=0.0202 speed=1.87 batch/s
  [train] batch 76/76 loss=0.0016 avg=0.0209 speed=1.95 batch/s
[BEST] epoch=30 smoothed_balanced_acc=0.9527 saved
[Epoch 030] loss=0.0209 window=8 val_acc=0.9601 balanced_acc=0.9601 smoothed_balanced_acc=0.9527 f1=0.9590 precision=0.9844 recall=0.9349 pred_pos=0.4742 mean_p=0.4747 mean_p_pos=0.9309 mean_p_neg=0.0199 tp=316 tn=334 fp=5 fn=22 lr=1.25e-04 time=58.0s
  [val/behavior]
    rotational sliding: n=136 acc=0.9191 err=11 tp=125 tn=0 fp=0 fn=11 pred_pos=0.9191
    diagonal translational sliding: n=33 acc=0.7273 err=9 tp=24 tn=0 fp=0 fn=9 pred_pos=0.7273
    diagonal changing-force pressing: n=27 acc=0.8889 err=3 tp=0 tn=24 fp=3 fn=0 pred_pos=0.1111
    continuous variable-force pressing: n=139 acc=0.9856 err=2 tp=0 tn=137 fp=2 fn=0 pred_pos=0.0144
    diagonal rotational sliding: n=33 acc=0.9394 err=2 tp=31 tn=0 fp=0 fn=2 pred_pos=0.9394
    translational sliding: n=136 acc=1.0000 err=0 tp=136 tn=0 fp=0 fn=0 pred_pos=1.0000
    constant-force pressing: n=83 acc=1.0000 err=0 tp=0 tn=83 fp=0 fn=0 pred_pos=0.0000
    diagonal constant-force pressing: n=62 acc=1.0000 err=0 tp=0 tn=62 fp=0 fn=0 pred_pos=0.0000
    static no motion: n=28 acc=1.0000 err=0 tp=0 tn=28 fp=0 fn=0 pred_pos=0.0000
  [val/motion_type]
    rotation: n=169 acc=0.9231 err=13 tp=156 tn=0 fp=0 fn=13 pred_pos=0.9231
    translation: n=169 acc=0.9467 err=9 tp=160 tn=0 fp=0 fn=9 pred_pos=0.9467
    non-slip: n=339 acc=0.9853 err=5 tp=0 tn=334 fp=5 fn=0 pred_pos=0.0147
  [val/session]
    session_052: n=65 acc=0.8615 err=9 tp=24 tn=32 fp=0 fn=9 pred_pos=0.3692
    session_011: n=49 acc=0.8367 err=8 tp=11 tn=30 fp=0 fn=8 pred_pos=0.2245
    session_057: n=60 acc=0.9167 err=5 tp=31 tn=24 fp=3 fn=2 pred_pos=0.5667
    session_016: n=47 acc=0.9362 err=3 tp=16 tn=28 fp=0 fn=3 pred_pos=0.3404
    session_026: n=60 acc=0.9667 err=2 tp=32 tn=26 fp=2 fn=0 pred_pos=0.5667
    session_041: n=61 acc=1.0000 err=0 tp=33 tn=28 fp=0 fn=0 pred_pos=0.5410
    session_021: n=61 acc=1.0000 err=0 tp=33 tn=28 fp=0 fn=0 pred_pos=0.5410
    session_036: n=61 acc=1.0000 err=0 tp=33 tn=28 fp=0 fn=0 pred_pos=0.5410
    session_046: n=60 acc=1.0000 err=0 tp=33 tn=27 fp=0 fn=0 pred_pos=0.5500
    session_031: n=57 acc=1.0000 err=0 tp=31 tn=26 fp=0 fn=0 pred_pos=0.5439
    session_006: n=49 acc=1.0000 err=0 tp=20 tn=29 fp=0 fn=0 pred_pos=0.4082
    session_001: n=47 acc=1.0000 err=0 tp=19 tn=28 fp=0 fn=0 pred_pos=0.4043
  [val/material]
    plastic: n=317 acc=0.9211 err=25 tp=121 tn=171 fp=3 fn=22 pred_pos=0.3912
    A4 paper: n=121 acc=0.9835 err=2 tp=65 tn=54 fp=2 fn=0 pred_pos=0.5537
    USB cable: n=121 acc=1.0000 err=0 tp=66 tn=55 fp=0 fn=0 pred_pos=0.5455
    soft foam earplug: n=118 acc=1.0000 err=0 tp=64 tn=54 fp=0 fn=0 pred_pos=0.5424
[INFO] epoch 31/40 started augment=probabilistic-augment
  [train] batch 1/76 loss=0.0015 avg=0.0015 speed=0.23 batch/s
  [train] batch 20/76 loss=0.0059 avg=0.0121 speed=1.68 batch/s
  [train] batch 40/76 loss=0.0017 avg=0.0186 speed=2.00 batch/s
  [train] batch 60/76 loss=0.0091 avg=0.0188 speed=1.92 batch/s
  [train] batch 76/76 loss=0.0010 avg=0.0198 speed=1.98 batch/s
[Epoch 031] loss=0.0198 window=8 val_acc=0.9483 balanced_acc=0.9483 smoothed_balanced_acc=0.9527 f1=0.9469 precision=0.9720 recall=0.9231 pred_pos=0.4742 mean_p=0.4762 mean_p_pos=0.9258 mean_p_neg=0.0280 tp=312 tn=330 fp=9 fn=26 lr=1.25e-04 time=53.8s
  [val/behavior]
    rotational sliding: n=136 acc=0.8897 err=15 tp=121 tn=0 fp=0 fn=15 pred_pos=0.8897
    diagonal translational sliding: n=33 acc=0.6970 err=10 tp=23 tn=0 fp=0 fn=10 pred_pos=0.6970
    continuous variable-force pressing: n=139 acc=0.9568 err=6 tp=0 tn=133 fp=6 fn=0 pred_pos=0.0432
    diagonal changing-force pressing: n=27 acc=0.8889 err=3 tp=0 tn=24 fp=3 fn=0 pred_pos=0.1111
    diagonal rotational sliding: n=33 acc=0.9697 err=1 tp=32 tn=0 fp=0 fn=1 pred_pos=0.9697
    translational sliding: n=136 acc=1.0000 err=0 tp=136 tn=0 fp=0 fn=0 pred_pos=1.0000
    constant-force pressing: n=83 acc=1.0000 err=0 tp=0 tn=83 fp=0 fn=0 pred_pos=0.0000
    diagonal constant-force pressing: n=62 acc=1.0000 err=0 tp=0 tn=62 fp=0 fn=0 pred_pos=0.0000
    static no motion: n=28 acc=1.0000 err=0 tp=0 tn=28 fp=0 fn=0 pred_pos=0.0000
  [val/motion_type]
    rotation: n=169 acc=0.9053 err=16 tp=153 tn=0 fp=0 fn=16 pred_pos=0.9053
    translation: n=169 acc=0.9408 err=10 tp=159 tn=0 fp=0 fn=10 pred_pos=0.9408
    non-slip: n=339 acc=0.9735 err=9 tp=0 tn=330 fp=9 fn=0 pred_pos=0.0265
  [val/session]
    session_052: n=65 acc=0.8462 err=10 tp=23 tn=32 fp=0 fn=10 pred_pos=0.3538
    session_011: n=49 acc=0.8367 err=8 tp=11 tn=30 fp=0 fn=8 pred_pos=0.2245
    session_026: n=60 acc=0.9000 err=6 tp=32 tn=22 fp=6 fn=0 pred_pos=0.6333
    session_016: n=47 acc=0.8723 err=6 tp=13 tn=28 fp=0 fn=6 pred_pos=0.2766
    session_057: n=60 acc=0.9333 err=4 tp=32 tn=24 fp=3 fn=1 pred_pos=0.5833
    session_046: n=60 acc=0.9833 err=1 tp=32 tn=27 fp=0 fn=1 pred_pos=0.5333
    session_041: n=61 acc=1.0000 err=0 tp=33 tn=28 fp=0 fn=0 pred_pos=0.5410
    session_021: n=61 acc=1.0000 err=0 tp=33 tn=28 fp=0 fn=0 pred_pos=0.5410
    session_036: n=61 acc=1.0000 err=0 tp=33 tn=28 fp=0 fn=0 pred_pos=0.5410
    session_031: n=57 acc=1.0000 err=0 tp=31 tn=26 fp=0 fn=0 pred_pos=0.5439
    session_006: n=49 acc=1.0000 err=0 tp=20 tn=29 fp=0 fn=0 pred_pos=0.4082
    session_001: n=47 acc=1.0000 err=0 tp=19 tn=28 fp=0 fn=0 pred_pos=0.4043
  [val/material]
    plastic: n=317 acc=0.9117 err=28 tp=118 tn=171 fp=3 fn=25 pred_pos=0.3817
    A4 paper: n=121 acc=0.9504 err=6 tp=65 tn=50 fp=6 fn=0 pred_pos=0.5868
    USB cable: n=121 acc=0.9917 err=1 tp=65 tn=55 fp=0 fn=1 pred_pos=0.5372
    soft foam earplug: n=118 acc=1.0000 err=0 tp=64 tn=54 fp=0 fn=0 pred_pos=0.5424
[INFO] epoch 32/40 started augment=probabilistic-augment
  [train] batch 1/76 loss=0.0007 avg=0.0007 speed=0.23 batch/s
  [train] batch 20/76 loss=0.0233 avg=0.0168 speed=1.64 batch/s
  [train] batch 40/76 loss=0.0008 avg=0.0127 speed=1.98 batch/s
  [train] batch 60/76 loss=0.0604 avg=0.0316 speed=1.87 batch/s
  [train] batch 76/76 loss=0.0004 avg=0.0342 speed=1.95 batch/s
[BEST] epoch=32 smoothed_balanced_acc=0.9596 saved
[Epoch 032] loss=0.0342 window=8 val_acc=0.9705 balanced_acc=0.9704 smoothed_balanced_acc=0.9596 f1=0.9702 precision=0.9760 recall=0.9645 pred_pos=0.4934 mean_p=0.4933 mean_p_pos=0.9591 mean_p_neg=0.0289 tp=326 tn=331 fp=8 fn=12 lr=1.25e-04 time=55.0s
  [val/behavior]
    rotational sliding: n=136 acc=0.9412 err=8 tp=128 tn=0 fp=0 fn=8 pred_pos=0.9412
    continuous variable-force pressing: n=139 acc=0.9640 err=5 tp=0 tn=134 fp=5 fn=0 pred_pos=0.0360
    diagonal changing-force pressing: n=27 acc=0.8889 err=3 tp=0 tn=24 fp=3 fn=0 pred_pos=0.1111
    diagonal translational sliding: n=33 acc=0.9394 err=2 tp=31 tn=0 fp=0 fn=2 pred_pos=0.9394
    translational sliding: n=136 acc=0.9926 err=1 tp=135 tn=0 fp=0 fn=1 pred_pos=0.9926
    diagonal rotational sliding: n=33 acc=0.9697 err=1 tp=32 tn=0 fp=0 fn=1 pred_pos=0.9697
    constant-force pressing: n=83 acc=1.0000 err=0 tp=0 tn=83 fp=0 fn=0 pred_pos=0.0000
    diagonal constant-force pressing: n=62 acc=1.0000 err=0 tp=0 tn=62 fp=0 fn=0 pred_pos=0.0000
    static no motion: n=28 acc=1.0000 err=0 tp=0 tn=28 fp=0 fn=0 pred_pos=0.0000
  [val/motion_type]
    rotation: n=169 acc=0.9467 err=9 tp=160 tn=0 fp=0 fn=9 pred_pos=0.9467
    non-slip: n=339 acc=0.9764 err=8 tp=0 tn=331 fp=8 fn=0 pred_pos=0.0236
    translation: n=169 acc=0.9822 err=3 tp=166 tn=0 fp=0 fn=3 pred_pos=0.9822
  [val/session]
    session_011: n=49 acc=0.8776 err=6 tp=13 tn=30 fp=0 fn=6 pred_pos=0.2653
    session_026: n=60 acc=0.9167 err=5 tp=32 tn=23 fp=5 fn=0 pred_pos=0.6167
    session_057: n=60 acc=0.9333 err=4 tp=32 tn=24 fp=3 fn=1 pred_pos=0.5833
    session_052: n=65 acc=0.9692 err=2 tp=31 tn=32 fp=0 fn=2 pred_pos=0.4769
    session_016: n=47 acc=0.9574 err=2 tp=17 tn=28 fp=0 fn=2 pred_pos=0.3617
    session_021: n=61 acc=0.9836 err=1 tp=32 tn=28 fp=0 fn=1 pred_pos=0.5246
    session_041: n=61 acc=1.0000 err=0 tp=33 tn=28 fp=0 fn=0 pred_pos=0.5410
    session_036: n=61 acc=1.0000 err=0 tp=33 tn=28 fp=0 fn=0 pred_pos=0.5410
    session_046: n=60 acc=1.0000 err=0 tp=33 tn=27 fp=0 fn=0 pred_pos=0.5500
    session_031: n=57 acc=1.0000 err=0 tp=31 tn=26 fp=0 fn=0 pred_pos=0.5439
    session_006: n=49 acc=1.0000 err=0 tp=20 tn=29 fp=0 fn=0 pred_pos=0.4082
    session_001: n=47 acc=1.0000 err=0 tp=19 tn=28 fp=0 fn=0 pred_pos=0.4043
  [val/material]
    plastic: n=317 acc=0.9558 err=14 tp=132 tn=171 fp=3 fn=11 pred_pos=0.4259
    A4 paper: n=121 acc=0.9504 err=6 tp=64 tn=51 fp=5 fn=1 pred_pos=0.5702
    USB cable: n=121 acc=1.0000 err=0 tp=66 tn=55 fp=0 fn=0 pred_pos=0.5455
    soft foam earplug: n=118 acc=1.0000 err=0 tp=64 tn=54 fp=0 fn=0 pred_pos=0.5424
[INFO] epoch 33/40 started augment=probabilistic-augment
  [train] batch 1/76 loss=0.0011 avg=0.0011 speed=0.23 batch/s
  [train] batch 20/76 loss=0.0568 avg=0.0316 speed=1.67 batch/s
  [train] batch 40/76 loss=0.0010 avg=0.0286 speed=1.97 batch/s
  [train] batch 60/76 loss=0.0007 avg=0.0261 speed=1.88 batch/s
  [train] batch 76/76 loss=0.0106 avg=0.0225 speed=1.96 batch/s
[BEST] epoch=33 smoothed_balanced_acc=0.9621 saved
[Epoch 033] loss=0.0225 window=8 val_acc=0.9675 balanced_acc=0.9675 smoothed_balanced_acc=0.9621 f1=0.9672 precision=0.9759 recall=0.9586 pred_pos=0.4904 mean_p=0.4898 mean_p_pos=0.9522 mean_p_neg=0.0287 tp=324 tn=331 fp=8 fn=14 lr=1.25e-04 time=55.6s
  [val/behavior]
    rotational sliding: n=136 acc=0.9338 err=9 tp=127 tn=0 fp=0 fn=9 pred_pos=0.9338
    continuous variable-force pressing: n=139 acc=0.9640 err=5 tp=0 tn=134 fp=5 fn=0 pred_pos=0.0360
    diagonal translational sliding: n=33 acc=0.8788 err=4 tp=29 tn=0 fp=0 fn=4 pred_pos=0.8788
    diagonal changing-force pressing: n=27 acc=0.8889 err=3 tp=0 tn=24 fp=3 fn=0 pred_pos=0.1111
    diagonal rotational sliding: n=33 acc=0.9697 err=1 tp=32 tn=0 fp=0 fn=1 pred_pos=0.9697
    translational sliding: n=136 acc=1.0000 err=0 tp=136 tn=0 fp=0 fn=0 pred_pos=1.0000
    constant-force pressing: n=83 acc=1.0000 err=0 tp=0 tn=83 fp=0 fn=0 pred_pos=0.0000
    diagonal constant-force pressing: n=62 acc=1.0000 err=0 tp=0 tn=62 fp=0 fn=0 pred_pos=0.0000
    static no motion: n=28 acc=1.0000 err=0 tp=0 tn=28 fp=0 fn=0 pred_pos=0.0000
  [val/motion_type]
    rotation: n=169 acc=0.9408 err=10 tp=159 tn=0 fp=0 fn=10 pred_pos=0.9408
    non-slip: n=339 acc=0.9764 err=8 tp=0 tn=331 fp=8 fn=0 pred_pos=0.0236
    translation: n=169 acc=0.9763 err=4 tp=165 tn=0 fp=0 fn=4 pred_pos=0.9763
  [val/session]
    session_011: n=49 acc=0.8571 err=7 tp=12 tn=30 fp=0 fn=7 pred_pos=0.2449
    session_026: n=60 acc=0.9167 err=5 tp=32 tn=23 fp=5 fn=0 pred_pos=0.6167
    session_052: n=65 acc=0.9385 err=4 tp=29 tn=32 fp=0 fn=4 pred_pos=0.4462
    session_057: n=60 acc=0.9333 err=4 tp=32 tn=24 fp=3 fn=1 pred_pos=0.5833
    session_016: n=47 acc=0.9574 err=2 tp=17 tn=28 fp=0 fn=2 pred_pos=0.3617
    session_041: n=61 acc=1.0000 err=0 tp=33 tn=28 fp=0 fn=0 pred_pos=0.5410
    session_021: n=61 acc=1.0000 err=0 tp=33 tn=28 fp=0 fn=0 pred_pos=0.5410
    session_036: n=61 acc=1.0000 err=0 tp=33 tn=28 fp=0 fn=0 pred_pos=0.5410
    session_046: n=60 acc=1.0000 err=0 tp=33 tn=27 fp=0 fn=0 pred_pos=0.5500
    session_031: n=57 acc=1.0000 err=0 tp=31 tn=26 fp=0 fn=0 pred_pos=0.5439
    session_006: n=49 acc=1.0000 err=0 tp=20 tn=29 fp=0 fn=0 pred_pos=0.4082
    session_001: n=47 acc=1.0000 err=0 tp=19 tn=28 fp=0 fn=0 pred_pos=0.4043
  [val/material]
    plastic: n=317 acc=0.9464 err=17 tp=129 tn=171 fp=3 fn=14 pred_pos=0.4164
    A4 paper: n=121 acc=0.9587 err=5 tp=65 tn=51 fp=5 fn=0 pred_pos=0.5785
    USB cable: n=121 acc=1.0000 err=0 tp=66 tn=55 fp=0 fn=0 pred_pos=0.5455
    soft foam earplug: n=118 acc=1.0000 err=0 tp=64 tn=54 fp=0 fn=0 pred_pos=0.5424
[INFO] epoch 34/40 started augment=probabilistic-augment
  [train] batch 1/76 loss=0.0220 avg=0.0220 speed=0.20 batch/s
  [train] batch 20/76 loss=0.0287 avg=0.0209 speed=1.62 batch/s
  [train] batch 40/76 loss=0.0045 avg=0.0218 speed=1.97 batch/s
  [train] batch 60/76 loss=0.0374 avg=0.0192 speed=1.90 batch/s
  [train] batch 76/76 loss=0.0004 avg=0.0184 speed=1.97 batch/s
[BEST] epoch=34 smoothed_balanced_acc=0.9670 saved
[Epoch 034] loss=0.0184 window=8 val_acc=0.9631 balanced_acc=0.9630 smoothed_balanced_acc=0.9670 f1=0.9623 precision=0.9815 recall=0.9438 pred_pos=0.4801 mean_p=0.4790 mean_p_pos=0.9411 mean_p_neg=0.0182 tp=319 tn=333 fp=6 fn=19 lr=1.25e-04 time=49.9s
  [val/behavior]
    rotational sliding: n=136 acc=0.9191 err=11 tp=125 tn=0 fp=0 fn=11 pred_pos=0.9191
    diagonal translational sliding: n=33 acc=0.8182 err=6 tp=27 tn=0 fp=0 fn=6 pred_pos=0.8182
    continuous variable-force pressing: n=139 acc=0.9640 err=5 tp=0 tn=134 fp=5 fn=0 pred_pos=0.0360
    diagonal rotational sliding: n=33 acc=0.9394 err=2 tp=31 tn=0 fp=0 fn=2 pred_pos=0.9394
    diagonal changing-force pressing: n=27 acc=0.9630 err=1 tp=0 tn=26 fp=1 fn=0 pred_pos=0.0370
    translational sliding: n=136 acc=1.0000 err=0 tp=136 tn=0 fp=0 fn=0 pred_pos=1.0000
    constant-force pressing: n=83 acc=1.0000 err=0 tp=0 tn=83 fp=0 fn=0 pred_pos=0.0000
    diagonal constant-force pressing: n=62 acc=1.0000 err=0 tp=0 tn=62 fp=0 fn=0 pred_pos=0.0000
    static no motion: n=28 acc=1.0000 err=0 tp=0 tn=28 fp=0 fn=0 pred_pos=0.0000
  [val/motion_type]
    rotation: n=169 acc=0.9231 err=13 tp=156 tn=0 fp=0 fn=13 pred_pos=0.9231
    non-slip: n=339 acc=0.9823 err=6 tp=0 tn=333 fp=6 fn=0 pred_pos=0.0177
    translation: n=169 acc=0.9645 err=6 tp=163 tn=0 fp=0 fn=6 pred_pos=0.9645
  [val/session]
    session_011: n=49 acc=0.8367 err=8 tp=11 tn=30 fp=0 fn=8 pred_pos=0.2245
    session_052: n=65 acc=0.9077 err=6 tp=27 tn=32 fp=0 fn=6 pred_pos=0.4154
    session_026: n=60 acc=0.9167 err=5 tp=32 tn=23 fp=5 fn=0 pred_pos=0.6167
    session_057: n=60 acc=0.9500 err=3 tp=31 tn=26 fp=1 fn=2 pred_pos=0.5333
    session_016: n=47 acc=0.9362 err=3 tp=16 tn=28 fp=0 fn=3 pred_pos=0.3404
    session_041: n=61 acc=1.0000 err=0 tp=33 tn=28 fp=0 fn=0 pred_pos=0.5410
    session_021: n=61 acc=1.0000 err=0 tp=33 tn=28 fp=0 fn=0 pred_pos=0.5410
    session_036: n=61 acc=1.0000 err=0 tp=33 tn=28 fp=0 fn=0 pred_pos=0.5410
    session_046: n=60 acc=1.0000 err=0 tp=33 tn=27 fp=0 fn=0 pred_pos=0.5500
    session_031: n=57 acc=1.0000 err=0 tp=31 tn=26 fp=0 fn=0 pred_pos=0.5439
    session_006: n=49 acc=1.0000 err=0 tp=20 tn=29 fp=0 fn=0 pred_pos=0.4082
    session_001: n=47 acc=1.0000 err=0 tp=19 tn=28 fp=0 fn=0 pred_pos=0.4043
  [val/material]
    plastic: n=317 acc=0.9369 err=20 tp=124 tn=173 fp=1 fn=19 pred_pos=0.3943
    A4 paper: n=121 acc=0.9587 err=5 tp=65 tn=51 fp=5 fn=0 pred_pos=0.5785
    USB cable: n=121 acc=1.0000 err=0 tp=66 tn=55 fp=0 fn=0 pred_pos=0.5455
    soft foam earplug: n=118 acc=1.0000 err=0 tp=64 tn=54 fp=0 fn=0 pred_pos=0.5424
[INFO] epoch 35/40 started augment=probabilistic-augment
  [train] batch 1/76 loss=0.0204 avg=0.0204 speed=0.23 batch/s
  [train] batch 20/76 loss=0.0034 avg=0.0166 speed=1.68 batch/s
  [train] batch 40/76 loss=0.0017 avg=0.0191 speed=2.00 batch/s
  [train] batch 60/76 loss=0.0017 avg=0.0251 speed=1.91 batch/s
  [train] batch 76/76 loss=0.0067 avg=0.0287 speed=1.97 batch/s
[Epoch 035] loss=0.0287 window=8 val_acc=0.9572 balanced_acc=0.9571 smoothed_balanced_acc=0.9626 f1=0.9564 precision=0.9725 recall=0.9408 pred_pos=0.4830 mean_p=0.4841 mean_p_pos=0.9433 mean_p_neg=0.0263 tp=318 tn=330 fp=9 fn=20 lr=1.25e-04 time=55.5s
  [val/behavior]
    rotational sliding: n=136 acc=0.9191 err=11 tp=125 tn=0 fp=0 fn=11 pred_pos=0.9191
    diagonal translational sliding: n=33 acc=0.7576 err=8 tp=25 tn=0 fp=0 fn=8 pred_pos=0.7576
    continuous variable-force pressing: n=139 acc=0.9568 err=6 tp=0 tn=133 fp=6 fn=0 pred_pos=0.0432
    diagonal changing-force pressing: n=27 acc=0.8889 err=3 tp=0 tn=24 fp=3 fn=0 pred_pos=0.1111
    diagonal rotational sliding: n=33 acc=0.9697 err=1 tp=32 tn=0 fp=0 fn=1 pred_pos=0.9697
    translational sliding: n=136 acc=1.0000 err=0 tp=136 tn=0 fp=0 fn=0 pred_pos=1.0000
    constant-force pressing: n=83 acc=1.0000 err=0 tp=0 tn=83 fp=0 fn=0 pred_pos=0.0000
    diagonal constant-force pressing: n=62 acc=1.0000 err=0 tp=0 tn=62 fp=0 fn=0 pred_pos=0.0000
    static no motion: n=28 acc=1.0000 err=0 tp=0 tn=28 fp=0 fn=0 pred_pos=0.0000
  [val/motion_type]
    rotation: n=169 acc=0.9290 err=12 tp=157 tn=0 fp=0 fn=12 pred_pos=0.9290
    non-slip: n=339 acc=0.9735 err=9 tp=0 tn=330 fp=9 fn=0 pred_pos=0.0265
    translation: n=169 acc=0.9527 err=8 tp=161 tn=0 fp=0 fn=8 pred_pos=0.9527
  [val/session]
    session_052: n=65 acc=0.8769 err=8 tp=25 tn=32 fp=0 fn=8 pred_pos=0.3846
    session_011: n=49 acc=0.8367 err=8 tp=11 tn=30 fp=0 fn=8 pred_pos=0.2245
    session_026: n=60 acc=0.9000 err=6 tp=32 tn=22 fp=6 fn=0 pred_pos=0.6333
    session_057: n=60 acc=0.9333 err=4 tp=32 tn=24 fp=3 fn=1 pred_pos=0.5833
    session_016: n=47 acc=0.9362 err=3 tp=16 tn=28 fp=0 fn=3 pred_pos=0.3404
    session_041: n=61 acc=1.0000 err=0 tp=33 tn=28 fp=0 fn=0 pred_pos=0.5410
    session_021: n=61 acc=1.0000 err=0 tp=33 tn=28 fp=0 fn=0 pred_pos=0.5410
    session_036: n=61 acc=1.0000 err=0 tp=33 tn=28 fp=0 fn=0 pred_pos=0.5410
    session_046: n=60 acc=1.0000 err=0 tp=33 tn=27 fp=0 fn=0 pred_pos=0.5500
    session_031: n=57 acc=1.0000 err=0 tp=31 tn=26 fp=0 fn=0 pred_pos=0.5439
    session_006: n=49 acc=1.0000 err=0 tp=20 tn=29 fp=0 fn=0 pred_pos=0.4082
    session_001: n=47 acc=1.0000 err=0 tp=19 tn=28 fp=0 fn=0 pred_pos=0.4043
  [val/material]
    plastic: n=317 acc=0.9274 err=23 tp=123 tn=171 fp=3 fn=20 pred_pos=0.3975
    A4 paper: n=121 acc=0.9504 err=6 tp=65 tn=50 fp=6 fn=0 pred_pos=0.5868
    USB cable: n=121 acc=1.0000 err=0 tp=66 tn=55 fp=0 fn=0 pred_pos=0.5455
    soft foam earplug: n=118 acc=1.0000 err=0 tp=64 tn=54 fp=0 fn=0 pred_pos=0.5424
[INFO] epoch 36/40 started augment=probabilistic-augment
  [train] batch 1/76 loss=0.0551 avg=0.0551 speed=0.21 batch/s
  [train] batch 20/76 loss=0.0020 avg=0.0211 speed=1.62 batch/s
  [train] batch 40/76 loss=0.0005 avg=0.0123 speed=1.98 batch/s
  [train] batch 60/76 loss=0.0180 avg=0.0155 speed=1.88 batch/s
  [train] batch 76/76 loss=0.0180 avg=0.0179 speed=1.97 batch/s
[Epoch 036] loss=0.0179 window=8 val_acc=0.9527 balanced_acc=0.9527 smoothed_balanced_acc=0.9576 f1=0.9508 precision=0.9904 recall=0.9142 pred_pos=0.4609 mean_p=0.4633 mean_p_pos=0.9167 mean_p_neg=0.0113 tp=309 tn=336 fp=3 fn=29 lr=1.25e-04 time=52.0s
  [val/behavior]
    rotational sliding: n=136 acc=0.8824 err=16 tp=120 tn=0 fp=0 fn=16 pred_pos=0.8824
    diagonal translational sliding: n=33 acc=0.6970 err=10 tp=23 tn=0 fp=0 fn=10 pred_pos=0.6970
    continuous variable-force pressing: n=139 acc=0.9856 err=2 tp=0 tn=137 fp=2 fn=0 pred_pos=0.0144
    diagonal rotational sliding: n=33 acc=0.9394 err=2 tp=31 tn=0 fp=0 fn=2 pred_pos=0.9394
    translational sliding: n=136 acc=0.9926 err=1 tp=135 tn=0 fp=0 fn=1 pred_pos=0.9926
    diagonal changing-force pressing: n=27 acc=0.9630 err=1 tp=0 tn=26 fp=1 fn=0 pred_pos=0.0370
    constant-force pressing: n=83 acc=1.0000 err=0 tp=0 tn=83 fp=0 fn=0 pred_pos=0.0000
    diagonal constant-force pressing: n=62 acc=1.0000 err=0 tp=0 tn=62 fp=0 fn=0 pred_pos=0.0000
    static no motion: n=28 acc=1.0000 err=0 tp=0 tn=28 fp=0 fn=0 pred_pos=0.0000
  [val/motion_type]
    rotation: n=169 acc=0.8935 err=18 tp=151 tn=0 fp=0 fn=18 pred_pos=0.8935
    translation: n=169 acc=0.9349 err=11 tp=158 tn=0 fp=0 fn=11 pred_pos=0.9349
    non-slip: n=339 acc=0.9912 err=3 tp=0 tn=336 fp=3 fn=0 pred_pos=0.0088
  [val/session]
    session_052: n=65 acc=0.8462 err=10 tp=23 tn=32 fp=0 fn=10 pred_pos=0.3538
    session_011: n=49 acc=0.7959 err=10 tp=9 tn=30 fp=0 fn=10 pred_pos=0.1837
    session_016: n=47 acc=0.8936 err=5 tp=14 tn=28 fp=0 fn=5 pred_pos=0.2979
    session_057: n=60 acc=0.9500 err=3 tp=31 tn=26 fp=1 fn=2 pred_pos=0.5333
    session_026: n=60 acc=0.9667 err=2 tp=32 tn=26 fp=2 fn=0 pred_pos=0.5667
    session_021: n=61 acc=0.9836 err=1 tp=32 tn=28 fp=0 fn=1 pred_pos=0.5246
    session_046: n=60 acc=0.9833 err=1 tp=32 tn=27 fp=0 fn=1 pred_pos=0.5333
    session_041: n=61 acc=1.0000 err=0 tp=33 tn=28 fp=0 fn=0 pred_pos=0.5410
    session_036: n=61 acc=1.0000 err=0 tp=33 tn=28 fp=0 fn=0 pred_pos=0.5410
    session_031: n=57 acc=1.0000 err=0 tp=31 tn=26 fp=0 fn=0 pred_pos=0.5439
    session_006: n=49 acc=1.0000 err=0 tp=20 tn=29 fp=0 fn=0 pred_pos=0.4082
    session_001: n=47 acc=1.0000 err=0 tp=19 tn=28 fp=0 fn=0 pred_pos=0.4043
  [val/material]
    plastic: n=317 acc=0.9117 err=28 tp=116 tn=173 fp=1 fn=27 pred_pos=0.3691
    A4 paper: n=121 acc=0.9752 err=3 tp=64 tn=54 fp=2 fn=1 pred_pos=0.5455
    USB cable: n=121 acc=0.9917 err=1 tp=65 tn=55 fp=0 fn=1 pred_pos=0.5372
    soft foam earplug: n=118 acc=1.0000 err=0 tp=64 tn=54 fp=0 fn=0 pred_pos=0.5424
[INFO] epoch 37/40 started augment=probabilistic-augment
  [train] batch 1/76 loss=0.0008 avg=0.0008 speed=0.23 batch/s
  [train] batch 20/76 loss=0.0498 avg=0.0135 speed=1.68 batch/s
  [train] batch 40/76 loss=0.0004 avg=0.0117 speed=2.03 batch/s
  [train] batch 60/76 loss=0.0028 avg=0.0151 speed=1.93 batch/s
  [train] batch 76/76 loss=0.0083 avg=0.0132 speed=1.99 batch/s
[Epoch 037] loss=0.0132 window=8 val_acc=0.9542 balanced_acc=0.9542 smoothed_balanced_acc=0.9547 f1=0.9527 precision=0.9842 recall=0.9231 pred_pos=0.4682 mean_p=0.4714 mean_p_pos=0.9260 mean_p_neg=0.0182 tp=312 tn=334 fp=5 fn=26 lr=1.25e-04 time=55.1s
  [val/behavior]
    rotational sliding: n=136 acc=0.9044 err=13 tp=123 tn=0 fp=0 fn=13 pred_pos=0.9044
    diagonal translational sliding: n=33 acc=0.6970 err=10 tp=23 tn=0 fp=0 fn=10 pred_pos=0.6970
    continuous variable-force pressing: n=139 acc=0.9784 err=3 tp=0 tn=136 fp=3 fn=0 pred_pos=0.0216
    diagonal rotational sliding: n=33 acc=0.9394 err=2 tp=31 tn=0 fp=0 fn=2 pred_pos=0.9394
    diagonal changing-force pressing: n=27 acc=0.9259 err=2 tp=0 tn=25 fp=2 fn=0 pred_pos=0.0741
    translational sliding: n=136 acc=0.9926 err=1 tp=135 tn=0 fp=0 fn=1 pred_pos=0.9926
    constant-force pressing: n=83 acc=1.0000 err=0 tp=0 tn=83 fp=0 fn=0 pred_pos=0.0000
    diagonal constant-force pressing: n=62 acc=1.0000 err=0 tp=0 tn=62 fp=0 fn=0 pred_pos=0.0000
    static no motion: n=28 acc=1.0000 err=0 tp=0 tn=28 fp=0 fn=0 pred_pos=0.0000
  [val/motion_type]
    rotation: n=169 acc=0.9112 err=15 tp=154 tn=0 fp=0 fn=15 pred_pos=0.9112
    translation: n=169 acc=0.9349 err=11 tp=158 tn=0 fp=0 fn=11 pred_pos=0.9349
    non-slip: n=339 acc=0.9853 err=5 tp=0 tn=334 fp=5 fn=0 pred_pos=0.0147
  [val/session]
    session_052: n=65 acc=0.8462 err=10 tp=23 tn=32 fp=0 fn=10 pred_pos=0.3538
    session_011: n=49 acc=0.8163 err=9 tp=10 tn=30 fp=0 fn=9 pred_pos=0.2041
    session_057: n=60 acc=0.9333 err=4 tp=31 tn=25 fp=2 fn=2 pred_pos=0.5500
    session_016: n=47 acc=0.9149 err=4 tp=15 tn=28 fp=0 fn=4 pred_pos=0.3191
    session_026: n=60 acc=0.9500 err=3 tp=32 tn=25 fp=3 fn=0 pred_pos=0.5833
    session_021: n=61 acc=0.9836 err=1 tp=32 tn=28 fp=0 fn=1 pred_pos=0.5246
    session_041: n=61 acc=1.0000 err=0 tp=33 tn=28 fp=0 fn=0 pred_pos=0.5410
    session_036: n=61 acc=1.0000 err=0 tp=33 tn=28 fp=0 fn=0 pred_pos=0.5410
    session_046: n=60 acc=1.0000 err=0 tp=33 tn=27 fp=0 fn=0 pred_pos=0.5500
    session_031: n=57 acc=1.0000 err=0 tp=31 tn=26 fp=0 fn=0 pred_pos=0.5439
    session_006: n=49 acc=1.0000 err=0 tp=20 tn=29 fp=0 fn=0 pred_pos=0.4082
    session_001: n=47 acc=1.0000 err=0 tp=19 tn=28 fp=0 fn=0 pred_pos=0.4043
  [val/material]
    plastic: n=317 acc=0.9148 err=27 tp=118 tn=172 fp=2 fn=25 pred_pos=0.3785
    A4 paper: n=121 acc=0.9669 err=4 tp=64 tn=53 fp=3 fn=1 pred_pos=0.5537
    USB cable: n=121 acc=1.0000 err=0 tp=66 tn=55 fp=0 fn=0 pred_pos=0.5455
    soft foam earplug: n=118 acc=1.0000 err=0 tp=64 tn=54 fp=0 fn=0 pred_pos=0.5424
[INFO] epoch 38/40 started augment=probabilistic-augment
  [train] batch 1/76 loss=0.0011 avg=0.0011 speed=0.23 batch/s
  [train] batch 20/76 loss=0.0004 avg=0.0062 speed=1.68 batch/s
  [train] batch 40/76 loss=0.1025 avg=0.0164 speed=2.00 batch/s
  [train] batch 60/76 loss=0.0029 avg=0.0161 speed=1.88 batch/s
  [train] batch 76/76 loss=0.0033 avg=0.0162 speed=1.97 batch/s
[Epoch 038] loss=0.0162 window=8 val_acc=0.9660 balanced_acc=0.9660 smoothed_balanced_acc=0.9576 f1=0.9658 precision=0.9701 recall=0.9615 pred_pos=0.4948 mean_p=0.4930 mean_p_pos=0.9556 mean_p_neg=0.0316 tp=325 tn=329 fp=10 fn=13 lr=6.25e-05 time=60.6s
  [val/behavior]
    continuous variable-force pressing: n=139 acc=0.9424 err=8 tp=0 tn=131 fp=8 fn=0 pred_pos=0.0576
    rotational sliding: n=136 acc=0.9412 err=8 tp=128 tn=0 fp=0 fn=8 pred_pos=0.9412
    diagonal translational sliding: n=33 acc=0.8788 err=4 tp=29 tn=0 fp=0 fn=4 pred_pos=0.8788
    diagonal changing-force pressing: n=27 acc=0.9259 err=2 tp=0 tn=25 fp=2 fn=0 pred_pos=0.0741
    diagonal rotational sliding: n=33 acc=0.9697 err=1 tp=32 tn=0 fp=0 fn=1 pred_pos=0.9697
    translational sliding: n=136 acc=1.0000 err=0 tp=136 tn=0 fp=0 fn=0 pred_pos=1.0000
    constant-force pressing: n=83 acc=1.0000 err=0 tp=0 tn=83 fp=0 fn=0 pred_pos=0.0000
    diagonal constant-force pressing: n=62 acc=1.0000 err=0 tp=0 tn=62 fp=0 fn=0 pred_pos=0.0000
    static no motion: n=28 acc=1.0000 err=0 tp=0 tn=28 fp=0 fn=0 pred_pos=0.0000
  [val/motion_type]
    non-slip: n=339 acc=0.9705 err=10 tp=0 tn=329 fp=10 fn=0 pred_pos=0.0295
    rotation: n=169 acc=0.9467 err=9 tp=160 tn=0 fp=0 fn=9 pred_pos=0.9467
    translation: n=169 acc=0.9763 err=4 tp=165 tn=0 fp=0 fn=4 pred_pos=0.9763
  [val/session]
    session_026: n=60 acc=0.8667 err=8 tp=32 tn=20 fp=8 fn=0 pred_pos=0.6667
    session_011: n=49 acc=0.8980 err=5 tp=14 tn=30 fp=0 fn=5 pred_pos=0.2857
    session_052: n=65 acc=0.9385 err=4 tp=29 tn=32 fp=0 fn=4 pred_pos=0.4462
    session_057: n=60 acc=0.9500 err=3 tp=32 tn=25 fp=2 fn=1 pred_pos=0.5667
    session_016: n=47 acc=0.9362 err=3 tp=16 tn=28 fp=0 fn=3 pred_pos=0.3404
    session_041: n=61 acc=1.0000 err=0 tp=33 tn=28 fp=0 fn=0 pred_pos=0.5410
    session_021: n=61 acc=1.0000 err=0 tp=33 tn=28 fp=0 fn=0 pred_pos=0.5410
    session_036: n=61 acc=1.0000 err=0 tp=33 tn=28 fp=0 fn=0 pred_pos=0.5410
    session_046: n=60 acc=1.0000 err=0 tp=33 tn=27 fp=0 fn=0 pred_pos=0.5500
    session_031: n=57 acc=1.0000 err=0 tp=31 tn=26 fp=0 fn=0 pred_pos=0.5439
    session_006: n=49 acc=1.0000 err=0 tp=20 tn=29 fp=0 fn=0 pred_pos=0.4082
    session_001: n=47 acc=1.0000 err=0 tp=19 tn=28 fp=0 fn=0 pred_pos=0.4043
  [val/material]
    plastic: n=317 acc=0.9527 err=15 tp=130 tn=172 fp=2 fn=13 pred_pos=0.4164
    A4 paper: n=121 acc=0.9339 err=8 tp=65 tn=48 fp=8 fn=0 pred_pos=0.6033
    USB cable: n=121 acc=1.0000 err=0 tp=66 tn=55 fp=0 fn=0 pred_pos=0.5455
    soft foam earplug: n=118 acc=1.0000 err=0 tp=64 tn=54 fp=0 fn=0 pred_pos=0.5424
[INFO] epoch 39/40 started augment=probabilistic-augment
  [train] batch 1/76 loss=0.0006 avg=0.0006 speed=0.23 batch/s
  [train] batch 20/76 loss=0.0025 avg=0.0045 speed=1.63 batch/s
  [train] batch 40/76 loss=0.0013 avg=0.0079 speed=1.98 batch/s
  [train] batch 60/76 loss=0.0005 avg=0.0087 speed=1.87 batch/s
  [train] batch 76/76 loss=0.0032 avg=0.0093 speed=1.96 batch/s
[Epoch 039] loss=0.0093 window=8 val_acc=0.9631 balanced_acc=0.9630 smoothed_balanced_acc=0.9611 f1=0.9622 precision=0.9845 recall=0.9408 pred_pos=0.4771 mean_p=0.4792 mean_p_pos=0.9399 mean_p_neg=0.0199 tp=318 tn=334 fp=5 fn=20 lr=6.25e-05 time=67.3s
  [val/behavior]
    rotational sliding: n=136 acc=0.9191 err=11 tp=125 tn=0 fp=0 fn=11 pred_pos=0.9191
    diagonal translational sliding: n=33 acc=0.7576 err=8 tp=25 tn=0 fp=0 fn=8 pred_pos=0.7576
    continuous variable-force pressing: n=139 acc=0.9784 err=3 tp=0 tn=136 fp=3 fn=0 pred_pos=0.0216
    diagonal changing-force pressing: n=27 acc=0.9259 err=2 tp=0 tn=25 fp=2 fn=0 pred_pos=0.0741
    diagonal rotational sliding: n=33 acc=0.9697 err=1 tp=32 tn=0 fp=0 fn=1 pred_pos=0.9697
    translational sliding: n=136 acc=1.0000 err=0 tp=136 tn=0 fp=0 fn=0 pred_pos=1.0000
    constant-force pressing: n=83 acc=1.0000 err=0 tp=0 tn=83 fp=0 fn=0 pred_pos=0.0000
    diagonal constant-force pressing: n=62 acc=1.0000 err=0 tp=0 tn=62 fp=0 fn=0 pred_pos=0.0000
    static no motion: n=28 acc=1.0000 err=0 tp=0 tn=28 fp=0 fn=0 pred_pos=0.0000
  [val/motion_type]
    rotation: n=169 acc=0.9290 err=12 tp=157 tn=0 fp=0 fn=12 pred_pos=0.9290
    translation: n=169 acc=0.9527 err=8 tp=161 tn=0 fp=0 fn=8 pred_pos=0.9527
    non-slip: n=339 acc=0.9853 err=5 tp=0 tn=334 fp=5 fn=0 pred_pos=0.0147
  [val/session]
    session_052: n=65 acc=0.8769 err=8 tp=25 tn=32 fp=0 fn=8 pred_pos=0.3846
    session_011: n=49 acc=0.8367 err=8 tp=11 tn=30 fp=0 fn=8 pred_pos=0.2245
    session_057: n=60 acc=0.9500 err=3 tp=32 tn=25 fp=2 fn=1 pred_pos=0.5667
    session_026: n=60 acc=0.9500 err=3 tp=32 tn=25 fp=3 fn=0 pred_pos=0.5833
    session_016: n=47 acc=0.9362 err=3 tp=16 tn=28 fp=0 fn=3 pred_pos=0.3404
    session_041: n=61 acc=1.0000 err=0 tp=33 tn=28 fp=0 fn=0 pred_pos=0.5410
    session_021: n=61 acc=1.0000 err=0 tp=33 tn=28 fp=0 fn=0 pred_pos=0.5410
    session_036: n=61 acc=1.0000 err=0 tp=33 tn=28 fp=0 fn=0 pred_pos=0.5410
    session_046: n=60 acc=1.0000 err=0 tp=33 tn=27 fp=0 fn=0 pred_pos=0.5500
    session_031: n=57 acc=1.0000 err=0 tp=31 tn=26 fp=0 fn=0 pred_pos=0.5439
    session_006: n=49 acc=1.0000 err=0 tp=20 tn=29 fp=0 fn=0 pred_pos=0.4082
    session_001: n=47 acc=1.0000 err=0 tp=19 tn=28 fp=0 fn=0 pred_pos=0.4043
  [val/material]
    plastic: n=317 acc=0.9306 err=22 tp=123 tn=172 fp=2 fn=20 pred_pos=0.3943
    A4 paper: n=121 acc=0.9752 err=3 tp=65 tn=53 fp=3 fn=0 pred_pos=0.5620
    USB cable: n=121 acc=1.0000 err=0 tp=66 tn=55 fp=0 fn=0 pred_pos=0.5455
    soft foam earplug: n=118 acc=1.0000 err=0 tp=64 tn=54 fp=0 fn=0 pred_pos=0.5424
[INFO] epoch 40/40 started augment=probabilistic-augment
  [train] batch 1/76 loss=0.0003 avg=0.0003 speed=0.23 batch/s
  [train] batch 20/76 loss=0.0005 avg=0.0114 speed=1.69 batch/s
  [train] batch 40/76 loss=0.0041 avg=0.0085 speed=1.93 batch/s
  [train] batch 60/76 loss=0.0017 avg=0.0104 speed=1.90 batch/s
  [train] batch 76/76 loss=0.0338 avg=0.0111 speed=1.97 batch/s
[Epoch 040] loss=0.0111 window=8 val_acc=0.9572 balanced_acc=0.9571 smoothed_balanced_acc=0.9621 f1=0.9561 precision=0.9783 recall=0.9349 pred_pos=0.4771 mean_p=0.4818 mean_p_pos=0.9391 mean_p_neg=0.0258 tp=316 tn=332 fp=7 fn=22 lr=6.25e-05 time=61.5s
  [val/behavior]
    rotational sliding: n=136 acc=0.9191 err=11 tp=125 tn=0 fp=0 fn=11 pred_pos=0.9191
    diagonal translational sliding: n=33 acc=0.6970 err=10 tp=23 tn=0 fp=0 fn=10 pred_pos=0.6970
    continuous variable-force pressing: n=139 acc=0.9640 err=5 tp=0 tn=134 fp=5 fn=0 pred_pos=0.0360
    diagonal changing-force pressing: n=27 acc=0.9259 err=2 tp=0 tn=25 fp=2 fn=0 pred_pos=0.0741
    diagonal rotational sliding: n=33 acc=0.9697 err=1 tp=32 tn=0 fp=0 fn=1 pred_pos=0.9697
    translational sliding: n=136 acc=1.0000 err=0 tp=136 tn=0 fp=0 fn=0 pred_pos=1.0000
    constant-force pressing: n=83 acc=1.0000 err=0 tp=0 tn=83 fp=0 fn=0 pred_pos=0.0000
    diagonal constant-force pressing: n=62 acc=1.0000 err=0 tp=0 tn=62 fp=0 fn=0 pred_pos=0.0000
    static no motion: n=28 acc=1.0000 err=0 tp=0 tn=28 fp=0 fn=0 pred_pos=0.0000
  [val/motion_type]
    rotation: n=169 acc=0.9290 err=12 tp=157 tn=0 fp=0 fn=12 pred_pos=0.9290
    translation: n=169 acc=0.9408 err=10 tp=159 tn=0 fp=0 fn=10 pred_pos=0.9408
    non-slip: n=339 acc=0.9794 err=7 tp=0 tn=332 fp=7 fn=0 pred_pos=0.0206
  [val/session]
    session_052: n=65 acc=0.8462 err=10 tp=23 tn=32 fp=0 fn=10 pred_pos=0.3538
    session_011: n=49 acc=0.8571 err=7 tp=12 tn=30 fp=0 fn=7 pred_pos=0.2449
    session_026: n=60 acc=0.9167 err=5 tp=32 tn=23 fp=5 fn=0 pred_pos=0.6167
    session_057: n=60 acc=0.9500 err=3 tp=32 tn=25 fp=2 fn=1 pred_pos=0.5667
    session_016: n=47 acc=0.9362 err=3 tp=16 tn=28 fp=0 fn=3 pred_pos=0.3404
    session_046: n=60 acc=0.9833 err=1 tp=32 tn=27 fp=0 fn=1 pred_pos=0.5333
    session_041: n=61 acc=1.0000 err=0 tp=33 tn=28 fp=0 fn=0 pred_pos=0.5410
    session_021: n=61 acc=1.0000 err=0 tp=33 tn=28 fp=0 fn=0 pred_pos=0.5410
    session_036: n=61 acc=1.0000 err=0 tp=33 tn=28 fp=0 fn=0 pred_pos=0.5410
    session_031: n=57 acc=1.0000 err=0 tp=31 tn=26 fp=0 fn=0 pred_pos=0.5439
    session_006: n=49 acc=1.0000 err=0 tp=20 tn=29 fp=0 fn=0 pred_pos=0.4082
    session_001: n=47 acc=1.0000 err=0 tp=19 tn=28 fp=0 fn=0 pred_pos=0.4043
  [val/material]
    plastic: n=317 acc=0.9274 err=23 tp=122 tn=172 fp=2 fn=21 pred_pos=0.3912
    A4 paper: n=121 acc=0.9587 err=5 tp=65 tn=51 fp=5 fn=0 pred_pos=0.5785
    USB cable: n=121 acc=0.9917 err=1 tp=65 tn=55 fp=0 fn=1 pred_pos=0.5372
    soft foam earplug: n=118 acc=1.0000 err=0 tp=64 tn=54 fp=0 fn=0 pred_pos=0.5424
