[INFO] device=cuda
[INFO] loading train dataset: data/raw_cnn/cv_multi_material_49/fold_01_train.csv
[INFO] train samples=1915 window=8 input_mode=refdiff norm=batch size=320x180
[INFO] loading val dataset: data/raw_cnn/cv_multi_material_49/fold_01_val.csv
[INFO] val samples=517
[INFO] epoch 1/40 started
  [train] batch 1/60 loss=0.7045 avg=0.7045 speed=0.20 batch/s
  [train] batch 20/60 loss=0.5774 avg=0.6108 speed=0.93 batch/s
  [train] batch 40/60 loss=0.3156 avg=0.5635 speed=1.00 batch/s
  [train] batch 60/60 loss=0.4947 avg=0.5299 speed=1.03 batch/s
[BEST] epoch=1 smoothed_balanced_acc=0.5000 saved
[Epoch 001] loss=0.5299 window=8 train_acc=0.5149 train_balanced_acc=0.5064 val_acc=0.4932 balanced_acc=0.5000 smoothed_balanced_acc=0.5000 f1=0.0000 precision=0.0000 recall=0.0000 pred_pos=0.0000 mean_p=0.0388 mean_p_pos=0.0608 mean_p_neg=0.0162 tp=0 tn=255 fp=0 fn=262 lr=1.00e-03 time=123.6s
  [val/behavior]
    translational sliding: n=137 acc=0.0000 err=137 tp=0 tn=0 fp=0 fn=137 pred_pos=0.0000
    rotational sliding: n=125 acc=0.0000 err=125 tp=0 tn=0 fp=0 fn=125 pred_pos=0.0000
    continuous variable-force pressing: n=139 acc=1.0000 err=0 tp=0 tn=139 fp=0 fn=0 pred_pos=0.0000
    constant-force pressing: n=75 acc=1.0000 err=0 tp=0 tn=75 fp=0 fn=0 pred_pos=0.0000
    static no motion: n=25 acc=1.0000 err=0 tp=0 tn=25 fp=0 fn=0 pred_pos=0.0000
    diagonal constant-force pressing: n=16 acc=1.0000 err=0 tp=0 tn=16 fp=0 fn=0 pred_pos=0.0000
  [val/motion_type]
    translation: n=137 acc=0.0000 err=137 tp=0 tn=0 fp=0 fn=137 pred_pos=0.0000
    rotation: n=125 acc=0.0000 err=125 tp=0 tn=0 fp=0 fn=125 pred_pos=0.0000
    non-slip: n=255 acc=1.0000 err=0 tp=0 tn=255 fp=0 fn=0 pred_pos=0.0000
  [val/session]
    session_047: n=64 acc=0.4844 err=33 tp=0 tn=31 fp=0 fn=33 pred_pos=0.0000
    session_027: n=62 acc=0.4677 err=33 tp=0 tn=29 fp=0 fn=33 pred_pos=0.0000
    session_042: n=60 acc=0.4500 err=33 tp=0 tn=27 fp=0 fn=33 pred_pos=0.0000
    session_032: n=53 acc=0.3774 err=33 tp=0 tn=20 fp=0 fn=33 pred_pos=0.0000
    session_022: n=57 acc=0.4386 err=32 tp=0 tn=25 fp=0 fn=32 pred_pos=0.0000
    session_037: n=56 acc=0.4464 err=31 tp=0 tn=25 fp=0 fn=31 pred_pos=0.0000
    session_007: n=48 acc=0.5833 err=20 tp=0 tn=28 fp=0 fn=20 pred_pos=0.0000
    session_017: n=46 acc=0.5870 err=19 tp=0 tn=27 fp=0 fn=19 pred_pos=0.0000
    session_002: n=46 acc=0.5870 err=19 tp=0 tn=27 fp=0 fn=19 pred_pos=0.0000
    session_012: n=25 acc=0.6400 err=9 tp=0 tn=16 fp=0 fn=9 pred_pos=0.0000
  [val/material]
    plastic: n=165 acc=0.5939 err=67 tp=0 tn=98 fp=0 fn=67 pred_pos=0.0000
    USB cable: n=124 acc=0.4677 err=66 tp=0 tn=58 fp=0 fn=66 pred_pos=0.0000
    A4 paper: n=119 acc=0.4538 err=65 tp=0 tn=54 fp=0 fn=65 pred_pos=0.0000
    soft foam earplug: n=109 acc=0.4128 err=64 tp=0 tn=45 fp=0 fn=64 pred_pos=0.0000
[INFO] epoch 2/40 started
  [train] batch 1/60 loss=0.4560 avg=0.4560 speed=0.29 batch/s
  [train] batch 20/60 loss=0.4118 avg=0.4337 speed=1.15 batch/s
  [train] batch 40/60 loss=0.4427 avg=0.4299 speed=1.16 batch/s
  [train] batch 60/60 loss=0.3145 avg=0.4046 speed=1.14 batch/s
[BEST] epoch=2 smoothed_balanced_acc=0.6656 saved
[Epoch 002] loss=0.4046 window=8 train_acc=0.8381 train_balanced_acc=0.8363 val_acc=0.8298 balanced_acc=0.8313 smoothed_balanced_acc=0.6656 f1=0.8112 precision=0.9265 recall=0.7214 pred_pos=0.3946 mean_p=0.4005 mean_p_pos=0.6965 mean_p_neg=0.0964 tp=189 tn=240 fp=15 fn=73 lr=1.00e-03 time=116.1s
  [val/behavior]
    translational sliding: n=137 acc=0.6788 err=44 tp=93 tn=0 fp=0 fn=44 pred_pos=0.6788
    rotational sliding: n=125 acc=0.7680 err=29 tp=96 tn=0 fp=0 fn=29 pred_pos=0.7680
    continuous variable-force pressing: n=139 acc=0.8921 err=15 tp=0 tn=124 fp=15 fn=0 pred_pos=0.1079
    constant-force pressing: n=75 acc=1.0000 err=0 tp=0 tn=75 fp=0 fn=0 pred_pos=0.0000
    static no motion: n=25 acc=1.0000 err=0 tp=0 tn=25 fp=0 fn=0 pred_pos=0.0000
    diagonal constant-force pressing: n=16 acc=1.0000 err=0 tp=0 tn=16 fp=0 fn=0 pred_pos=0.0000
  [val/motion_type]
    translation: n=137 acc=0.6788 err=44 tp=93 tn=0 fp=0 fn=44 pred_pos=0.6788
    rotation: n=125 acc=0.7680 err=29 tp=96 tn=0 fp=0 fn=29 pred_pos=0.7680
    non-slip: n=255 acc=0.9412 err=15 tp=0 tn=240 fp=15 fn=0 pred_pos=0.0588
  [val/session]
    session_042: n=60 acc=0.5667 err=26 tp=7 tn=27 fp=0 fn=26 pred_pos=0.1167
    session_047: n=64 acc=0.7031 err=19 tp=17 tn=28 fp=3 fn=16 pred_pos=0.3125
    session_017: n=46 acc=0.7391 err=12 tp=12 tn=22 fp=5 fn=7 pred_pos=0.3696
    session_007: n=48 acc=0.7708 err=11 tp=9 tn=28 fp=0 fn=11 pred_pos=0.1875
    session_027: n=62 acc=0.8710 err=8 tp=29 tn=25 fp=4 fn=4 pred_pos=0.5323
    session_037: n=56 acc=0.9286 err=4 tp=29 tn=23 fp=2 fn=2 pred_pos=0.5536
    session_032: n=53 acc=0.9245 err=4 tp=29 tn=20 fp=0 fn=4 pred_pos=0.5472
    session_002: n=46 acc=0.9130 err=4 tp=16 tn=26 fp=1 fn=3 pred_pos=0.3696
    session_022: n=57 acc=1.0000 err=0 tp=32 tn=25 fp=0 fn=0 pred_pos=0.5614
    session_012: n=25 acc=1.0000 err=0 tp=9 tn=16 fp=0 fn=0 pred_pos=0.3600
  [val/material]
    USB cable: n=124 acc=0.6371 err=45 tp=24 tn=55 fp=3 fn=42 pred_pos=0.2177
    plastic: n=165 acc=0.8364 err=27 tp=46 tn=92 fp=6 fn=21 pred_pos=0.3152
    A4 paper: n=119 acc=0.9328 err=8 tp=61 tn=50 fp=4 fn=4 pred_pos=0.5462
    soft foam earplug: n=109 acc=0.9266 err=8 tp=58 tn=43 fp=2 fn=6 pred_pos=0.5505
[INFO] epoch 3/40 started
  [train] batch 1/60 loss=0.4376 avg=0.4376 speed=0.30 batch/s
  [train] batch 20/60 loss=0.2942 avg=0.3680 speed=1.12 batch/s
  [train] batch 40/60 loss=0.5047 avg=0.3309 speed=1.14 batch/s
  [train] batch 60/60 loss=0.3279 avg=0.3435 speed=1.15 batch/s
[BEST] epoch=3 smoothed_balanced_acc=0.7344 saved
[Epoch 003] loss=0.3435 window=8 train_acc=0.8402 train_balanced_acc=0.8376 val_acc=0.8704 balanced_acc=0.8720 smoothed_balanced_acc=0.7344 f1=0.8547 precision=0.9899 recall=0.7519 pred_pos=0.3849 mean_p=0.3899 mean_p_pos=0.7146 mean_p_neg=0.0563 tp=197 tn=253 fp=2 fn=65 lr=1.00e-03 time=116.6s
  [val/behavior]
    rotational sliding: n=125 acc=0.5360 err=58 tp=67 tn=0 fp=0 fn=58 pred_pos=0.5360
    translational sliding: n=137 acc=0.9489 err=7 tp=130 tn=0 fp=0 fn=7 pred_pos=0.9489
    continuous variable-force pressing: n=139 acc=0.9856 err=2 tp=0 tn=137 fp=2 fn=0 pred_pos=0.0144
    constant-force pressing: n=75 acc=1.0000 err=0 tp=0 tn=75 fp=0 fn=0 pred_pos=0.0000
    static no motion: n=25 acc=1.0000 err=0 tp=0 tn=25 fp=0 fn=0 pred_pos=0.0000
    diagonal constant-force pressing: n=16 acc=1.0000 err=0 tp=0 tn=16 fp=0 fn=0 pred_pos=0.0000
  [val/motion_type]
    rotation: n=125 acc=0.5360 err=58 tp=67 tn=0 fp=0 fn=58 pred_pos=0.5360
    translation: n=137 acc=0.9489 err=7 tp=130 tn=0 fp=0 fn=7 pred_pos=0.9489
    non-slip: n=255 acc=0.9922 err=2 tp=0 tn=253 fp=2 fn=0 pred_pos=0.0078
  [val/session]
    session_047: n=64 acc=0.6562 err=22 tp=11 tn=31 fp=0 fn=22 pred_pos=0.1719
    session_027: n=62 acc=0.8065 err=12 tp=21 tn=29 fp=0 fn=12 pred_pos=0.3387
    session_017: n=46 acc=0.7391 err=12 tp=9 tn=25 fp=2 fn=10 pred_pos=0.2391
    session_037: n=56 acc=0.8571 err=8 tp=23 tn=25 fp=0 fn=8 pred_pos=0.4107
    session_012: n=25 acc=0.7600 err=6 tp=3 tn=16 fp=0 fn=6 pred_pos=0.1200
    session_042: n=60 acc=0.9333 err=4 tp=29 tn=27 fp=0 fn=4 pred_pos=0.4833
    session_002: n=46 acc=0.9565 err=2 tp=17 tn=27 fp=0 fn=2 pred_pos=0.3696
    session_022: n=57 acc=0.9825 err=1 tp=31 tn=25 fp=0 fn=1 pred_pos=0.5439
    session_032: n=53 acc=1.0000 err=0 tp=33 tn=20 fp=0 fn=0 pred_pos=0.6226
    session_007: n=48 acc=1.0000 err=0 tp=20 tn=28 fp=0 fn=0 pred_pos=0.4167
  [val/material]
    USB cable: n=124 acc=0.7903 err=26 tp=40 tn=58 fp=0 fn=26 pred_pos=0.3226
    plastic: n=165 acc=0.8788 err=20 tp=49 tn=96 fp=2 fn=18 pred_pos=0.3091
    A4 paper: n=119 acc=0.8908 err=13 tp=52 tn=54 fp=0 fn=13 pred_pos=0.4370
    soft foam earplug: n=109 acc=0.9266 err=8 tp=56 tn=45 fp=0 fn=8 pred_pos=0.5138
[INFO] epoch 4/40 started
  [train] batch 1/60 loss=0.4000 avg=0.4000 speed=0.32 batch/s
  [train] batch 20/60 loss=0.1029 avg=0.2831 speed=0.90 batch/s
  [train] batch 40/60 loss=0.4574 avg=0.2888 speed=1.03 batch/s
  [train] batch 60/60 loss=0.2203 avg=0.2954 speed=1.08 batch/s
[BEST] epoch=4 smoothed_balanced_acc=0.8601 saved
[Epoch 004] loss=0.2954 window=8 train_acc=0.8841 train_balanced_acc=0.8845 val_acc=0.8781 balanced_acc=0.8770 smoothed_balanced_acc=0.8601 f1=0.8889 precision=0.8262 recall=0.9618 pred_pos=0.5899 mean_p=0.5979 mean_p_pos=0.9432 mean_p_neg=0.2431 tp=252 tn=202 fp=53 fn=10 lr=1.00e-03 time=120.2s
  [val/behavior]
    continuous variable-force pressing: n=139 acc=0.7050 err=41 tp=0 tn=98 fp=41 fn=0 pred_pos=0.2950
    rotational sliding: n=125 acc=0.9200 err=10 tp=115 tn=0 fp=0 fn=10 pred_pos=0.9200
    diagonal constant-force pressing: n=16 acc=0.5625 err=7 tp=0 tn=9 fp=7 fn=0 pred_pos=0.4375
    constant-force pressing: n=75 acc=0.9467 err=4 tp=0 tn=71 fp=4 fn=0 pred_pos=0.0533
    static no motion: n=25 acc=0.9600 err=1 tp=0 tn=24 fp=1 fn=0 pred_pos=0.0400
    translational sliding: n=137 acc=1.0000 err=0 tp=137 tn=0 fp=0 fn=0 pred_pos=1.0000
  [val/motion_type]
    non-slip: n=255 acc=0.7922 err=53 tp=0 tn=202 fp=53 fn=0 pred_pos=0.2078
    rotation: n=125 acc=0.9200 err=10 tp=115 tn=0 fp=0 fn=10 pred_pos=0.9200
    translation: n=137 acc=1.0000 err=0 tp=137 tn=0 fp=0 fn=0 pred_pos=1.0000
  [val/session]
    session_027: n=62 acc=0.7097 err=18 tp=25 tn=19 fp=10 fn=8 pred_pos=0.5645
    session_047: n=64 acc=0.7500 err=16 tp=31 tn=17 fp=14 fn=2 pred_pos=0.7031
    session_017: n=46 acc=0.7826 err=10 tp=19 tn=17 fp=10 fn=0 pred_pos=0.6304
    session_037: n=56 acc=0.8750 err=7 tp=31 tn=18 fp=7 fn=0 pred_pos=0.6786
    session_012: n=25 acc=0.7200 err=7 tp=9 tn=9 fp=7 fn=0 pred_pos=0.6400
    session_042: n=60 acc=0.9333 err=4 tp=33 tn=23 fp=4 fn=0 pred_pos=0.6167
    session_022: n=57 acc=0.9825 err=1 tp=32 tn=24 fp=1 fn=0 pred_pos=0.5789
    session_032: n=53 acc=1.0000 err=0 tp=33 tn=20 fp=0 fn=0 pred_pos=0.6226
    session_007: n=48 acc=1.0000 err=0 tp=20 tn=28 fp=0 fn=0 pred_pos=0.4167
    session_002: n=46 acc=1.0000 err=0 tp=19 tn=27 fp=0 fn=0 pred_pos=0.4130
  [val/material]
    USB cable: n=124 acc=0.8387 err=20 tp=64 tn=40 fp=18 fn=2 pred_pos=0.6613
    A4 paper: n=119 acc=0.8403 err=19 tp=57 tn=43 fp=11 fn=8 pred_pos=0.5714
    plastic: n=165 acc=0.8970 err=17 tp=67 tn=81 fp=17 fn=0 pred_pos=0.5091
    soft foam earplug: n=109 acc=0.9358 err=7 tp=64 tn=38 fp=7 fn=0 pred_pos=0.6514
[INFO] epoch 5/40 started
  [train] batch 1/60 loss=0.2715 avg=0.2715 speed=0.29 batch/s
  [train] batch 20/60 loss=0.2710 avg=0.2615 speed=1.09 batch/s
  [train] batch 40/60 loss=0.2800 avg=0.2451 speed=1.13 batch/s
  [train] batch 60/60 loss=0.3905 avg=0.2637 speed=1.17 batch/s
[BEST] epoch=5 smoothed_balanced_acc=0.8661 saved
[Epoch 005] loss=0.2637 window=8 train_acc=0.8386 train_balanced_acc=0.8359 val_acc=0.8472 balanced_acc=0.8491 smoothed_balanced_acc=0.8661 f1=0.8241 precision=0.9893 recall=0.7061 pred_pos=0.3617 mean_p=0.3589 mean_p_pos=0.6812 mean_p_neg=0.0278 tp=185 tn=253 fp=2 fn=77 lr=1.00e-03 time=117.2s
  [val/behavior]
    rotational sliding: n=125 acc=0.4400 err=70 tp=55 tn=0 fp=0 fn=70 pred_pos=0.4400
    translational sliding: n=137 acc=0.9489 err=7 tp=130 tn=0 fp=0 fn=7 pred_pos=0.9489
    continuous variable-force pressing: n=139 acc=0.9856 err=2 tp=0 tn=137 fp=2 fn=0 pred_pos=0.0144
    constant-force pressing: n=75 acc=1.0000 err=0 tp=0 tn=75 fp=0 fn=0 pred_pos=0.0000
    static no motion: n=25 acc=1.0000 err=0 tp=0 tn=25 fp=0 fn=0 pred_pos=0.0000
    diagonal constant-force pressing: n=16 acc=1.0000 err=0 tp=0 tn=16 fp=0 fn=0 pred_pos=0.0000
  [val/motion_type]
    rotation: n=125 acc=0.4400 err=70 tp=55 tn=0 fp=0 fn=70 pred_pos=0.4400
    translation: n=137 acc=0.9489 err=7 tp=130 tn=0 fp=0 fn=7 pred_pos=0.9489
    non-slip: n=255 acc=0.9922 err=2 tp=0 tn=253 fp=2 fn=0 pred_pos=0.0078
  [val/session]
    session_027: n=62 acc=0.6774 err=20 tp=13 tn=29 fp=0 fn=20 pred_pos=0.2097
    session_047: n=64 acc=0.7188 err=18 tp=15 tn=31 fp=0 fn=18 pred_pos=0.2344
    session_017: n=46 acc=0.6304 err=17 tp=4 tn=25 fp=2 fn=15 pred_pos=0.1304
    session_012: n=25 acc=0.6400 err=9 tp=0 tn=16 fp=0 fn=9 pred_pos=0.0000
    session_037: n=56 acc=0.8571 err=8 tp=23 tn=25 fp=0 fn=8 pred_pos=0.4107
    session_042: n=60 acc=0.9000 err=6 tp=27 tn=27 fp=0 fn=6 pred_pos=0.4500
    session_022: n=57 acc=0.9825 err=1 tp=31 tn=25 fp=0 fn=1 pred_pos=0.5439
    session_032: n=53 acc=1.0000 err=0 tp=33 tn=20 fp=0 fn=0 pred_pos=0.6226
    session_007: n=48 acc=1.0000 err=0 tp=20 tn=28 fp=0 fn=0 pred_pos=0.4167
    session_002: n=46 acc=1.0000 err=0 tp=19 tn=27 fp=0 fn=0 pred_pos=0.4130
  [val/material]
    plastic: n=165 acc=0.8424 err=26 tp=43 tn=96 fp=2 fn=24 pred_pos=0.2727
    USB cable: n=124 acc=0.8065 err=24 tp=42 tn=58 fp=0 fn=24 pred_pos=0.3387
    A4 paper: n=119 acc=0.8235 err=21 tp=44 tn=54 fp=0 fn=21 pred_pos=0.3697
    soft foam earplug: n=109 acc=0.9266 err=8 tp=56 tn=45 fp=0 fn=8 pred_pos=0.5138
[INFO] epoch 6/40 started
  [train] batch 1/60 loss=0.2670 avg=0.2670 speed=0.30 batch/s
  [train] batch 20/60 loss=0.2521 avg=0.2749 speed=1.21 batch/s
  [train] batch 40/60 loss=0.0636 avg=0.2494 speed=1.17 batch/s
  [train] batch 60/60 loss=0.1754 avg=0.2317 speed=1.14 batch/s
[BEST] epoch=6 smoothed_balanced_acc=0.8907 saved
[Epoch 006] loss=0.2317 window=8 train_acc=0.9561 train_balanced_acc=0.9555 val_acc=0.9458 balanced_acc=0.9459 smoothed_balanced_acc=0.8907 f1=0.9462 precision=0.9535 recall=0.9389 pred_pos=0.4990 mean_p=0.4934 mean_p_pos=0.9035 mean_p_neg=0.0720 tp=246 tn=243 fp=12 fn=16 lr=1.00e-03 time=115.0s
  [val/behavior]
    rotational sliding: n=125 acc=0.8880 err=14 tp=111 tn=0 fp=0 fn=14 pred_pos=0.8880
    continuous variable-force pressing: n=139 acc=0.9137 err=12 tp=0 tn=127 fp=12 fn=0 pred_pos=0.0863
    translational sliding: n=137 acc=0.9854 err=2 tp=135 tn=0 fp=0 fn=2 pred_pos=0.9854
    constant-force pressing: n=75 acc=1.0000 err=0 tp=0 tn=75 fp=0 fn=0 pred_pos=0.0000
    static no motion: n=25 acc=1.0000 err=0 tp=0 tn=25 fp=0 fn=0 pred_pos=0.0000
    diagonal constant-force pressing: n=16 acc=1.0000 err=0 tp=0 tn=16 fp=0 fn=0 pred_pos=0.0000
  [val/motion_type]
    rotation: n=125 acc=0.8880 err=14 tp=111 tn=0 fp=0 fn=14 pred_pos=0.8880
    non-slip: n=255 acc=0.9529 err=12 tp=0 tn=243 fp=12 fn=0 pred_pos=0.0471
    translation: n=137 acc=0.9854 err=2 tp=135 tn=0 fp=0 fn=2 pred_pos=0.9854
  [val/session]
    session_047: n=64 acc=0.7656 err=15 tp=29 tn=20 fp=11 fn=4 pred_pos=0.6250
    session_027: n=62 acc=0.9032 err=6 tp=27 tn=29 fp=0 fn=6 pred_pos=0.4355
    session_017: n=46 acc=0.9130 err=4 tp=16 tn=26 fp=1 fn=3 pred_pos=0.3696
    session_042: n=60 acc=0.9833 err=1 tp=32 tn=27 fp=0 fn=1 pred_pos=0.5333
    session_022: n=57 acc=0.9825 err=1 tp=31 tn=25 fp=0 fn=1 pred_pos=0.5439
    session_012: n=25 acc=0.9600 err=1 tp=8 tn=16 fp=0 fn=1 pred_pos=0.3200
    session_037: n=56 acc=1.0000 err=0 tp=31 tn=25 fp=0 fn=0 pred_pos=0.5536
    session_032: n=53 acc=1.0000 err=0 tp=33 tn=20 fp=0 fn=0 pred_pos=0.6226
    session_007: n=48 acc=1.0000 err=0 tp=20 tn=28 fp=0 fn=0 pred_pos=0.4167
    session_002: n=46 acc=1.0000 err=0 tp=19 tn=27 fp=0 fn=0 pred_pos=0.4130
  [val/material]
    USB cable: n=124 acc=0.8710 err=16 tp=61 tn=47 fp=11 fn=5 pred_pos=0.5806
    A4 paper: n=119 acc=0.9412 err=7 tp=58 tn=54 fp=0 fn=7 pred_pos=0.4874
    plastic: n=165 acc=0.9697 err=5 tp=63 tn=97 fp=1 fn=4 pred_pos=0.3879
    soft foam earplug: n=109 acc=1.0000 err=0 tp=64 tn=45 fp=0 fn=0 pred_pos=0.5872
[INFO] epoch 7/40 started
  [train] batch 1/60 loss=0.0373 avg=0.0373 speed=0.31 batch/s
  [train] batch 20/60 loss=0.1128 avg=0.1578 speed=1.18 batch/s
  [train] batch 40/60 loss=0.0147 avg=0.1522 speed=1.23 batch/s
  [train] batch 60/60 loss=0.1792 avg=0.1562 speed=1.24 batch/s
[Epoch 007] loss=0.1562 window=8 train_acc=0.8407 train_balanced_acc=0.8379 val_acc=0.8221 balanced_acc=0.8244 smoothed_balanced_acc=0.8732 f1=0.7870 precision=1.0000 recall=0.6489 pred_pos=0.3288 mean_p=0.3235 mean_p_pos=0.6346 mean_p_neg=0.0037 tp=170 tn=255 fp=0 fn=92 lr=1.00e-03 time=110.3s
  [val/behavior]
    rotational sliding: n=125 acc=0.6240 err=47 tp=78 tn=0 fp=0 fn=47 pred_pos=0.6240
    translational sliding: n=137 acc=0.6715 err=45 tp=92 tn=0 fp=0 fn=45 pred_pos=0.6715
    continuous variable-force pressing: n=139 acc=1.0000 err=0 tp=0 tn=139 fp=0 fn=0 pred_pos=0.0000
    constant-force pressing: n=75 acc=1.0000 err=0 tp=0 tn=75 fp=0 fn=0 pred_pos=0.0000
    static no motion: n=25 acc=1.0000 err=0 tp=0 tn=25 fp=0 fn=0 pred_pos=0.0000
    diagonal constant-force pressing: n=16 acc=1.0000 err=0 tp=0 tn=16 fp=0 fn=0 pred_pos=0.0000
  [val/motion_type]
    rotation: n=125 acc=0.6240 err=47 tp=78 tn=0 fp=0 fn=47 pred_pos=0.6240
    translation: n=137 acc=0.6715 err=45 tp=92 tn=0 fp=0 fn=45 pred_pos=0.6715
    non-slip: n=255 acc=1.0000 err=0 tp=0 tn=255 fp=0 fn=0 pred_pos=0.0000
  [val/session]
    session_042: n=60 acc=0.6167 err=23 tp=10 tn=27 fp=0 fn=23 pred_pos=0.1667
    session_047: n=64 acc=0.7812 err=14 tp=19 tn=31 fp=0 fn=14 pred_pos=0.2969
    session_027: n=62 acc=0.7742 err=14 tp=19 tn=29 fp=0 fn=14 pred_pos=0.3065
    session_017: n=46 acc=0.7609 err=11 tp=8 tn=27 fp=0 fn=11 pred_pos=0.1739
    session_007: n=48 acc=0.8333 err=8 tp=12 tn=28 fp=0 fn=8 pred_pos=0.2500
    session_002: n=46 acc=0.8478 err=7 tp=12 tn=27 fp=0 fn=7 pred_pos=0.2609
    session_037: n=56 acc=0.9107 err=5 tp=26 tn=25 fp=0 fn=5 pred_pos=0.4643
    session_022: n=57 acc=0.9298 err=4 tp=28 tn=25 fp=0 fn=4 pred_pos=0.4912
    session_032: n=53 acc=0.9434 err=3 tp=30 tn=20 fp=0 fn=3 pred_pos=0.5660
    session_012: n=25 acc=0.8800 err=3 tp=6 tn=16 fp=0 fn=3 pred_pos=0.2400
  [val/material]
    USB cable: n=124 acc=0.7016 err=37 tp=29 tn=58 fp=0 fn=37 pred_pos=0.2339
    plastic: n=165 acc=0.8242 err=29 tp=38 tn=98 fp=0 fn=29 pred_pos=0.2303
    A4 paper: n=119 acc=0.8487 err=18 tp=47 tn=54 fp=0 fn=18 pred_pos=0.3950
    soft foam earplug: n=109 acc=0.9266 err=8 tp=56 tn=45 fp=0 fn=8 pred_pos=0.5138
[INFO] epoch 8/40 started
  [train] batch 1/60 loss=0.1364 avg=0.1364 speed=0.31 batch/s
  [train] batch 20/60 loss=0.0757 avg=0.1616 speed=1.23 batch/s
  [train] batch 40/60 loss=0.2745 avg=0.1792 speed=1.23 batch/s
  [train] batch 60/60 loss=0.4128 avg=0.1728 speed=1.24 batch/s
[Epoch 008] loss=0.1728 window=8 train_acc=0.5822 train_balanced_acc=0.5893 val_acc=0.5822 balanced_acc=0.5765 smoothed_balanced_acc=0.7823 f1=0.7081 precision=0.5481 recall=1.0000 pred_pos=0.9246 mean_p=0.9062 mean_p_pos=0.9951 mean_p_neg=0.8147 tp=262 tn=39 fp=216 fn=0 lr=1.00e-03 time=113.6s
  [val/behavior]
    continuous variable-force pressing: n=139 acc=0.2302 err=107 tp=0 tn=32 fp=107 fn=0 pred_pos=0.7698
    constant-force pressing: n=75 acc=0.0400 err=72 tp=0 tn=3 fp=72 fn=0 pred_pos=0.9600
    static no motion: n=25 acc=0.1600 err=21 tp=0 tn=4 fp=21 fn=0 pred_pos=0.8400
    diagonal constant-force pressing: n=16 acc=0.0000 err=16 tp=0 tn=0 fp=16 fn=0 pred_pos=1.0000
    translational sliding: n=137 acc=1.0000 err=0 tp=137 tn=0 fp=0 fn=0 pred_pos=1.0000
    rotational sliding: n=125 acc=1.0000 err=0 tp=125 tn=0 fp=0 fn=0 pred_pos=1.0000
  [val/motion_type]
    non-slip: n=255 acc=0.1529 err=216 tp=0 tn=39 fp=216 fn=0 pred_pos=0.8471
    translation: n=137 acc=1.0000 err=0 tp=137 tn=0 fp=0 fn=0 pred_pos=1.0000
    rotation: n=125 acc=1.0000 err=0 tp=125 tn=0 fp=0 fn=0 pred_pos=1.0000
  [val/session]
    session_007: n=48 acc=0.4167 err=28 tp=20 tn=0 fp=28 fn=0 pred_pos=1.0000
    session_027: n=62 acc=0.5968 err=25 tp=33 tn=4 fp=25 fn=0 pred_pos=0.9355
    session_042: n=60 acc=0.6000 err=24 tp=33 tn=3 fp=24 fn=0 pred_pos=0.9500
    session_017: n=46 acc=0.4783 err=24 tp=19 tn=3 fp=24 fn=0 pred_pos=0.9348
    session_022: n=57 acc=0.6316 err=21 tp=32 tn=4 fp=21 fn=0 pred_pos=0.9298
    session_032: n=53 acc=0.6226 err=20 tp=33 tn=0 fp=20 fn=0 pred_pos=1.0000
    session_002: n=46 acc=0.5652 err=20 tp=19 tn=7 fp=20 fn=0 pred_pos=0.8478
    session_047: n=64 acc=0.7031 err=19 tp=33 tn=12 fp=19 fn=0 pred_pos=0.8125
    session_037: n=56 acc=0.6607 err=19 tp=31 tn=6 fp=19 fn=0 pred_pos=0.8929
    session_012: n=25 acc=0.3600 err=16 tp=9 tn=0 fp=16 fn=0 pred_pos=1.0000
  [val/material]
    plastic: n=165 acc=0.4667 err=88 tp=67 tn=10 fp=88 fn=0 pred_pos=0.9394
    A4 paper: n=119 acc=0.6134 err=46 tp=65 tn=8 fp=46 fn=0 pred_pos=0.9328
    USB cable: n=124 acc=0.6532 err=43 tp=66 tn=15 fp=43 fn=0 pred_pos=0.8790
    soft foam earplug: n=109 acc=0.6422 err=39 tp=64 tn=6 fp=39 fn=0 pred_pos=0.9450
[INFO] epoch 9/40 started
  [train] batch 1/60 loss=0.1716 avg=0.1716 speed=0.29 batch/s
  [train] batch 20/60 loss=0.0285 avg=0.1534 speed=1.16 batch/s
  [train] batch 40/60 loss=0.2749 avg=0.1466 speed=1.16 batch/s
  [train] batch 60/60 loss=0.0634 avg=0.1695 speed=1.16 batch/s
[Epoch 009] loss=0.1695 window=8 train_acc=0.8997 train_balanced_acc=0.8980 val_acc=0.9052 balanced_acc=0.9065 smoothed_balanced_acc=0.7691 f1=0.8968 precision=1.0000 recall=0.8130 pred_pos=0.4120 mean_p=0.3996 mean_p_pos=0.7735 mean_p_neg=0.0154 tp=213 tn=255 fp=0 fn=49 lr=1.00e-03 time=120.7s
  [val/behavior]
    rotational sliding: n=125 acc=0.7120 err=36 tp=89 tn=0 fp=0 fn=36 pred_pos=0.7120
    translational sliding: n=137 acc=0.9051 err=13 tp=124 tn=0 fp=0 fn=13 pred_pos=0.9051
    continuous variable-force pressing: n=139 acc=1.0000 err=0 tp=0 tn=139 fp=0 fn=0 pred_pos=0.0000
    constant-force pressing: n=75 acc=1.0000 err=0 tp=0 tn=75 fp=0 fn=0 pred_pos=0.0000
    static no motion: n=25 acc=1.0000 err=0 tp=0 tn=25 fp=0 fn=0 pred_pos=0.0000
    diagonal constant-force pressing: n=16 acc=1.0000 err=0 tp=0 tn=16 fp=0 fn=0 pred_pos=0.0000
  [val/motion_type]
    rotation: n=125 acc=0.7120 err=36 tp=89 tn=0 fp=0 fn=36 pred_pos=0.7120
    translation: n=137 acc=0.9051 err=13 tp=124 tn=0 fp=0 fn=13 pred_pos=0.9051
    non-slip: n=255 acc=1.0000 err=0 tp=0 tn=255 fp=0 fn=0 pred_pos=0.0000
  [val/session]
    session_027: n=62 acc=0.8065 err=12 tp=21 tn=29 fp=0 fn=12 pred_pos=0.3387
    session_017: n=46 acc=0.7609 err=11 tp=8 tn=27 fp=0 fn=11 pred_pos=0.1739
    session_042: n=60 acc=0.8833 err=7 tp=26 tn=27 fp=0 fn=7 pred_pos=0.4333
    session_047: n=64 acc=0.9219 err=5 tp=28 tn=31 fp=0 fn=5 pred_pos=0.4375
    session_037: n=56 acc=0.9286 err=4 tp=27 tn=25 fp=0 fn=4 pred_pos=0.4821
    session_012: n=25 acc=0.8400 err=4 tp=5 tn=16 fp=0 fn=4 pred_pos=0.2000
    session_022: n=57 acc=0.9649 err=2 tp=30 tn=25 fp=0 fn=2 pred_pos=0.5263
    session_007: n=48 acc=0.9583 err=2 tp=18 tn=28 fp=0 fn=2 pred_pos=0.3750
    session_002: n=46 acc=0.9565 err=2 tp=17 tn=27 fp=0 fn=2 pred_pos=0.3696
    session_032: n=53 acc=1.0000 err=0 tp=33 tn=20 fp=0 fn=0 pred_pos=0.6226
  [val/material]
    plastic: n=165 acc=0.8848 err=19 tp=48 tn=98 fp=0 fn=19 pred_pos=0.2909
    A4 paper: n=119 acc=0.8824 err=14 tp=51 tn=54 fp=0 fn=14 pred_pos=0.4286
    USB cable: n=124 acc=0.9032 err=12 tp=54 tn=58 fp=0 fn=12 pred_pos=0.4355
    soft foam earplug: n=109 acc=0.9633 err=4 tp=60 tn=45 fp=0 fn=4 pred_pos=0.5505
[INFO] epoch 10/40 started
  [train] batch 1/60 loss=1.1843 avg=1.1843 speed=0.28 batch/s
  [train] batch 20/60 loss=0.1533 avg=0.2726 speed=1.11 batch/s
  [train] batch 40/60 loss=0.0637 avg=0.2224 speed=1.14 batch/s
  [train] batch 60/60 loss=0.0357 avg=0.1994 speed=1.15 batch/s
[Epoch 010] loss=0.1994 window=8 train_acc=0.7671 train_balanced_acc=0.7710 val_acc=0.7350 balanced_acc=0.7314 smoothed_balanced_acc=0.7381 f1=0.7921 precision=0.6574 recall=0.9962 pred_pos=0.7679 mean_p=0.7680 mean_p_pos=0.9927 mean_p_neg=0.5371 tp=261 tn=119 fp=136 fn=1 lr=5.00e-04 time=125.9s
  [val/behavior]
    continuous variable-force pressing: n=139 acc=0.4748 err=73 tp=0 tn=66 fp=73 fn=0 pred_pos=0.5252
    constant-force pressing: n=75 acc=0.5067 err=37 tp=0 tn=38 fp=37 fn=0 pred_pos=0.4933
    diagonal constant-force pressing: n=16 acc=0.0000 err=16 tp=0 tn=0 fp=16 fn=0 pred_pos=1.0000
    static no motion: n=25 acc=0.6000 err=10 tp=0 tn=15 fp=10 fn=0 pred_pos=0.4000
    rotational sliding: n=125 acc=0.9920 err=1 tp=124 tn=0 fp=0 fn=1 pred_pos=0.9920
    translational sliding: n=137 acc=1.0000 err=0 tp=137 tn=0 fp=0 fn=0 pred_pos=1.0000
  [val/motion_type]
    non-slip: n=255 acc=0.4667 err=136 tp=0 tn=119 fp=136 fn=0 pred_pos=0.5333
    rotation: n=125 acc=0.9920 err=1 tp=124 tn=0 fp=0 fn=1 pred_pos=0.9920
    translation: n=137 acc=1.0000 err=0 tp=137 tn=0 fp=0 fn=0 pred_pos=1.0000
  [val/session]
    session_007: n=48 acc=0.5625 err=21 tp=20 tn=7 fp=21 fn=0 pred_pos=0.8542
    session_047: n=64 acc=0.7188 err=18 tp=33 tn=13 fp=18 fn=0 pred_pos=0.7969
    session_017: n=46 acc=0.6304 err=17 tp=18 tn=11 fp=16 fn=1 pred_pos=0.7391
    session_032: n=53 acc=0.6981 err=16 tp=33 tn=4 fp=16 fn=0 pred_pos=0.9245
    session_002: n=46 acc=0.6522 err=16 tp=19 tn=11 fp=16 fn=0 pred_pos=0.7609
    session_012: n=25 acc=0.3600 err=16 tp=9 tn=0 fp=16 fn=0 pred_pos=1.0000
    session_037: n=56 acc=0.7500 err=14 tp=31 tn=11 fp=14 fn=0 pred_pos=0.8036
    session_022: n=57 acc=0.8246 err=10 tp=32 tn=15 fp=10 fn=0 pred_pos=0.7368
    session_027: n=62 acc=0.8548 err=9 tp=33 tn=20 fp=9 fn=0 pred_pos=0.6774
    session_042: n=60 acc=1.0000 err=0 tp=33 tn=27 fp=0 fn=0 pred_pos=0.5500
  [val/material]
    plastic: n=165 acc=0.5758 err=70 tp=66 tn=29 fp=69 fn=1 pred_pos=0.8182
    soft foam earplug: n=109 acc=0.7248 err=30 tp=64 tn=15 fp=30 fn=0 pred_pos=0.8624
    A4 paper: n=119 acc=0.8403 err=19 tp=65 tn=35 fp=19 fn=0 pred_pos=0.7059
    USB cable: n=124 acc=0.8548 err=18 tp=66 tn=40 fp=18 fn=0 pred_pos=0.6774
[INFO] epoch 11/40 started
  [train] batch 1/60 loss=0.2028 avg=0.2028 speed=0.29 batch/s
  [train] batch 20/60 loss=0.0612 avg=0.1482 speed=1.10 batch/s
  [train] batch 40/60 loss=0.1147 avg=0.1184 speed=1.10 batch/s
  [train] batch 60/60 loss=0.1060 avg=0.1083 speed=1.13 batch/s
[Epoch 011] loss=0.1083 window=8 train_acc=0.9436 train_balanced_acc=0.9426 val_acc=0.9342 balanced_acc=0.9351 smoothed_balanced_acc=0.8577 f1=0.9309 precision=0.9957 recall=0.8740 pred_pos=0.4449 mean_p=0.4391 mean_p_pos=0.8603 mean_p_neg=0.0063 tp=229 tn=254 fp=1 fn=33 lr=5.00e-04 time=123.1s
  [val/behavior]
    rotational sliding: n=125 acc=0.8320 err=21 tp=104 tn=0 fp=0 fn=21 pred_pos=0.8320
    translational sliding: n=137 acc=0.9124 err=12 tp=125 tn=0 fp=0 fn=12 pred_pos=0.9124
    continuous variable-force pressing: n=139 acc=0.9928 err=1 tp=0 tn=138 fp=1 fn=0 pred_pos=0.0072
    constant-force pressing: n=75 acc=1.0000 err=0 tp=0 tn=75 fp=0 fn=0 pred_pos=0.0000
    static no motion: n=25 acc=1.0000 err=0 tp=0 tn=25 fp=0 fn=0 pred_pos=0.0000
    diagonal constant-force pressing: n=16 acc=1.0000 err=0 tp=0 tn=16 fp=0 fn=0 pred_pos=0.0000
  [val/motion_type]
    rotation: n=125 acc=0.8320 err=21 tp=104 tn=0 fp=0 fn=21 pred_pos=0.8320
    translation: n=137 acc=0.9124 err=12 tp=125 tn=0 fp=0 fn=12 pred_pos=0.9124
    non-slip: n=255 acc=0.9961 err=1 tp=0 tn=254 fp=1 fn=0 pred_pos=0.0039
  [val/session]
    session_042: n=60 acc=0.8500 err=9 tp=24 tn=27 fp=0 fn=9 pred_pos=0.4000
    session_027: n=62 acc=0.8710 err=8 tp=25 tn=29 fp=0 fn=8 pred_pos=0.4032
    session_017: n=46 acc=0.8696 err=6 tp=13 tn=27 fp=0 fn=6 pred_pos=0.2826
    session_037: n=56 acc=0.9464 err=3 tp=28 tn=25 fp=0 fn=3 pred_pos=0.5000
    session_012: n=25 acc=0.8800 err=3 tp=6 tn=16 fp=0 fn=3 pred_pos=0.2400
    session_047: n=64 acc=0.9688 err=2 tp=32 tn=30 fp=1 fn=1 pred_pos=0.5156
    session_002: n=46 acc=0.9565 err=2 tp=17 tn=27 fp=0 fn=2 pred_pos=0.3696
    session_022: n=57 acc=0.9825 err=1 tp=31 tn=25 fp=0 fn=1 pred_pos=0.5439
    session_032: n=53 acc=1.0000 err=0 tp=33 tn=20 fp=0 fn=0 pred_pos=0.6226
    session_007: n=48 acc=1.0000 err=0 tp=20 tn=28 fp=0 fn=0 pred_pos=0.4167
  [val/material]
    plastic: n=165 acc=0.9333 err=11 tp=56 tn=98 fp=0 fn=11 pred_pos=0.3394
    USB cable: n=124 acc=0.9113 err=11 tp=56 tn=57 fp=1 fn=10 pred_pos=0.4597
    A4 paper: n=119 acc=0.9244 err=9 tp=56 tn=54 fp=0 fn=9 pred_pos=0.4706
    soft foam earplug: n=109 acc=0.9725 err=3 tp=61 tn=45 fp=0 fn=3 pred_pos=0.5596
[INFO] epoch 12/40 started
  [train] batch 1/60 loss=0.2236 avg=0.2236 speed=0.30 batch/s
  [train] batch 20/60 loss=0.0431 avg=0.0745 speed=1.14 batch/s
  [train] batch 40/60 loss=0.2028 avg=0.0896 speed=1.14 batch/s
  [train] batch 60/60 loss=0.0070 avg=0.0928 speed=1.14 batch/s
[Epoch 012] loss=0.0928 window=8 train_acc=0.9713 train_balanced_acc=0.9716 val_acc=0.9284 balanced_acc=0.9276 smoothed_balanced_acc=0.8647 f1=0.9333 precision=0.8840 recall=0.9885 pred_pos=0.5667 mean_p=0.5702 mean_p_pos=0.9741 mean_p_neg=0.1552 tp=259 tn=221 fp=34 fn=3 lr=5.00e-04 time=119.1s
  [val/behavior]
    continuous variable-force pressing: n=139 acc=0.8705 err=18 tp=0 tn=121 fp=18 fn=0 pred_pos=0.1295
    diagonal constant-force pressing: n=16 acc=0.0000 err=16 tp=0 tn=0 fp=16 fn=0 pred_pos=1.0000
    rotational sliding: n=125 acc=0.9760 err=3 tp=122 tn=0 fp=0 fn=3 pred_pos=0.9760
    translational sliding: n=137 acc=1.0000 err=0 tp=137 tn=0 fp=0 fn=0 pred_pos=1.0000
    constant-force pressing: n=75 acc=1.0000 err=0 tp=0 tn=75 fp=0 fn=0 pred_pos=0.0000
    static no motion: n=25 acc=1.0000 err=0 tp=0 tn=25 fp=0 fn=0 pred_pos=0.0000
  [val/motion_type]
    non-slip: n=255 acc=0.8667 err=34 tp=0 tn=221 fp=34 fn=0 pred_pos=0.1333
    rotation: n=125 acc=0.9760 err=3 tp=122 tn=0 fp=0 fn=3 pred_pos=0.9760
    translation: n=137 acc=1.0000 err=0 tp=137 tn=0 fp=0 fn=0 pred_pos=1.0000
  [val/session]
    session_012: n=25 acc=0.3600 err=16 tp=9 tn=0 fp=16 fn=0 pred_pos=1.0000
    session_047: n=64 acc=0.8438 err=10 tp=33 tn=21 fp=10 fn=0 pred_pos=0.6719
    session_017: n=46 acc=0.7826 err=10 tp=16 tn=20 fp=7 fn=3 pred_pos=0.5000
    session_027: n=62 acc=0.9839 err=1 tp=33 tn=28 fp=1 fn=0 pred_pos=0.5484
    session_042: n=60 acc=1.0000 err=0 tp=33 tn=27 fp=0 fn=0 pred_pos=0.5500
    session_022: n=57 acc=1.0000 err=0 tp=32 tn=25 fp=0 fn=0 pred_pos=0.5614
    session_037: n=56 acc=1.0000 err=0 tp=31 tn=25 fp=0 fn=0 pred_pos=0.5536
    session_032: n=53 acc=1.0000 err=0 tp=33 tn=20 fp=0 fn=0 pred_pos=0.6226
    session_007: n=48 acc=1.0000 err=0 tp=20 tn=28 fp=0 fn=0 pred_pos=0.4167
    session_002: n=46 acc=1.0000 err=0 tp=19 tn=27 fp=0 fn=0 pred_pos=0.4130
  [val/material]
    plastic: n=165 acc=0.8424 err=26 tp=64 tn=75 fp=23 fn=3 pred_pos=0.5273
    USB cable: n=124 acc=0.9194 err=10 tp=66 tn=48 fp=10 fn=0 pred_pos=0.6129
    A4 paper: n=119 acc=0.9916 err=1 tp=65 tn=53 fp=1 fn=0 pred_pos=0.5546
    soft foam earplug: n=109 acc=1.0000 err=0 tp=64 tn=45 fp=0 fn=0 pred_pos=0.5872
[INFO] epoch 13/40 started
  [train] batch 1/60 loss=0.1897 avg=0.1897 speed=0.31 batch/s
  [train] batch 20/60 loss=0.0155 avg=0.0608 speed=1.24 batch/s
  [train] batch 40/60 loss=0.4098 avg=0.0746 speed=1.23 batch/s
  [train] batch 60/60 loss=0.0457 avg=0.0720 speed=1.23 batch/s
[BEST] epoch=13 smoothed_balanced_acc=0.9432 saved
[Epoch 013] loss=0.0720 window=8 train_acc=0.9911 train_balanced_acc=0.9911 val_acc=0.9671 balanced_acc=0.9669 smoothed_balanced_acc=0.9432 f1=0.9681 precision=0.9520 recall=0.9847 pred_pos=0.5242 mean_p=0.5401 mean_p_pos=0.9801 mean_p_neg=0.0880 tp=258 tn=242 fp=13 fn=4 lr=5.00e-04 time=112.4s
  [val/behavior]
    continuous variable-force pressing: n=139 acc=0.9353 err=9 tp=0 tn=130 fp=9 fn=0 pred_pos=0.0647
    rotational sliding: n=125 acc=0.9760 err=3 tp=122 tn=0 fp=0 fn=3 pred_pos=0.9760
    diagonal constant-force pressing: n=16 acc=0.8125 err=3 tp=0 tn=13 fp=3 fn=0 pred_pos=0.1875
    translational sliding: n=137 acc=0.9927 err=1 tp=136 tn=0 fp=0 fn=1 pred_pos=0.9927
    static no motion: n=25 acc=0.9600 err=1 tp=0 tn=24 fp=1 fn=0 pred_pos=0.0400
    constant-force pressing: n=75 acc=1.0000 err=0 tp=0 tn=75 fp=0 fn=0 pred_pos=0.0000
  [val/motion_type]
    non-slip: n=255 acc=0.9490 err=13 tp=0 tn=242 fp=13 fn=0 pred_pos=0.0510
    rotation: n=125 acc=0.9760 err=3 tp=122 tn=0 fp=0 fn=3 pred_pos=0.9760
    translation: n=137 acc=0.9927 err=1 tp=136 tn=0 fp=0 fn=1 pred_pos=0.9927
  [val/session]
    session_047: n=64 acc=0.9062 err=6 tp=32 tn=26 fp=5 fn=1 pred_pos=0.5781
    session_027: n=62 acc=0.9355 err=4 tp=32 tn=26 fp=3 fn=1 pred_pos=0.5645
    session_012: n=25 acc=0.8800 err=3 tp=9 tn=13 fp=3 fn=0 pred_pos=0.4800
    session_022: n=57 acc=0.9825 err=1 tp=32 tn=24 fp=1 fn=0 pred_pos=0.5789
    session_037: n=56 acc=0.9821 err=1 tp=31 tn=24 fp=1 fn=0 pred_pos=0.5714
    session_007: n=48 acc=0.9792 err=1 tp=19 tn=28 fp=0 fn=1 pred_pos=0.3958
    session_017: n=46 acc=0.9783 err=1 tp=18 tn=27 fp=0 fn=1 pred_pos=0.3913
    session_042: n=60 acc=1.0000 err=0 tp=33 tn=27 fp=0 fn=0 pred_pos=0.5500
    session_032: n=53 acc=1.0000 err=0 tp=33 tn=20 fp=0 fn=0 pred_pos=0.6226
    session_002: n=46 acc=1.0000 err=0 tp=19 tn=27 fp=0 fn=0 pred_pos=0.4130
  [val/material]
    USB cable: n=124 acc=0.9516 err=6 tp=65 tn=53 fp=5 fn=1 pred_pos=0.5645
    plastic: n=165 acc=0.9697 err=5 tp=65 tn=95 fp=3 fn=2 pred_pos=0.4121
    A4 paper: n=119 acc=0.9580 err=5 tp=64 tn=50 fp=4 fn=1 pred_pos=0.5714
    soft foam earplug: n=109 acc=0.9908 err=1 tp=64 tn=44 fp=1 fn=0 pred_pos=0.5963
[INFO] epoch 14/40 started
  [train] batch 1/60 loss=0.2413 avg=0.2413 speed=0.29 batch/s
  [train] batch 20/60 loss=0.1072 avg=0.0607 speed=1.21 batch/s
  [train] batch 40/60 loss=0.0823 avg=0.0728 speed=1.21 batch/s
  [train] batch 60/60 loss=0.2039 avg=0.0882 speed=1.21 batch/s
[BEST] epoch=14 smoothed_balanced_acc=0.9520 saved
[Epoch 014] loss=0.0882 window=8 train_acc=0.9864 train_balanced_acc=0.9862 val_acc=0.9613 balanced_acc=0.9615 smoothed_balanced_acc=0.9520 f1=0.9612 precision=0.9764 recall=0.9466 pred_pos=0.4913 mean_p=0.4903 mean_p_pos=0.9382 mean_p_neg=0.0301 tp=248 tn=249 fp=6 fn=14 lr=5.00e-04 time=116.0s
  [val/behavior]
    translational sliding: n=137 acc=0.9270 err=10 tp=127 tn=0 fp=0 fn=10 pred_pos=0.9270
    continuous variable-force pressing: n=139 acc=0.9568 err=6 tp=0 tn=133 fp=6 fn=0 pred_pos=0.0432
    rotational sliding: n=125 acc=0.9680 err=4 tp=121 tn=0 fp=0 fn=4 pred_pos=0.9680
    constant-force pressing: n=75 acc=1.0000 err=0 tp=0 tn=75 fp=0 fn=0 pred_pos=0.0000
    static no motion: n=25 acc=1.0000 err=0 tp=0 tn=25 fp=0 fn=0 pred_pos=0.0000
    diagonal constant-force pressing: n=16 acc=1.0000 err=0 tp=0 tn=16 fp=0 fn=0 pred_pos=0.0000
  [val/motion_type]
    translation: n=137 acc=0.9270 err=10 tp=127 tn=0 fp=0 fn=10 pred_pos=0.9270
    non-slip: n=255 acc=0.9765 err=6 tp=0 tn=249 fp=6 fn=0 pred_pos=0.0235
    rotation: n=125 acc=0.9680 err=4 tp=121 tn=0 fp=0 fn=4 pred_pos=0.9680
  [val/session]
    session_042: n=60 acc=0.8667 err=8 tp=25 tn=27 fp=0 fn=8 pred_pos=0.4167
    session_047: n=64 acc=0.9062 err=6 tp=33 tn=25 fp=6 fn=0 pred_pos=0.6094
    session_017: n=46 acc=0.9348 err=3 tp=16 tn=27 fp=0 fn=3 pred_pos=0.3478
    session_027: n=62 acc=0.9839 err=1 tp=32 tn=29 fp=0 fn=1 pred_pos=0.5161
    session_032: n=53 acc=0.9811 err=1 tp=32 tn=20 fp=0 fn=1 pred_pos=0.6038
    session_007: n=48 acc=0.9792 err=1 tp=19 tn=28 fp=0 fn=1 pred_pos=0.3958
    session_022: n=57 acc=1.0000 err=0 tp=32 tn=25 fp=0 fn=0 pred_pos=0.5614
    session_037: n=56 acc=1.0000 err=0 tp=31 tn=25 fp=0 fn=0 pred_pos=0.5536
    session_002: n=46 acc=1.0000 err=0 tp=19 tn=27 fp=0 fn=0 pred_pos=0.4130
    session_012: n=25 acc=1.0000 err=0 tp=9 tn=16 fp=0 fn=0 pred_pos=0.3600
  [val/material]
    USB cable: n=124 acc=0.8871 err=14 tp=58 tn=52 fp=6 fn=8 pred_pos=0.5161
    plastic: n=165 acc=0.9758 err=4 tp=63 tn=98 fp=0 fn=4 pred_pos=0.3818
    A4 paper: n=119 acc=0.9916 err=1 tp=64 tn=54 fp=0 fn=1 pred_pos=0.5378
    soft foam earplug: n=109 acc=0.9908 err=1 tp=63 tn=45 fp=0 fn=1 pred_pos=0.5780
[INFO] epoch 15/40 started
  [train] batch 1/60 loss=0.0078 avg=0.0078 speed=0.28 batch/s
  [train] batch 20/60 loss=0.1032 avg=0.0402 speed=1.10 batch/s
  [train] batch 40/60 loss=0.0675 avg=0.0527 speed=1.14 batch/s
  [train] batch 60/60 loss=0.1043 avg=0.0730 speed=1.15 batch/s
[BEST] epoch=15 smoothed_balanced_acc=0.9658 saved
[Epoch 015] loss=0.0730 window=8 train_acc=0.9864 train_balanced_acc=0.9865 val_acc=0.9691 balanced_acc=0.9690 smoothed_balanced_acc=0.9658 f1=0.9695 precision=0.9695 recall=0.9695 pred_pos=0.5068 mean_p=0.5150 mean_p_pos=0.9582 mean_p_neg=0.0596 tp=254 tn=247 fp=8 fn=8 lr=5.00e-04 time=118.2s
  [val/behavior]
    continuous variable-force pressing: n=139 acc=0.9568 err=6 tp=0 tn=133 fp=6 fn=0 pred_pos=0.0432
    rotational sliding: n=125 acc=0.9520 err=6 tp=119 tn=0 fp=0 fn=6 pred_pos=0.9520
    translational sliding: n=137 acc=0.9854 err=2 tp=135 tn=0 fp=0 fn=2 pred_pos=0.9854
    diagonal constant-force pressing: n=16 acc=0.8750 err=2 tp=0 tn=14 fp=2 fn=0 pred_pos=0.1250
    constant-force pressing: n=75 acc=1.0000 err=0 tp=0 tn=75 fp=0 fn=0 pred_pos=0.0000
    static no motion: n=25 acc=1.0000 err=0 tp=0 tn=25 fp=0 fn=0 pred_pos=0.0000
  [val/motion_type]
    non-slip: n=255 acc=0.9686 err=8 tp=0 tn=247 fp=8 fn=0 pred_pos=0.0314
    rotation: n=125 acc=0.9520 err=6 tp=119 tn=0 fp=0 fn=6 pred_pos=0.9520
    translation: n=137 acc=0.9854 err=2 tp=135 tn=0 fp=0 fn=2 pred_pos=0.9854
  [val/session]
    session_047: n=64 acc=0.9062 err=6 tp=32 tn=26 fp=5 fn=1 pred_pos=0.5781
    session_027: n=62 acc=0.9516 err=3 tp=31 tn=28 fp=1 fn=2 pred_pos=0.5161
    session_017: n=46 acc=0.9348 err=3 tp=16 tn=27 fp=0 fn=3 pred_pos=0.3478
    session_032: n=53 acc=0.9623 err=2 tp=31 tn=20 fp=0 fn=2 pred_pos=0.5849
    session_012: n=25 acc=0.9200 err=2 tp=9 tn=14 fp=2 fn=0 pred_pos=0.4400
    session_042: n=60 acc=1.0000 err=0 tp=33 tn=27 fp=0 fn=0 pred_pos=0.5500
    session_022: n=57 acc=1.0000 err=0 tp=32 tn=25 fp=0 fn=0 pred_pos=0.5614
    session_037: n=56 acc=1.0000 err=0 tp=31 tn=25 fp=0 fn=0 pred_pos=0.5536
    session_007: n=48 acc=1.0000 err=0 tp=20 tn=28 fp=0 fn=0 pred_pos=0.4167
    session_002: n=46 acc=1.0000 err=0 tp=19 tn=27 fp=0 fn=0 pred_pos=0.4130
  [val/material]
    USB cable: n=124 acc=0.9516 err=6 tp=65 tn=53 fp=5 fn=1 pred_pos=0.5645
    plastic: n=165 acc=0.9697 err=5 tp=64 tn=96 fp=2 fn=3 pred_pos=0.4000
    A4 paper: n=119 acc=0.9748 err=3 tp=63 tn=53 fp=1 fn=2 pred_pos=0.5378
    soft foam earplug: n=109 acc=0.9817 err=2 tp=62 tn=45 fp=0 fn=2 pred_pos=0.5688
[INFO] epoch 16/40 started
  [train] batch 1/60 loss=0.0158 avg=0.0158 speed=0.30 batch/s
  [train] batch 20/60 loss=0.0239 avg=0.0498 speed=1.21 batch/s
  [train] batch 40/60 loss=0.1838 avg=0.0542 speed=1.23 batch/s
  [train] batch 60/60 loss=0.1639 avg=0.0602 speed=1.23 batch/s
[Epoch 016] loss=0.0602 window=8 train_acc=0.9901 train_balanced_acc=0.9901 val_acc=0.9652 balanced_acc=0.9651 smoothed_balanced_acc=0.9652 f1=0.9658 precision=0.9621 recall=0.9695 pred_pos=0.5106 mean_p=0.5114 mean_p_pos=0.9675 mean_p_neg=0.0427 tp=254 tn=245 fp=10 fn=8 lr=5.00e-04 time=110.0s
  [val/behavior]
    continuous variable-force pressing: n=139 acc=0.9281 err=10 tp=0 tn=129 fp=10 fn=0 pred_pos=0.0719
    translational sliding: n=137 acc=0.9635 err=5 tp=132 tn=0 fp=0 fn=5 pred_pos=0.9635
    rotational sliding: n=125 acc=0.9760 err=3 tp=122 tn=0 fp=0 fn=3 pred_pos=0.9760
    constant-force pressing: n=75 acc=1.0000 err=0 tp=0 tn=75 fp=0 fn=0 pred_pos=0.0000
    static no motion: n=25 acc=1.0000 err=0 tp=0 tn=25 fp=0 fn=0 pred_pos=0.0000
    diagonal constant-force pressing: n=16 acc=1.0000 err=0 tp=0 tn=16 fp=0 fn=0 pred_pos=0.0000
  [val/motion_type]
    non-slip: n=255 acc=0.9608 err=10 tp=0 tn=245 fp=10 fn=0 pred_pos=0.0392
    translation: n=137 acc=0.9635 err=5 tp=132 tn=0 fp=0 fn=5 pred_pos=0.9635
    rotation: n=125 acc=0.9760 err=3 tp=122 tn=0 fp=0 fn=3 pred_pos=0.9760
  [val/session]
    session_047: n=64 acc=0.8438 err=10 tp=33 tn=21 fp=10 fn=0 pred_pos=0.6719
    session_042: n=60 acc=0.9333 err=4 tp=29 tn=27 fp=0 fn=4 pred_pos=0.4833
    session_017: n=46 acc=0.9565 err=2 tp=17 tn=27 fp=0 fn=2 pred_pos=0.3696
    session_027: n=62 acc=0.9839 err=1 tp=32 tn=29 fp=0 fn=1 pred_pos=0.5161
    session_007: n=48 acc=0.9792 err=1 tp=19 tn=28 fp=0 fn=1 pred_pos=0.3958
    session_022: n=57 acc=1.0000 err=0 tp=32 tn=25 fp=0 fn=0 pred_pos=0.5614
    session_037: n=56 acc=1.0000 err=0 tp=31 tn=25 fp=0 fn=0 pred_pos=0.5536
    session_032: n=53 acc=1.0000 err=0 tp=33 tn=20 fp=0 fn=0 pred_pos=0.6226
    session_002: n=46 acc=1.0000 err=0 tp=19 tn=27 fp=0 fn=0 pred_pos=0.4130
    session_012: n=25 acc=1.0000 err=0 tp=9 tn=16 fp=0 fn=0 pred_pos=0.3600
  [val/material]
    USB cable: n=124 acc=0.8871 err=14 tp=62 tn=48 fp=10 fn=4 pred_pos=0.5806
    plastic: n=165 acc=0.9818 err=3 tp=64 tn=98 fp=0 fn=3 pred_pos=0.3879
    A4 paper: n=119 acc=0.9916 err=1 tp=64 tn=54 fp=0 fn=1 pred_pos=0.5378
    soft foam earplug: n=109 acc=1.0000 err=0 tp=64 tn=45 fp=0 fn=0 pred_pos=0.5872
[INFO] epoch 17/40 started
  [train] batch 1/60 loss=0.0022 avg=0.0022 speed=0.31 batch/s
  [train] batch 20/60 loss=0.0508 avg=0.1011 speed=1.27 batch/s
  [train] batch 40/60 loss=0.0623 avg=0.0799 speed=1.27 batch/s
  [train] batch 60/60 loss=0.0078 avg=0.0744 speed=1.27 batch/s
[BEST] epoch=17 smoothed_balanced_acc=0.9666 saved
[Epoch 017] loss=0.0744 window=8 train_acc=0.9807 train_balanced_acc=0.9803 val_acc=0.9652 balanced_acc=0.9656 smoothed_balanced_acc=0.9666 f1=0.9644 precision=1.0000 recall=0.9313 pred_pos=0.4720 mean_p=0.4661 mean_p_pos=0.9165 mean_p_neg=0.0034 tp=244 tn=255 fp=0 fn=18 lr=5.00e-04 time=109.7s
  [val/behavior]
    rotational sliding: n=125 acc=0.9120 err=11 tp=114 tn=0 fp=0 fn=11 pred_pos=0.9120
    translational sliding: n=137 acc=0.9489 err=7 tp=130 tn=0 fp=0 fn=7 pred_pos=0.9489
    continuous variable-force pressing: n=139 acc=1.0000 err=0 tp=0 tn=139 fp=0 fn=0 pred_pos=0.0000
    constant-force pressing: n=75 acc=1.0000 err=0 tp=0 tn=75 fp=0 fn=0 pred_pos=0.0000
    static no motion: n=25 acc=1.0000 err=0 tp=0 tn=25 fp=0 fn=0 pred_pos=0.0000
    diagonal constant-force pressing: n=16 acc=1.0000 err=0 tp=0 tn=16 fp=0 fn=0 pred_pos=0.0000
  [val/motion_type]
    rotation: n=125 acc=0.9120 err=11 tp=114 tn=0 fp=0 fn=11 pred_pos=0.9120
    translation: n=137 acc=0.9489 err=7 tp=130 tn=0 fp=0 fn=7 pred_pos=0.9489
    non-slip: n=255 acc=1.0000 err=0 tp=0 tn=255 fp=0 fn=0 pred_pos=0.0000
  [val/session]
    session_027: n=62 acc=0.9032 err=6 tp=27 tn=29 fp=0 fn=6 pred_pos=0.4355
    session_042: n=60 acc=0.9167 err=5 tp=28 tn=27 fp=0 fn=5 pred_pos=0.4667
    session_017: n=46 acc=0.9130 err=4 tp=15 tn=27 fp=0 fn=4 pred_pos=0.3261
    session_032: n=53 acc=0.9811 err=1 tp=32 tn=20 fp=0 fn=1 pred_pos=0.6038
    session_007: n=48 acc=0.9792 err=1 tp=19 tn=28 fp=0 fn=1 pred_pos=0.3958
    session_012: n=25 acc=0.9600 err=1 tp=8 tn=16 fp=0 fn=1 pred_pos=0.3200
    session_047: n=64 acc=1.0000 err=0 tp=33 tn=31 fp=0 fn=0 pred_pos=0.5156
    session_022: n=57 acc=1.0000 err=0 tp=32 tn=25 fp=0 fn=0 pred_pos=0.5614
    session_037: n=56 acc=1.0000 err=0 tp=31 tn=25 fp=0 fn=0 pred_pos=0.5536
    session_002: n=46 acc=1.0000 err=0 tp=19 tn=27 fp=0 fn=0 pred_pos=0.4130
  [val/material]
    plastic: n=165 acc=0.9636 err=6 tp=61 tn=98 fp=0 fn=6 pred_pos=0.3697
    A4 paper: n=119 acc=0.9496 err=6 tp=59 tn=54 fp=0 fn=6 pred_pos=0.4958
    USB cable: n=124 acc=0.9597 err=5 tp=61 tn=58 fp=0 fn=5 pred_pos=0.4919
    soft foam earplug: n=109 acc=0.9908 err=1 tp=63 tn=45 fp=0 fn=1 pred_pos=0.5780
[INFO] epoch 18/40 started
  [train] batch 1/60 loss=0.0102 avg=0.0102 speed=0.32 batch/s
  [train] batch 20/60 loss=0.0592 avg=0.0408 speed=1.25 batch/s
  [train] batch 40/60 loss=0.1120 avg=0.0510 speed=1.27 batch/s
  [train] batch 60/60 loss=0.0007 avg=0.0497 speed=1.28 batch/s
[BEST] epoch=18 smoothed_balanced_acc=0.9667 saved
[Epoch 018] loss=0.0497 window=8 train_acc=0.9854 train_balanced_acc=0.9851 val_acc=0.9691 balanced_acc=0.9694 smoothed_balanced_acc=0.9667 f1=0.9686 precision=0.9960 recall=0.9427 pred_pos=0.4797 mean_p=0.4753 mean_p_pos=0.9322 mean_p_neg=0.0059 tp=247 tn=254 fp=1 fn=15 lr=5.00e-04 time=108.6s
  [val/behavior]
    rotational sliding: n=125 acc=0.9280 err=9 tp=116 tn=0 fp=0 fn=9 pred_pos=0.9280
    translational sliding: n=137 acc=0.9562 err=6 tp=131 tn=0 fp=0 fn=6 pred_pos=0.9562
    continuous variable-force pressing: n=139 acc=0.9928 err=1 tp=0 tn=138 fp=1 fn=0 pred_pos=0.0072
    constant-force pressing: n=75 acc=1.0000 err=0 tp=0 tn=75 fp=0 fn=0 pred_pos=0.0000
    static no motion: n=25 acc=1.0000 err=0 tp=0 tn=25 fp=0 fn=0 pred_pos=0.0000
    diagonal constant-force pressing: n=16 acc=1.0000 err=0 tp=0 tn=16 fp=0 fn=0 pred_pos=0.0000
  [val/motion_type]
    rotation: n=125 acc=0.9280 err=9 tp=116 tn=0 fp=0 fn=9 pred_pos=0.9280
    translation: n=137 acc=0.9562 err=6 tp=131 tn=0 fp=0 fn=6 pred_pos=0.9562
    non-slip: n=255 acc=0.9961 err=1 tp=0 tn=254 fp=1 fn=0 pred_pos=0.0039
  [val/session]
    session_027: n=62 acc=0.9194 err=5 tp=28 tn=29 fp=0 fn=5 pred_pos=0.4516
    session_042: n=60 acc=0.9167 err=5 tp=28 tn=27 fp=0 fn=5 pred_pos=0.4667
    session_017: n=46 acc=0.9130 err=4 tp=15 tn=27 fp=0 fn=4 pred_pos=0.3261
    session_047: n=64 acc=0.9844 err=1 tp=33 tn=30 fp=1 fn=0 pred_pos=0.5312
    session_022: n=57 acc=0.9825 err=1 tp=31 tn=25 fp=0 fn=1 pred_pos=0.5439
    session_037: n=56 acc=1.0000 err=0 tp=31 tn=25 fp=0 fn=0 pred_pos=0.5536
    session_032: n=53 acc=1.0000 err=0 tp=33 tn=20 fp=0 fn=0 pred_pos=0.6226
    session_007: n=48 acc=1.0000 err=0 tp=20 tn=28 fp=0 fn=0 pred_pos=0.4167
    session_002: n=46 acc=1.0000 err=0 tp=19 tn=27 fp=0 fn=0 pred_pos=0.4130
    session_012: n=25 acc=1.0000 err=0 tp=9 tn=16 fp=0 fn=0 pred_pos=0.3600
  [val/material]
    USB cable: n=124 acc=0.9516 err=6 tp=61 tn=57 fp=1 fn=5 pred_pos=0.5000
    A4 paper: n=119 acc=0.9496 err=6 tp=59 tn=54 fp=0 fn=6 pred_pos=0.4958
    plastic: n=165 acc=0.9758 err=4 tp=63 tn=98 fp=0 fn=4 pred_pos=0.3818
    soft foam earplug: n=109 acc=1.0000 err=0 tp=64 tn=45 fp=0 fn=0 pred_pos=0.5872
[INFO] epoch 19/40 started
  [train] batch 1/60 loss=0.0011 avg=0.0011 speed=0.32 batch/s
  [train] batch 20/60 loss=0.0187 avg=0.0304 speed=1.26 batch/s
  [train] batch 40/60 loss=0.0052 avg=0.0353 speed=1.26 batch/s
  [train] batch 60/60 loss=0.0162 avg=0.0421 speed=1.29 batch/s
[BEST] epoch=19 smoothed_balanced_acc=0.9744 saved
[Epoch 019] loss=0.0421 window=8 train_acc=0.9974 train_balanced_acc=0.9974 val_acc=0.9884 balanced_acc=0.9883 smoothed_balanced_acc=0.9744 f1=0.9886 precision=0.9812 recall=0.9962 pred_pos=0.5145 mean_p=0.5254 mean_p_pos=0.9922 mean_p_neg=0.0457 tp=261 tn=250 fp=5 fn=1 lr=5.00e-04 time=109.6s
  [val/behavior]
    diagonal constant-force pressing: n=16 acc=0.8125 err=3 tp=0 tn=13 fp=3 fn=0 pred_pos=0.1875
    continuous variable-force pressing: n=139 acc=0.9928 err=1 tp=0 tn=138 fp=1 fn=0 pred_pos=0.0072
    rotational sliding: n=125 acc=0.9920 err=1 tp=124 tn=0 fp=0 fn=1 pred_pos=0.9920
    static no motion: n=25 acc=0.9600 err=1 tp=0 tn=24 fp=1 fn=0 pred_pos=0.0400
    translational sliding: n=137 acc=1.0000 err=0 tp=137 tn=0 fp=0 fn=0 pred_pos=1.0000
    constant-force pressing: n=75 acc=1.0000 err=0 tp=0 tn=75 fp=0 fn=0 pred_pos=0.0000
  [val/motion_type]
    non-slip: n=255 acc=0.9804 err=5 tp=0 tn=250 fp=5 fn=0 pred_pos=0.0196
    rotation: n=125 acc=0.9920 err=1 tp=124 tn=0 fp=0 fn=1 pred_pos=0.9920
    translation: n=137 acc=1.0000 err=0 tp=137 tn=0 fp=0 fn=0 pred_pos=1.0000
  [val/session]
    session_012: n=25 acc=0.8800 err=3 tp=9 tn=13 fp=3 fn=0 pred_pos=0.4800
    session_017: n=46 acc=0.9565 err=2 tp=18 tn=26 fp=1 fn=1 pred_pos=0.4130
    session_022: n=57 acc=0.9825 err=1 tp=32 tn=24 fp=1 fn=0 pred_pos=0.5789
    session_047: n=64 acc=1.0000 err=0 tp=33 tn=31 fp=0 fn=0 pred_pos=0.5156
    session_027: n=62 acc=1.0000 err=0 tp=33 tn=29 fp=0 fn=0 pred_pos=0.5323
    session_042: n=60 acc=1.0000 err=0 tp=33 tn=27 fp=0 fn=0 pred_pos=0.5500
    session_037: n=56 acc=1.0000 err=0 tp=31 tn=25 fp=0 fn=0 pred_pos=0.5536
    session_032: n=53 acc=1.0000 err=0 tp=33 tn=20 fp=0 fn=0 pred_pos=0.6226
    session_007: n=48 acc=1.0000 err=0 tp=20 tn=28 fp=0 fn=0 pred_pos=0.4167
    session_002: n=46 acc=1.0000 err=0 tp=19 tn=27 fp=0 fn=0 pred_pos=0.4130
  [val/material]
    plastic: n=165 acc=0.9697 err=5 tp=66 tn=94 fp=4 fn=1 pred_pos=0.4242
    A4 paper: n=119 acc=0.9916 err=1 tp=65 tn=53 fp=1 fn=0 pred_pos=0.5546
    USB cable: n=124 acc=1.0000 err=0 tp=66 tn=58 fp=0 fn=0 pred_pos=0.5323
    soft foam earplug: n=109 acc=1.0000 err=0 tp=64 tn=45 fp=0 fn=0 pred_pos=0.5872
[INFO] epoch 20/40 started
  [train] batch 1/60 loss=0.0130 avg=0.0130 speed=0.32 batch/s
  [train] batch 20/60 loss=0.0011 avg=0.0346 speed=1.24 batch/s
  [train] batch 40/60 loss=0.0052 avg=0.0374 speed=1.24 batch/s
  [train] batch 60/60 loss=0.0004 avg=0.0315 speed=1.24 batch/s
[BEST] epoch=20 smoothed_balanced_acc=0.9757 saved
[Epoch 020] loss=0.0315 window=8 train_acc=0.9817 train_balanced_acc=0.9814 val_acc=0.9691 balanced_acc=0.9695 smoothed_balanced_acc=0.9757 f1=0.9685 precision=1.0000 recall=0.9389 pred_pos=0.4758 mean_p=0.4728 mean_p_pos=0.9290 mean_p_neg=0.0042 tp=246 tn=255 fp=0 fn=16 lr=5.00e-04 time=112.5s
  [val/behavior]
    rotational sliding: n=125 acc=0.8720 err=16 tp=109 tn=0 fp=0 fn=16 pred_pos=0.8720
    continuous variable-force pressing: n=139 acc=1.0000 err=0 tp=0 tn=139 fp=0 fn=0 pred_pos=0.0000
    translational sliding: n=137 acc=1.0000 err=0 tp=137 tn=0 fp=0 fn=0 pred_pos=1.0000
    constant-force pressing: n=75 acc=1.0000 err=0 tp=0 tn=75 fp=0 fn=0 pred_pos=0.0000
    static no motion: n=25 acc=1.0000 err=0 tp=0 tn=25 fp=0 fn=0 pred_pos=0.0000
    diagonal constant-force pressing: n=16 acc=1.0000 err=0 tp=0 tn=16 fp=0 fn=0 pred_pos=0.0000
  [val/motion_type]
    rotation: n=125 acc=0.8720 err=16 tp=109 tn=0 fp=0 fn=16 pred_pos=0.8720
    non-slip: n=255 acc=1.0000 err=0 tp=0 tn=255 fp=0 fn=0 pred_pos=0.0000
    translation: n=137 acc=1.0000 err=0 tp=137 tn=0 fp=0 fn=0 pred_pos=1.0000
  [val/session]
    session_027: n=62 acc=0.9194 err=5 tp=28 tn=29 fp=0 fn=5 pred_pos=0.4516
    session_012: n=25 acc=0.8000 err=5 tp=4 tn=16 fp=0 fn=5 pred_pos=0.1600
    session_017: n=46 acc=0.9130 err=4 tp=15 tn=27 fp=0 fn=4 pred_pos=0.3261
    session_047: n=64 acc=0.9844 err=1 tp=32 tn=31 fp=0 fn=1 pred_pos=0.5000
    session_037: n=56 acc=0.9821 err=1 tp=30 tn=25 fp=0 fn=1 pred_pos=0.5357
    session_042: n=60 acc=1.0000 err=0 tp=33 tn=27 fp=0 fn=0 pred_pos=0.5500
    session_022: n=57 acc=1.0000 err=0 tp=32 tn=25 fp=0 fn=0 pred_pos=0.5614
    session_032: n=53 acc=1.0000 err=0 tp=33 tn=20 fp=0 fn=0 pred_pos=0.6226
    session_007: n=48 acc=1.0000 err=0 tp=20 tn=28 fp=0 fn=0 pred_pos=0.4167
    session_002: n=46 acc=1.0000 err=0 tp=19 tn=27 fp=0 fn=0 pred_pos=0.4130
  [val/material]
    plastic: n=165 acc=0.9455 err=9 tp=58 tn=98 fp=0 fn=9 pred_pos=0.3515
    A4 paper: n=119 acc=0.9580 err=5 tp=60 tn=54 fp=0 fn=5 pred_pos=0.5042
    USB cable: n=124 acc=0.9919 err=1 tp=65 tn=58 fp=0 fn=1 pred_pos=0.5242
    soft foam earplug: n=109 acc=0.9908 err=1 tp=63 tn=45 fp=0 fn=1 pred_pos=0.5780
[INFO] epoch 21/40 started
  [train] batch 1/60 loss=0.0113 avg=0.0113 speed=0.28 batch/s
  [train] batch 20/60 loss=0.0017 avg=0.0588 speed=1.18 batch/s
  [train] batch 40/60 loss=0.0012 avg=0.0444 speed=1.22 batch/s
  [train] batch 60/60 loss=0.0723 avg=0.0733 speed=1.23 batch/s
[BEST] epoch=21 smoothed_balanced_acc=0.9770 saved
[Epoch 021] loss=0.0733 window=8 train_acc=0.9875 train_balanced_acc=0.9872 val_acc=0.9729 balanced_acc=0.9732 smoothed_balanced_acc=0.9770 f1=0.9728 precision=0.9921 recall=0.9542 pred_pos=0.4874 mean_p=0.4860 mean_p_pos=0.9493 mean_p_neg=0.0099 tp=250 tn=253 fp=2 fn=12 lr=5.00e-04 time=113.9s
  [val/behavior]
    translational sliding: n=137 acc=0.9489 err=7 tp=130 tn=0 fp=0 fn=7 pred_pos=0.9489
    rotational sliding: n=125 acc=0.9600 err=5 tp=120 tn=0 fp=0 fn=5 pred_pos=0.9600
    continuous variable-force pressing: n=139 acc=0.9856 err=2 tp=0 tn=137 fp=2 fn=0 pred_pos=0.0144
    constant-force pressing: n=75 acc=1.0000 err=0 tp=0 tn=75 fp=0 fn=0 pred_pos=0.0000
    static no motion: n=25 acc=1.0000 err=0 tp=0 tn=25 fp=0 fn=0 pred_pos=0.0000
    diagonal constant-force pressing: n=16 acc=1.0000 err=0 tp=0 tn=16 fp=0 fn=0 pred_pos=0.0000
  [val/motion_type]
    translation: n=137 acc=0.9489 err=7 tp=130 tn=0 fp=0 fn=7 pred_pos=0.9489
    rotation: n=125 acc=0.9600 err=5 tp=120 tn=0 fp=0 fn=5 pred_pos=0.9600
    non-slip: n=255 acc=0.9922 err=2 tp=0 tn=253 fp=2 fn=0 pred_pos=0.0078
  [val/session]
    session_042: n=60 acc=0.9000 err=6 tp=27 tn=27 fp=0 fn=6 pred_pos=0.4500
    session_047: n=64 acc=0.9531 err=3 tp=32 tn=29 fp=2 fn=1 pred_pos=0.5312
    session_017: n=46 acc=0.9348 err=3 tp=16 tn=27 fp=0 fn=3 pred_pos=0.3478
    session_027: n=62 acc=0.9839 err=1 tp=32 tn=29 fp=0 fn=1 pred_pos=0.5161
    session_007: n=48 acc=0.9792 err=1 tp=19 tn=28 fp=0 fn=1 pred_pos=0.3958
    session_022: n=57 acc=1.0000 err=0 tp=32 tn=25 fp=0 fn=0 pred_pos=0.5614
    session_037: n=56 acc=1.0000 err=0 tp=31 tn=25 fp=0 fn=0 pred_pos=0.5536
    session_032: n=53 acc=1.0000 err=0 tp=33 tn=20 fp=0 fn=0 pred_pos=0.6226
    session_002: n=46 acc=1.0000 err=0 tp=19 tn=27 fp=0 fn=0 pred_pos=0.4130
    session_012: n=25 acc=1.0000 err=0 tp=9 tn=16 fp=0 fn=0 pred_pos=0.3600
  [val/material]
    USB cable: n=124 acc=0.9274 err=9 tp=59 tn=56 fp=2 fn=7 pred_pos=0.4919
    plastic: n=165 acc=0.9758 err=4 tp=63 tn=98 fp=0 fn=4 pred_pos=0.3818
    A4 paper: n=119 acc=0.9916 err=1 tp=64 tn=54 fp=0 fn=1 pred_pos=0.5378
    soft foam earplug: n=109 acc=1.0000 err=0 tp=64 tn=45 fp=0 fn=0 pred_pos=0.5872
[INFO] epoch 22/40 started
  [train] batch 1/60 loss=0.1871 avg=0.1871 speed=0.28 batch/s
  [train] batch 20/60 loss=0.0016 avg=0.0253 speed=1.21 batch/s
  [train] batch 40/60 loss=0.0015 avg=0.0366 speed=1.23 batch/s
  [train] batch 60/60 loss=0.0052 avg=0.0316 speed=1.25 batch/s
[Epoch 022] loss=0.0316 window=8 train_acc=0.9880 train_balanced_acc=0.9881 val_acc=0.9536 balanced_acc=0.9533 smoothed_balanced_acc=0.9653 f1=0.9552 precision=0.9343 recall=0.9771 pred_pos=0.5300 mean_p=0.5364 mean_p_pos=0.9762 mean_p_neg=0.0845 tp=256 tn=237 fp=18 fn=6 lr=5.00e-04 time=109.7s
  [val/behavior]
    continuous variable-force pressing: n=139 acc=0.9065 err=13 tp=0 tn=126 fp=13 fn=0 pred_pos=0.0935
    translational sliding: n=137 acc=0.9635 err=5 tp=132 tn=0 fp=0 fn=5 pred_pos=0.9635
    diagonal constant-force pressing: n=16 acc=0.8125 err=3 tp=0 tn=13 fp=3 fn=0 pred_pos=0.1875
    static no motion: n=25 acc=0.9200 err=2 tp=0 tn=23 fp=2 fn=0 pred_pos=0.0800
    rotational sliding: n=125 acc=0.9920 err=1 tp=124 tn=0 fp=0 fn=1 pred_pos=0.9920
    constant-force pressing: n=75 acc=1.0000 err=0 tp=0 tn=75 fp=0 fn=0 pred_pos=0.0000
  [val/motion_type]
    non-slip: n=255 acc=0.9294 err=18 tp=0 tn=237 fp=18 fn=0 pred_pos=0.0706
    translation: n=137 acc=0.9635 err=5 tp=132 tn=0 fp=0 fn=5 pred_pos=0.9635
    rotation: n=125 acc=0.9920 err=1 tp=124 tn=0 fp=0 fn=1 pred_pos=0.9920
  [val/session]
    session_047: n=64 acc=0.8438 err=10 tp=33 tn=21 fp=10 fn=0 pred_pos=0.6719
    session_042: n=60 acc=0.9500 err=3 tp=30 tn=27 fp=0 fn=3 pred_pos=0.5000
    session_012: n=25 acc=0.8800 err=3 tp=9 tn=13 fp=3 fn=0 pred_pos=0.4800
    session_022: n=57 acc=0.9649 err=2 tp=32 tn=23 fp=2 fn=0 pred_pos=0.5965
    session_032: n=53 acc=0.9623 err=2 tp=31 tn=20 fp=0 fn=2 pred_pos=0.5849
    session_017: n=46 acc=0.9565 err=2 tp=18 tn=26 fp=1 fn=1 pred_pos=0.4130
    session_027: n=62 acc=0.9839 err=1 tp=33 tn=28 fp=1 fn=0 pred_pos=0.5484
    session_002: n=46 acc=0.9783 err=1 tp=19 tn=26 fp=1 fn=0 pred_pos=0.4348
    session_037: n=56 acc=1.0000 err=0 tp=31 tn=25 fp=0 fn=0 pred_pos=0.5536
    session_007: n=48 acc=1.0000 err=0 tp=20 tn=28 fp=0 fn=0 pred_pos=0.4167
  [val/material]
    USB cable: n=124 acc=0.8952 err=13 tp=63 tn=48 fp=10 fn=3 pred_pos=0.5887
    plastic: n=165 acc=0.9636 err=6 tp=66 tn=93 fp=5 fn=1 pred_pos=0.4303
    A4 paper: n=119 acc=0.9748 err=3 tp=65 tn=51 fp=3 fn=0 pred_pos=0.5714
    soft foam earplug: n=109 acc=0.9817 err=2 tp=62 tn=45 fp=0 fn=2 pred_pos=0.5688
[INFO] epoch 23/40 started
  [train] batch 1/60 loss=0.0715 avg=0.0715 speed=0.28 batch/s
  [train] batch 20/60 loss=0.0030 avg=0.0440 speed=1.19 batch/s
  [train] batch 40/60 loss=0.0016 avg=0.0458 speed=1.21 batch/s
  [train] batch 60/60 loss=0.0464 avg=0.0410 speed=1.24 batch/s
[Epoch 023] loss=0.0410 window=8 train_acc=0.9963 train_balanced_acc=0.9963 val_acc=0.9845 balanced_acc=0.9847 smoothed_balanced_acc=0.9704 f1=0.9845 precision=1.0000 recall=0.9695 pred_pos=0.4913 mean_p=0.4944 mean_p_pos=0.9680 mean_p_neg=0.0077 tp=254 tn=255 fp=0 fn=8 lr=5.00e-04 time=111.1s
  [val/behavior]
    rotational sliding: n=125 acc=0.9360 err=8 tp=117 tn=0 fp=0 fn=8 pred_pos=0.9360
    continuous variable-force pressing: n=139 acc=1.0000 err=0 tp=0 tn=139 fp=0 fn=0 pred_pos=0.0000
    translational sliding: n=137 acc=1.0000 err=0 tp=137 tn=0 fp=0 fn=0 pred_pos=1.0000
    constant-force pressing: n=75 acc=1.0000 err=0 tp=0 tn=75 fp=0 fn=0 pred_pos=0.0000
    static no motion: n=25 acc=1.0000 err=0 tp=0 tn=25 fp=0 fn=0 pred_pos=0.0000
    diagonal constant-force pressing: n=16 acc=1.0000 err=0 tp=0 tn=16 fp=0 fn=0 pred_pos=0.0000
  [val/motion_type]
    rotation: n=125 acc=0.9360 err=8 tp=117 tn=0 fp=0 fn=8 pred_pos=0.9360
    non-slip: n=255 acc=1.0000 err=0 tp=0 tn=255 fp=0 fn=0 pred_pos=0.0000
    translation: n=137 acc=1.0000 err=0 tp=137 tn=0 fp=0 fn=0 pred_pos=1.0000
  [val/session]
    session_017: n=46 acc=0.9130 err=4 tp=15 tn=27 fp=0 fn=4 pred_pos=0.3261
    session_047: n=64 acc=0.9844 err=1 tp=32 tn=31 fp=0 fn=1 pred_pos=0.5000
    session_027: n=62 acc=0.9839 err=1 tp=32 tn=29 fp=0 fn=1 pred_pos=0.5161
    session_037: n=56 acc=0.9821 err=1 tp=30 tn=25 fp=0 fn=1 pred_pos=0.5357
    session_012: n=25 acc=0.9600 err=1 tp=8 tn=16 fp=0 fn=1 pred_pos=0.3200
    session_042: n=60 acc=1.0000 err=0 tp=33 tn=27 fp=0 fn=0 pred_pos=0.5500
    session_022: n=57 acc=1.0000 err=0 tp=32 tn=25 fp=0 fn=0 pred_pos=0.5614
    session_032: n=53 acc=1.0000 err=0 tp=33 tn=20 fp=0 fn=0 pred_pos=0.6226
    session_007: n=48 acc=1.0000 err=0 tp=20 tn=28 fp=0 fn=0 pred_pos=0.4167
    session_002: n=46 acc=1.0000 err=0 tp=19 tn=27 fp=0 fn=0 pred_pos=0.4130
  [val/material]
    plastic: n=165 acc=0.9697 err=5 tp=62 tn=98 fp=0 fn=5 pred_pos=0.3758
    USB cable: n=124 acc=0.9919 err=1 tp=65 tn=58 fp=0 fn=1 pred_pos=0.5242
    A4 paper: n=119 acc=0.9916 err=1 tp=64 tn=54 fp=0 fn=1 pred_pos=0.5378
    soft foam earplug: n=109 acc=0.9908 err=1 tp=63 tn=45 fp=0 fn=1 pred_pos=0.5780
[INFO] epoch 24/40 started
  [train] batch 1/60 loss=0.0020 avg=0.0020 speed=0.29 batch/s
  [train] batch 20/60 loss=0.0008 avg=0.0071 speed=1.27 batch/s
  [train] batch 40/60 loss=0.0004 avg=0.0303 speed=1.25 batch/s
  [train] batch 60/60 loss=0.0621 avg=0.0404 speed=1.25 batch/s
[Epoch 024] loss=0.0404 window=8 train_acc=0.9953 train_balanced_acc=0.9952 val_acc=0.9807 balanced_acc=0.9809 smoothed_balanced_acc=0.9730 f1=0.9806 precision=0.9961 recall=0.9656 pred_pos=0.4913 mean_p=0.4942 mean_p_pos=0.9636 mean_p_neg=0.0120 tp=253 tn=254 fp=1 fn=9 lr=5.00e-04 time=109.5s
  [val/behavior]
    rotational sliding: n=125 acc=0.9280 err=9 tp=116 tn=0 fp=0 fn=9 pred_pos=0.9280
    continuous variable-force pressing: n=139 acc=0.9928 err=1 tp=0 tn=138 fp=1 fn=0 pred_pos=0.0072
    translational sliding: n=137 acc=1.0000 err=0 tp=137 tn=0 fp=0 fn=0 pred_pos=1.0000
    constant-force pressing: n=75 acc=1.0000 err=0 tp=0 tn=75 fp=0 fn=0 pred_pos=0.0000
    static no motion: n=25 acc=1.0000 err=0 tp=0 tn=25 fp=0 fn=0 pred_pos=0.0000
    diagonal constant-force pressing: n=16 acc=1.0000 err=0 tp=0 tn=16 fp=0 fn=0 pred_pos=0.0000
  [val/motion_type]
    rotation: n=125 acc=0.9280 err=9 tp=116 tn=0 fp=0 fn=9 pred_pos=0.9280
    non-slip: n=255 acc=0.9961 err=1 tp=0 tn=254 fp=1 fn=0 pred_pos=0.0039
    translation: n=137 acc=1.0000 err=0 tp=137 tn=0 fp=0 fn=0 pred_pos=1.0000
  [val/session]
    session_027: n=62 acc=0.9355 err=4 tp=29 tn=29 fp=0 fn=4 pred_pos=0.4677
    session_017: n=46 acc=0.9348 err=3 tp=17 tn=26 fp=1 fn=2 pred_pos=0.3913
    session_012: n=25 acc=0.9200 err=2 tp=7 tn=16 fp=0 fn=2 pred_pos=0.2800
    session_047: n=64 acc=0.9844 err=1 tp=32 tn=31 fp=0 fn=1 pred_pos=0.5000
    session_042: n=60 acc=1.0000 err=0 tp=33 tn=27 fp=0 fn=0 pred_pos=0.5500
    session_022: n=57 acc=1.0000 err=0 tp=32 tn=25 fp=0 fn=0 pred_pos=0.5614
    session_037: n=56 acc=1.0000 err=0 tp=31 tn=25 fp=0 fn=0 pred_pos=0.5536
    session_032: n=53 acc=1.0000 err=0 tp=33 tn=20 fp=0 fn=0 pred_pos=0.6226
    session_007: n=48 acc=1.0000 err=0 tp=20 tn=28 fp=0 fn=0 pred_pos=0.4167
    session_002: n=46 acc=1.0000 err=0 tp=19 tn=27 fp=0 fn=0 pred_pos=0.4130
  [val/material]
    plastic: n=165 acc=0.9697 err=5 tp=63 tn=97 fp=1 fn=4 pred_pos=0.3879
    A4 paper: n=119 acc=0.9664 err=4 tp=61 tn=54 fp=0 fn=4 pred_pos=0.5126
    USB cable: n=124 acc=0.9919 err=1 tp=65 tn=58 fp=0 fn=1 pred_pos=0.5242
    soft foam earplug: n=109 acc=1.0000 err=0 tp=64 tn=45 fp=0 fn=0 pred_pos=0.5872
[INFO] epoch 25/40 started
  [train] batch 1/60 loss=0.0135 avg=0.0135 speed=0.30 batch/s
  [train] batch 20/60 loss=0.0015 avg=0.0178 speed=1.23 batch/s
  [train] batch 40/60 loss=0.0040 avg=0.0364 speed=1.24 batch/s
  [train] batch 60/60 loss=0.0382 avg=0.0315 speed=1.25 batch/s
[BEST] epoch=25 smoothed_balanced_acc=0.9833 saved
[Epoch 025] loss=0.0315 window=8 train_acc=0.9969 train_balanced_acc=0.9969 val_acc=0.9845 balanced_acc=0.9844 smoothed_balanced_acc=0.9833 f1=0.9849 precision=0.9739 recall=0.9962 pred_pos=0.5184 mean_p=0.5177 mean_p_pos=0.9869 mean_p_neg=0.0356 tp=261 tn=248 fp=7 fn=1 lr=5.00e-04 time=110.2s
  [val/behavior]
    continuous variable-force pressing: n=139 acc=0.9496 err=7 tp=0 tn=132 fp=7 fn=0 pred_pos=0.0504
    rotational sliding: n=125 acc=0.9920 err=1 tp=124 tn=0 fp=0 fn=1 pred_pos=0.9920
    translational sliding: n=137 acc=1.0000 err=0 tp=137 tn=0 fp=0 fn=0 pred_pos=1.0000
    constant-force pressing: n=75 acc=1.0000 err=0 tp=0 tn=75 fp=0 fn=0 pred_pos=0.0000
    static no motion: n=25 acc=1.0000 err=0 tp=0 tn=25 fp=0 fn=0 pred_pos=0.0000
    diagonal constant-force pressing: n=16 acc=1.0000 err=0 tp=0 tn=16 fp=0 fn=0 pred_pos=0.0000
  [val/motion_type]
    non-slip: n=255 acc=0.9725 err=7 tp=0 tn=248 fp=7 fn=0 pred_pos=0.0275
    rotation: n=125 acc=0.9920 err=1 tp=124 tn=0 fp=0 fn=1 pred_pos=0.9920
    translation: n=137 acc=1.0000 err=0 tp=137 tn=0 fp=0 fn=0 pred_pos=1.0000
  [val/session]
    session_047: n=64 acc=0.8906 err=7 tp=33 tn=24 fp=7 fn=0 pred_pos=0.6250
    session_017: n=46 acc=0.9783 err=1 tp=18 tn=27 fp=0 fn=1 pred_pos=0.3913
    session_027: n=62 acc=1.0000 err=0 tp=33 tn=29 fp=0 fn=0 pred_pos=0.5323
    session_042: n=60 acc=1.0000 err=0 tp=33 tn=27 fp=0 fn=0 pred_pos=0.5500
    session_022: n=57 acc=1.0000 err=0 tp=32 tn=25 fp=0 fn=0 pred_pos=0.5614
    session_037: n=56 acc=1.0000 err=0 tp=31 tn=25 fp=0 fn=0 pred_pos=0.5536
    session_032: n=53 acc=1.0000 err=0 tp=33 tn=20 fp=0 fn=0 pred_pos=0.6226
    session_007: n=48 acc=1.0000 err=0 tp=20 tn=28 fp=0 fn=0 pred_pos=0.4167
    session_002: n=46 acc=1.0000 err=0 tp=19 tn=27 fp=0 fn=0 pred_pos=0.4130
    session_012: n=25 acc=1.0000 err=0 tp=9 tn=16 fp=0 fn=0 pred_pos=0.3600
  [val/material]
    USB cable: n=124 acc=0.9435 err=7 tp=66 tn=51 fp=7 fn=0 pred_pos=0.5887
    plastic: n=165 acc=0.9939 err=1 tp=66 tn=98 fp=0 fn=1 pred_pos=0.4000
    A4 paper: n=119 acc=1.0000 err=0 tp=65 tn=54 fp=0 fn=0 pred_pos=0.5462
    soft foam earplug: n=109 acc=1.0000 err=0 tp=64 tn=45 fp=0 fn=0 pred_pos=0.5872
[INFO] epoch 26/40 started
  [train] batch 1/60 loss=0.0015 avg=0.0015 speed=0.30 batch/s
  [train] batch 20/60 loss=0.0075 avg=0.0115 speed=1.23 batch/s
  [train] batch 40/60 loss=0.0027 avg=0.0125 speed=1.23 batch/s
  [train] batch 60/60 loss=0.0333 avg=0.0196 speed=1.22 batch/s
[Epoch 026] loss=0.0196 window=8 train_acc=0.9906 train_balanced_acc=0.9905 val_acc=0.9787 balanced_acc=0.9787 smoothed_balanced_acc=0.9813 f1=0.9790 precision=0.9808 recall=0.9771 pred_pos=0.5048 mean_p=0.5047 mean_p_pos=0.9737 mean_p_neg=0.0228 tp=256 tn=250 fp=5 fn=6 lr=5.00e-04 time=110.7s
  [val/behavior]
    rotational sliding: n=125 acc=0.9520 err=6 tp=119 tn=0 fp=0 fn=6 pred_pos=0.9520
    continuous variable-force pressing: n=139 acc=0.9640 err=5 tp=0 tn=134 fp=5 fn=0 pred_pos=0.0360
    translational sliding: n=137 acc=1.0000 err=0 tp=137 tn=0 fp=0 fn=0 pred_pos=1.0000
    constant-force pressing: n=75 acc=1.0000 err=0 tp=0 tn=75 fp=0 fn=0 pred_pos=0.0000
    static no motion: n=25 acc=1.0000 err=0 tp=0 tn=25 fp=0 fn=0 pred_pos=0.0000
    diagonal constant-force pressing: n=16 acc=1.0000 err=0 tp=0 tn=16 fp=0 fn=0 pred_pos=0.0000
  [val/motion_type]
    rotation: n=125 acc=0.9520 err=6 tp=119 tn=0 fp=0 fn=6 pred_pos=0.9520
    non-slip: n=255 acc=0.9804 err=5 tp=0 tn=250 fp=5 fn=0 pred_pos=0.0196
    translation: n=137 acc=1.0000 err=0 tp=137 tn=0 fp=0 fn=0 pred_pos=1.0000
  [val/session]
    session_027: n=62 acc=0.9194 err=5 tp=29 tn=28 fp=1 fn=4 pred_pos=0.4839
    session_047: n=64 acc=0.9531 err=3 tp=32 tn=29 fp=2 fn=1 pred_pos=0.5312
    session_017: n=46 acc=0.9348 err=3 tp=18 tn=25 fp=2 fn=1 pred_pos=0.4348
    session_042: n=60 acc=1.0000 err=0 tp=33 tn=27 fp=0 fn=0 pred_pos=0.5500
    session_022: n=57 acc=1.0000 err=0 tp=32 tn=25 fp=0 fn=0 pred_pos=0.5614
    session_037: n=56 acc=1.0000 err=0 tp=31 tn=25 fp=0 fn=0 pred_pos=0.5536
    session_032: n=53 acc=1.0000 err=0 tp=33 tn=20 fp=0 fn=0 pred_pos=0.6226
    session_007: n=48 acc=1.0000 err=0 tp=20 tn=28 fp=0 fn=0 pred_pos=0.4167
    session_002: n=46 acc=1.0000 err=0 tp=19 tn=27 fp=0 fn=0 pred_pos=0.4130
    session_012: n=25 acc=1.0000 err=0 tp=9 tn=16 fp=0 fn=0 pred_pos=0.3600
  [val/material]
    A4 paper: n=119 acc=0.9580 err=5 tp=61 tn=53 fp=1 fn=4 pred_pos=0.5210
    plastic: n=165 acc=0.9818 err=3 tp=66 tn=96 fp=2 fn=1 pred_pos=0.4121
    USB cable: n=124 acc=0.9758 err=3 tp=65 tn=56 fp=2 fn=1 pred_pos=0.5403
    soft foam earplug: n=109 acc=1.0000 err=0 tp=64 tn=45 fp=0 fn=0 pred_pos=0.5872
[INFO] epoch 27/40 started
  [train] batch 1/60 loss=0.0025 avg=0.0025 speed=0.33 batch/s
  [train] batch 20/60 loss=0.0229 avg=0.0399 speed=1.30 batch/s
  [train] batch 40/60 loss=0.0194 avg=0.0338 speed=1.30 batch/s
  [train] batch 60/60 loss=0.0125 avg=0.0286 speed=1.29 batch/s
[Epoch 027] loss=0.0286 window=8 train_acc=0.9995 train_balanced_acc=0.9995 val_acc=0.9845 balanced_acc=0.9845 smoothed_balanced_acc=0.9825 f1=0.9848 precision=0.9811 recall=0.9885 pred_pos=0.5106 mean_p=0.5097 mean_p_pos=0.9818 mean_p_neg=0.0247 tp=259 tn=250 fp=5 fn=3 lr=5.00e-04 time=107.5s
  [val/behavior]
    continuous variable-force pressing: n=139 acc=0.9856 err=2 tp=0 tn=137 fp=2 fn=0 pred_pos=0.0144
    translational sliding: n=137 acc=0.9854 err=2 tp=135 tn=0 fp=0 fn=2 pred_pos=0.9854
    static no motion: n=25 acc=0.9200 err=2 tp=0 tn=23 fp=2 fn=0 pred_pos=0.0800
    rotational sliding: n=125 acc=0.9920 err=1 tp=124 tn=0 fp=0 fn=1 pred_pos=0.9920
    diagonal constant-force pressing: n=16 acc=0.9375 err=1 tp=0 tn=15 fp=1 fn=0 pred_pos=0.0625
    constant-force pressing: n=75 acc=1.0000 err=0 tp=0 tn=75 fp=0 fn=0 pred_pos=0.0000
  [val/motion_type]
    non-slip: n=255 acc=0.9804 err=5 tp=0 tn=250 fp=5 fn=0 pred_pos=0.0196
    translation: n=137 acc=0.9854 err=2 tp=135 tn=0 fp=0 fn=2 pred_pos=0.9854
    rotation: n=125 acc=0.9920 err=1 tp=124 tn=0 fp=0 fn=1 pred_pos=0.9920
  [val/session]
    session_042: n=60 acc=0.9667 err=2 tp=31 tn=27 fp=0 fn=2 pred_pos=0.5167
    session_022: n=57 acc=0.9649 err=2 tp=32 tn=23 fp=2 fn=0 pred_pos=0.5965
    session_047: n=64 acc=0.9844 err=1 tp=33 tn=30 fp=1 fn=0 pred_pos=0.5312
    session_027: n=62 acc=0.9839 err=1 tp=33 tn=28 fp=1 fn=0 pred_pos=0.5484
    session_017: n=46 acc=0.9783 err=1 tp=18 tn=27 fp=0 fn=1 pred_pos=0.3913
    session_012: n=25 acc=0.9600 err=1 tp=9 tn=15 fp=1 fn=0 pred_pos=0.4000
    session_037: n=56 acc=1.0000 err=0 tp=31 tn=25 fp=0 fn=0 pred_pos=0.5536
    session_032: n=53 acc=1.0000 err=0 tp=33 tn=20 fp=0 fn=0 pred_pos=0.6226
    session_007: n=48 acc=1.0000 err=0 tp=20 tn=28 fp=0 fn=0 pred_pos=0.4167
    session_002: n=46 acc=1.0000 err=0 tp=19 tn=27 fp=0 fn=0 pred_pos=0.4130
  [val/material]
    USB cable: n=124 acc=0.9758 err=3 tp=64 tn=57 fp=1 fn=2 pred_pos=0.5242
    A4 paper: n=119 acc=0.9748 err=3 tp=65 tn=51 fp=3 fn=0 pred_pos=0.5714
    plastic: n=165 acc=0.9879 err=2 tp=66 tn=97 fp=1 fn=1 pred_pos=0.4061
    soft foam earplug: n=109 acc=1.0000 err=0 tp=64 tn=45 fp=0 fn=0 pred_pos=0.5872
[INFO] epoch 28/40 started
  [train] batch 1/60 loss=0.0141 avg=0.0141 speed=0.31 batch/s
  [train] batch 20/60 loss=0.0016 avg=0.0490 speed=1.23 batch/s
  [train] batch 40/60 loss=0.1850 avg=0.0565 speed=1.23 batch/s
  [train] batch 60/60 loss=0.0016 avg=0.0478 speed=1.24 batch/s
[Epoch 028] loss=0.0478 window=8 train_acc=0.9995 train_balanced_acc=0.9995 val_acc=0.9845 balanced_acc=0.9844 smoothed_balanced_acc=0.9825 f1=0.9849 precision=0.9739 recall=0.9962 pred_pos=0.5184 mean_p=0.5219 mean_p_pos=0.9940 mean_p_neg=0.0368 tp=261 tn=248 fp=7 fn=1 lr=5.00e-04 time=109.3s
  [val/behavior]
    continuous variable-force pressing: n=139 acc=0.9496 err=7 tp=0 tn=132 fp=7 fn=0 pred_pos=0.0504
    rotational sliding: n=125 acc=0.9920 err=1 tp=124 tn=0 fp=0 fn=1 pred_pos=0.9920
    translational sliding: n=137 acc=1.0000 err=0 tp=137 tn=0 fp=0 fn=0 pred_pos=1.0000
    constant-force pressing: n=75 acc=1.0000 err=0 tp=0 tn=75 fp=0 fn=0 pred_pos=0.0000
    static no motion: n=25 acc=1.0000 err=0 tp=0 tn=25 fp=0 fn=0 pred_pos=0.0000
    diagonal constant-force pressing: n=16 acc=1.0000 err=0 tp=0 tn=16 fp=0 fn=0 pred_pos=0.0000
  [val/motion_type]
    non-slip: n=255 acc=0.9725 err=7 tp=0 tn=248 fp=7 fn=0 pred_pos=0.0275
    rotation: n=125 acc=0.9920 err=1 tp=124 tn=0 fp=0 fn=1 pred_pos=0.9920
    translation: n=137 acc=1.0000 err=0 tp=137 tn=0 fp=0 fn=0 pred_pos=1.0000
  [val/session]
    session_047: n=64 acc=0.9219 err=5 tp=33 tn=26 fp=5 fn=0 pred_pos=0.5938
    session_017: n=46 acc=0.9348 err=3 tp=18 tn=25 fp=2 fn=1 pred_pos=0.4348
    session_027: n=62 acc=1.0000 err=0 tp=33 tn=29 fp=0 fn=0 pred_pos=0.5323
    session_042: n=60 acc=1.0000 err=0 tp=33 tn=27 fp=0 fn=0 pred_pos=0.5500
    session_022: n=57 acc=1.0000 err=0 tp=32 tn=25 fp=0 fn=0 pred_pos=0.5614
    session_037: n=56 acc=1.0000 err=0 tp=31 tn=25 fp=0 fn=0 pred_pos=0.5536
    session_032: n=53 acc=1.0000 err=0 tp=33 tn=20 fp=0 fn=0 pred_pos=0.6226
    session_007: n=48 acc=1.0000 err=0 tp=20 tn=28 fp=0 fn=0 pred_pos=0.4167
    session_002: n=46 acc=1.0000 err=0 tp=19 tn=27 fp=0 fn=0 pred_pos=0.4130
    session_012: n=25 acc=1.0000 err=0 tp=9 tn=16 fp=0 fn=0 pred_pos=0.3600
  [val/material]
    USB cable: n=124 acc=0.9597 err=5 tp=66 tn=53 fp=5 fn=0 pred_pos=0.5726
    plastic: n=165 acc=0.9818 err=3 tp=66 tn=96 fp=2 fn=1 pred_pos=0.4121
    A4 paper: n=119 acc=1.0000 err=0 tp=65 tn=54 fp=0 fn=0 pred_pos=0.5462
    soft foam earplug: n=109 acc=1.0000 err=0 tp=64 tn=45 fp=0 fn=0 pred_pos=0.5872
[INFO] epoch 29/40 started
  [train] batch 1/60 loss=0.0062 avg=0.0062 speed=0.30 batch/s
  [train] batch 20/60 loss=0.0035 avg=0.0139 speed=1.27 batch/s
  [train] batch 40/60 loss=0.0009 avg=0.0182 speed=1.29 batch/s
  [train] batch 60/60 loss=0.0131 avg=0.0162 speed=1.28 batch/s
[Epoch 029] loss=0.0162 window=8 train_acc=1.0000 train_balanced_acc=1.0000 val_acc=0.9787 balanced_acc=0.9785 smoothed_balanced_acc=0.9825 f1=0.9793 precision=0.9665 recall=0.9924 pred_pos=0.5203 mean_p=0.5213 mean_p_pos=0.9887 mean_p_neg=0.0410 tp=260 tn=246 fp=9 fn=2 lr=2.50e-04 time=107.2s
  [val/behavior]
    continuous variable-force pressing: n=139 acc=0.9568 err=6 tp=0 tn=133 fp=6 fn=0 pred_pos=0.0432
    static no motion: n=25 acc=0.8800 err=3 tp=0 tn=22 fp=3 fn=0 pred_pos=0.1200
    translational sliding: n=137 acc=0.9927 err=1 tp=136 tn=0 fp=0 fn=1 pred_pos=0.9927
    rotational sliding: n=125 acc=0.9920 err=1 tp=124 tn=0 fp=0 fn=1 pred_pos=0.9920
    constant-force pressing: n=75 acc=1.0000 err=0 tp=0 tn=75 fp=0 fn=0 pred_pos=0.0000
    diagonal constant-force pressing: n=16 acc=1.0000 err=0 tp=0 tn=16 fp=0 fn=0 pred_pos=0.0000
  [val/motion_type]
    non-slip: n=255 acc=0.9647 err=9 tp=0 tn=246 fp=9 fn=0 pred_pos=0.0353
    translation: n=137 acc=0.9927 err=1 tp=136 tn=0 fp=0 fn=1 pred_pos=0.9927
    rotation: n=125 acc=0.9920 err=1 tp=124 tn=0 fp=0 fn=1 pred_pos=0.9920
  [val/session]
    session_017: n=46 acc=0.9130 err=4 tp=18 tn=24 fp=3 fn=1 pred_pos=0.4565
    session_022: n=57 acc=0.9474 err=3 tp=32 tn=22 fp=3 fn=0 pred_pos=0.6140
    session_047: n=64 acc=0.9688 err=2 tp=33 tn=29 fp=2 fn=0 pred_pos=0.5469
    session_027: n=62 acc=0.9839 err=1 tp=33 tn=28 fp=1 fn=0 pred_pos=0.5484
    session_042: n=60 acc=0.9833 err=1 tp=32 tn=27 fp=0 fn=1 pred_pos=0.5333
    session_037: n=56 acc=1.0000 err=0 tp=31 tn=25 fp=0 fn=0 pred_pos=0.5536
    session_032: n=53 acc=1.0000 err=0 tp=33 tn=20 fp=0 fn=0 pred_pos=0.6226
    session_007: n=48 acc=1.0000 err=0 tp=20 tn=28 fp=0 fn=0 pred_pos=0.4167
    session_002: n=46 acc=1.0000 err=0 tp=19 tn=27 fp=0 fn=0 pred_pos=0.4130
    session_012: n=25 acc=1.0000 err=0 tp=9 tn=16 fp=0 fn=0 pred_pos=0.3600
  [val/material]
    plastic: n=165 acc=0.9758 err=4 tp=66 tn=95 fp=3 fn=1 pred_pos=0.4182
    A4 paper: n=119 acc=0.9664 err=4 tp=65 tn=50 fp=4 fn=0 pred_pos=0.5798
    USB cable: n=124 acc=0.9758 err=3 tp=65 tn=56 fp=2 fn=1 pred_pos=0.5403
    soft foam earplug: n=109 acc=1.0000 err=0 tp=64 tn=45 fp=0 fn=0 pred_pos=0.5872
[INFO] epoch 30/40 started
  [train] batch 1/60 loss=0.0002 avg=0.0002 speed=0.33 batch/s
  [train] batch 20/60 loss=0.0008 avg=0.0055 speed=1.15 batch/s
  [train] batch 40/60 loss=0.0009 avg=0.0118 speed=1.07 batch/s
  [train] batch 60/60 loss=0.0001 avg=0.0113 speed=1.06 batch/s
[BEST] epoch=30 smoothed_balanced_acc=0.9850 saved
[Epoch 030] loss=0.0113 window=8 train_acc=1.0000 train_balanced_acc=1.0000 val_acc=0.9923 balanced_acc=0.9922 smoothed_balanced_acc=0.9850 f1=0.9924 precision=0.9886 recall=0.9962 pred_pos=0.5106 mean_p=0.5167 mean_p_pos=0.9954 mean_p_neg=0.0248 tp=261 tn=252 fp=3 fn=1 lr=2.50e-04 time=127.2s
  [val/behavior]
    continuous variable-force pressing: n=139 acc=0.9784 err=3 tp=0 tn=136 fp=3 fn=0 pred_pos=0.0216
    rotational sliding: n=125 acc=0.9920 err=1 tp=124 tn=0 fp=0 fn=1 pred_pos=0.9920
    translational sliding: n=137 acc=1.0000 err=0 tp=137 tn=0 fp=0 fn=0 pred_pos=1.0000
    constant-force pressing: n=75 acc=1.0000 err=0 tp=0 tn=75 fp=0 fn=0 pred_pos=0.0000
    static no motion: n=25 acc=1.0000 err=0 tp=0 tn=25 fp=0 fn=0 pred_pos=0.0000
    diagonal constant-force pressing: n=16 acc=1.0000 err=0 tp=0 tn=16 fp=0 fn=0 pred_pos=0.0000
  [val/motion_type]
    non-slip: n=255 acc=0.9882 err=3 tp=0 tn=252 fp=3 fn=0 pred_pos=0.0118
    rotation: n=125 acc=0.9920 err=1 tp=124 tn=0 fp=0 fn=1 pred_pos=0.9920
    translation: n=137 acc=1.0000 err=0 tp=137 tn=0 fp=0 fn=0 pred_pos=1.0000
  [val/session]
    session_047: n=64 acc=0.9688 err=2 tp=33 tn=29 fp=2 fn=0 pred_pos=0.5469
    session_017: n=46 acc=0.9565 err=2 tp=18 tn=26 fp=1 fn=1 pred_pos=0.4130
    session_027: n=62 acc=1.0000 err=0 tp=33 tn=29 fp=0 fn=0 pred_pos=0.5323
    session_042: n=60 acc=1.0000 err=0 tp=33 tn=27 fp=0 fn=0 pred_pos=0.5500
    session_022: n=57 acc=1.0000 err=0 tp=32 tn=25 fp=0 fn=0 pred_pos=0.5614
    session_037: n=56 acc=1.0000 err=0 tp=31 tn=25 fp=0 fn=0 pred_pos=0.5536
    session_032: n=53 acc=1.0000 err=0 tp=33 tn=20 fp=0 fn=0 pred_pos=0.6226
    session_007: n=48 acc=1.0000 err=0 tp=20 tn=28 fp=0 fn=0 pred_pos=0.4167
    session_002: n=46 acc=1.0000 err=0 tp=19 tn=27 fp=0 fn=0 pred_pos=0.4130
    session_012: n=25 acc=1.0000 err=0 tp=9 tn=16 fp=0 fn=0 pred_pos=0.3600
  [val/material]
    plastic: n=165 acc=0.9879 err=2 tp=66 tn=97 fp=1 fn=1 pred_pos=0.4061
    USB cable: n=124 acc=0.9839 err=2 tp=66 tn=56 fp=2 fn=0 pred_pos=0.5484
    A4 paper: n=119 acc=1.0000 err=0 tp=65 tn=54 fp=0 fn=0 pred_pos=0.5462
    soft foam earplug: n=109 acc=1.0000 err=0 tp=64 tn=45 fp=0 fn=0 pred_pos=0.5872
[INFO] epoch 31/40 started
  [train] batch 1/60 loss=0.3370 avg=0.3370 speed=0.26 batch/s
  [train] batch 20/60 loss=0.0035 avg=0.0195 speed=1.06 batch/s
  [train] batch 40/60 loss=0.0013 avg=0.0117 speed=1.07 batch/s
  [train] batch 60/60 loss=0.0008 avg=0.0143 speed=1.07 batch/s
[BEST] epoch=31 smoothed_balanced_acc=0.9857 saved
[Epoch 031] loss=0.0143 window=8 train_acc=1.0000 train_balanced_acc=1.0000 val_acc=0.9865 balanced_acc=0.9863 smoothed_balanced_acc=0.9857 f1=0.9868 precision=0.9775 recall=0.9962 pred_pos=0.5164 mean_p=0.5202 mean_p_pos=0.9925 mean_p_neg=0.0349 tp=261 tn=249 fp=6 fn=1 lr=2.50e-04 time=124.9s
  [val/behavior]
    continuous variable-force pressing: n=139 acc=0.9640 err=5 tp=0 tn=134 fp=5 fn=0 pred_pos=0.0360
    rotational sliding: n=125 acc=0.9920 err=1 tp=124 tn=0 fp=0 fn=1 pred_pos=0.9920
    static no motion: n=25 acc=0.9600 err=1 tp=0 tn=24 fp=1 fn=0 pred_pos=0.0400
    translational sliding: n=137 acc=1.0000 err=0 tp=137 tn=0 fp=0 fn=0 pred_pos=1.0000
    constant-force pressing: n=75 acc=1.0000 err=0 tp=0 tn=75 fp=0 fn=0 pred_pos=0.0000
    diagonal constant-force pressing: n=16 acc=1.0000 err=0 tp=0 tn=16 fp=0 fn=0 pred_pos=0.0000
  [val/motion_type]
    non-slip: n=255 acc=0.9765 err=6 tp=0 tn=249 fp=6 fn=0 pred_pos=0.0235
    rotation: n=125 acc=0.9920 err=1 tp=124 tn=0 fp=0 fn=1 pred_pos=0.9920
    translation: n=137 acc=1.0000 err=0 tp=137 tn=0 fp=0 fn=0 pred_pos=1.0000
  [val/session]
    session_047: n=64 acc=0.9531 err=3 tp=33 tn=28 fp=3 fn=0 pred_pos=0.5625
    session_017: n=46 acc=0.9348 err=3 tp=18 tn=25 fp=2 fn=1 pred_pos=0.4348
    session_022: n=57 acc=0.9825 err=1 tp=32 tn=24 fp=1 fn=0 pred_pos=0.5789
    session_027: n=62 acc=1.0000 err=0 tp=33 tn=29 fp=0 fn=0 pred_pos=0.5323
    session_042: n=60 acc=1.0000 err=0 tp=33 tn=27 fp=0 fn=0 pred_pos=0.5500
    session_037: n=56 acc=1.0000 err=0 tp=31 tn=25 fp=0 fn=0 pred_pos=0.5536
    session_032: n=53 acc=1.0000 err=0 tp=33 tn=20 fp=0 fn=0 pred_pos=0.6226
    session_007: n=48 acc=1.0000 err=0 tp=20 tn=28 fp=0 fn=0 pred_pos=0.4167
    session_002: n=46 acc=1.0000 err=0 tp=19 tn=27 fp=0 fn=0 pred_pos=0.4130
    session_012: n=25 acc=1.0000 err=0 tp=9 tn=16 fp=0 fn=0 pred_pos=0.3600
  [val/material]
    plastic: n=165 acc=0.9818 err=3 tp=66 tn=96 fp=2 fn=1 pred_pos=0.4121
    USB cable: n=124 acc=0.9758 err=3 tp=66 tn=55 fp=3 fn=0 pred_pos=0.5565
    A4 paper: n=119 acc=0.9916 err=1 tp=65 tn=53 fp=1 fn=0 pred_pos=0.5546
    soft foam earplug: n=109 acc=1.0000 err=0 tp=64 tn=45 fp=0 fn=0 pred_pos=0.5872
[INFO] epoch 32/40 started
  [train] batch 1/60 loss=0.0004 avg=0.0004 speed=0.30 batch/s
  [train] batch 20/60 loss=0.0006 avg=0.0064 speed=1.07 batch/s
  [train] batch 40/60 loss=0.0016 avg=0.0050 speed=1.06 batch/s
  [train] batch 60/60 loss=0.0004 avg=0.0048 speed=1.07 batch/s
[BEST] epoch=32 smoothed_balanced_acc=0.9884 saved
[Epoch 032] loss=0.0048 window=8 train_acc=0.9995 train_balanced_acc=0.9995 val_acc=0.9865 balanced_acc=0.9866 smoothed_balanced_acc=0.9884 f1=0.9865 precision=0.9961 recall=0.9771 pred_pos=0.4971 mean_p=0.4966 mean_p_pos=0.9747 mean_p_neg=0.0053 tp=256 tn=254 fp=1 fn=6 lr=2.50e-04 time=125.5s
  [val/behavior]
    translational sliding: n=137 acc=0.9708 err=4 tp=133 tn=0 fp=0 fn=4 pred_pos=0.9708
    rotational sliding: n=125 acc=0.9840 err=2 tp=123 tn=0 fp=0 fn=2 pred_pos=0.9840
    continuous variable-force pressing: n=139 acc=0.9928 err=1 tp=0 tn=138 fp=1 fn=0 pred_pos=0.0072
    constant-force pressing: n=75 acc=1.0000 err=0 tp=0 tn=75 fp=0 fn=0 pred_pos=0.0000
    static no motion: n=25 acc=1.0000 err=0 tp=0 tn=25 fp=0 fn=0 pred_pos=0.0000
    diagonal constant-force pressing: n=16 acc=1.0000 err=0 tp=0 tn=16 fp=0 fn=0 pred_pos=0.0000
  [val/motion_type]
    translation: n=137 acc=0.9708 err=4 tp=133 tn=0 fp=0 fn=4 pred_pos=0.9708
    rotation: n=125 acc=0.9840 err=2 tp=123 tn=0 fp=0 fn=2 pred_pos=0.9840
    non-slip: n=255 acc=0.9961 err=1 tp=0 tn=254 fp=1 fn=0 pred_pos=0.0039
  [val/session]
    session_042: n=60 acc=0.9500 err=3 tp=30 tn=27 fp=0 fn=3 pred_pos=0.5000
    session_017: n=46 acc=0.9565 err=2 tp=17 tn=27 fp=0 fn=2 pred_pos=0.3696
    session_047: n=64 acc=0.9844 err=1 tp=33 tn=30 fp=1 fn=0 pred_pos=0.5312
    session_007: n=48 acc=0.9792 err=1 tp=19 tn=28 fp=0 fn=1 pred_pos=0.3958
    session_027: n=62 acc=1.0000 err=0 tp=33 tn=29 fp=0 fn=0 pred_pos=0.5323
    session_022: n=57 acc=1.0000 err=0 tp=32 tn=25 fp=0 fn=0 pred_pos=0.5614
    session_037: n=56 acc=1.0000 err=0 tp=31 tn=25 fp=0 fn=0 pred_pos=0.5536
    session_032: n=53 acc=1.0000 err=0 tp=33 tn=20 fp=0 fn=0 pred_pos=0.6226
    session_002: n=46 acc=1.0000 err=0 tp=19 tn=27 fp=0 fn=0 pred_pos=0.4130
    session_012: n=25 acc=1.0000 err=0 tp=9 tn=16 fp=0 fn=0 pred_pos=0.3600
  [val/material]
    USB cable: n=124 acc=0.9677 err=4 tp=63 tn=57 fp=1 fn=3 pred_pos=0.5161
    plastic: n=165 acc=0.9818 err=3 tp=64 tn=98 fp=0 fn=3 pred_pos=0.3879
    A4 paper: n=119 acc=1.0000 err=0 tp=65 tn=54 fp=0 fn=0 pred_pos=0.5462
    soft foam earplug: n=109 acc=1.0000 err=0 tp=64 tn=45 fp=0 fn=0 pred_pos=0.5872
[INFO] epoch 33/40 started
  [train] batch 1/60 loss=0.0006 avg=0.0006 speed=0.30 batch/s
  [train] batch 20/60 loss=0.0001 avg=0.0045 speed=1.09 batch/s
  [train] batch 40/60 loss=0.0131 avg=0.0043 speed=1.09 batch/s
  [train] batch 60/60 loss=0.0003 avg=0.0045 speed=1.09 batch/s
[Epoch 033] loss=0.0045 window=8 train_acc=0.9995 train_balanced_acc=0.9995 val_acc=0.9884 balanced_acc=0.9883 smoothed_balanced_acc=0.9871 f1=0.9886 precision=0.9812 recall=0.9962 pred_pos=0.5145 mean_p=0.5211 mean_p_pos=0.9961 mean_p_neg=0.0330 tp=261 tn=250 fp=5 fn=1 lr=2.50e-04 time=121.6s
  [val/behavior]
    continuous variable-force pressing: n=139 acc=0.9712 err=4 tp=0 tn=135 fp=4 fn=0 pred_pos=0.0288
    rotational sliding: n=125 acc=0.9920 err=1 tp=124 tn=0 fp=0 fn=1 pred_pos=0.9920
    static no motion: n=25 acc=0.9600 err=1 tp=0 tn=24 fp=1 fn=0 pred_pos=0.0400
    translational sliding: n=137 acc=1.0000 err=0 tp=137 tn=0 fp=0 fn=0 pred_pos=1.0000
    constant-force pressing: n=75 acc=1.0000 err=0 tp=0 tn=75 fp=0 fn=0 pred_pos=0.0000
    diagonal constant-force pressing: n=16 acc=1.0000 err=0 tp=0 tn=16 fp=0 fn=0 pred_pos=0.0000
  [val/motion_type]
    non-slip: n=255 acc=0.9804 err=5 tp=0 tn=250 fp=5 fn=0 pred_pos=0.0196
    rotation: n=125 acc=0.9920 err=1 tp=124 tn=0 fp=0 fn=1 pred_pos=0.9920
    translation: n=137 acc=1.0000 err=0 tp=137 tn=0 fp=0 fn=0 pred_pos=1.0000
  [val/session]
    session_047: n=64 acc=0.9531 err=3 tp=33 tn=28 fp=3 fn=0 pred_pos=0.5625
    session_027: n=62 acc=0.9839 err=1 tp=33 tn=28 fp=1 fn=0 pred_pos=0.5484
    session_022: n=57 acc=0.9825 err=1 tp=32 tn=24 fp=1 fn=0 pred_pos=0.5789
    session_017: n=46 acc=0.9783 err=1 tp=18 tn=27 fp=0 fn=1 pred_pos=0.3913
    session_042: n=60 acc=1.0000 err=0 tp=33 tn=27 fp=0 fn=0 pred_pos=0.5500
    session_037: n=56 acc=1.0000 err=0 tp=31 tn=25 fp=0 fn=0 pred_pos=0.5536
    session_032: n=53 acc=1.0000 err=0 tp=33 tn=20 fp=0 fn=0 pred_pos=0.6226
    session_007: n=48 acc=1.0000 err=0 tp=20 tn=28 fp=0 fn=0 pred_pos=0.4167
    session_002: n=46 acc=1.0000 err=0 tp=19 tn=27 fp=0 fn=0 pred_pos=0.4130
    session_012: n=25 acc=1.0000 err=0 tp=9 tn=16 fp=0 fn=0 pred_pos=0.3600
  [val/material]
    USB cable: n=124 acc=0.9758 err=3 tp=66 tn=55 fp=3 fn=0 pred_pos=0.5565
    A4 paper: n=119 acc=0.9832 err=2 tp=65 tn=52 fp=2 fn=0 pred_pos=0.5630
    plastic: n=165 acc=0.9939 err=1 tp=66 tn=98 fp=0 fn=1 pred_pos=0.4000
    soft foam earplug: n=109 acc=1.0000 err=0 tp=64 tn=45 fp=0 fn=0 pred_pos=0.5872
[INFO] epoch 34/40 started
  [train] batch 1/60 loss=0.0018 avg=0.0018 speed=0.30 batch/s
  [train] batch 20/60 loss=0.0000 avg=0.0078 speed=1.05 batch/s
  [train] batch 40/60 loss=0.1297 avg=0.0124 speed=1.06 batch/s
  [train] batch 60/60 loss=0.0001 avg=0.0113 speed=1.06 batch/s
[Epoch 034] loss=0.0113 window=8 train_acc=1.0000 train_balanced_acc=1.0000 val_acc=0.9826 balanced_acc=0.9826 smoothed_balanced_acc=0.9858 f1=0.9828 precision=0.9847 recall=0.9809 pred_pos=0.5048 mean_p=0.5012 mean_p_pos=0.9745 mean_p_neg=0.0150 tp=257 tn=251 fp=4 fn=5 lr=2.50e-04 time=124.1s
  [val/behavior]
    continuous variable-force pressing: n=139 acc=0.9712 err=4 tp=0 tn=135 fp=4 fn=0 pred_pos=0.0288
    rotational sliding: n=125 acc=0.9680 err=4 tp=121 tn=0 fp=0 fn=4 pred_pos=0.9680
    translational sliding: n=137 acc=0.9927 err=1 tp=136 tn=0 fp=0 fn=1 pred_pos=0.9927
    constant-force pressing: n=75 acc=1.0000 err=0 tp=0 tn=75 fp=0 fn=0 pred_pos=0.0000
    static no motion: n=25 acc=1.0000 err=0 tp=0 tn=25 fp=0 fn=0 pred_pos=0.0000
    diagonal constant-force pressing: n=16 acc=1.0000 err=0 tp=0 tn=16 fp=0 fn=0 pred_pos=0.0000
  [val/motion_type]
    non-slip: n=255 acc=0.9843 err=4 tp=0 tn=251 fp=4 fn=0 pred_pos=0.0157
    rotation: n=125 acc=0.9680 err=4 tp=121 tn=0 fp=0 fn=4 pred_pos=0.9680
    translation: n=137 acc=0.9927 err=1 tp=136 tn=0 fp=0 fn=1 pred_pos=0.9927
  [val/session]
    session_017: n=46 acc=0.9348 err=3 tp=18 tn=25 fp=2 fn=1 pred_pos=0.4348
    session_047: n=64 acc=0.9688 err=2 tp=33 tn=29 fp=2 fn=0 pred_pos=0.5469
    session_027: n=62 acc=0.9677 err=2 tp=31 tn=29 fp=0 fn=2 pred_pos=0.5000
    session_042: n=60 acc=0.9833 err=1 tp=32 tn=27 fp=0 fn=1 pred_pos=0.5333
    session_037: n=56 acc=0.9821 err=1 tp=30 tn=25 fp=0 fn=1 pred_pos=0.5357
    session_022: n=57 acc=1.0000 err=0 tp=32 tn=25 fp=0 fn=0 pred_pos=0.5614
    session_032: n=53 acc=1.0000 err=0 tp=33 tn=20 fp=0 fn=0 pred_pos=0.6226
    session_007: n=48 acc=1.0000 err=0 tp=20 tn=28 fp=0 fn=0 pred_pos=0.4167
    session_002: n=46 acc=1.0000 err=0 tp=19 tn=27 fp=0 fn=0 pred_pos=0.4130
    session_012: n=25 acc=1.0000 err=0 tp=9 tn=16 fp=0 fn=0 pred_pos=0.3600
  [val/material]
    plastic: n=165 acc=0.9818 err=3 tp=66 tn=96 fp=2 fn=1 pred_pos=0.4121
    USB cable: n=124 acc=0.9758 err=3 tp=65 tn=56 fp=2 fn=1 pred_pos=0.5403
    A4 paper: n=119 acc=0.9832 err=2 tp=63 tn=54 fp=0 fn=2 pred_pos=0.5294
    soft foam earplug: n=109 acc=0.9908 err=1 tp=63 tn=45 fp=0 fn=1 pred_pos=0.5780
[INFO] epoch 35/40 started
  [train] batch 1/60 loss=0.0001 avg=0.0001 speed=0.32 batch/s
  [train] batch 20/60 loss=0.0001 avg=0.0137 speed=1.07 batch/s
  [train] batch 40/60 loss=0.0018 avg=0.0123 speed=1.07 batch/s
  [train] batch 60/60 loss=0.0001 avg=0.0102 speed=1.07 batch/s
[Epoch 035] loss=0.0102 window=8 train_acc=1.0000 train_balanced_acc=1.0000 val_acc=0.9787 balanced_acc=0.9785 smoothed_balanced_acc=0.9831 f1=0.9794 precision=0.9631 recall=0.9962 pred_pos=0.5242 mean_p=0.5256 mean_p_pos=0.9960 mean_p_neg=0.0422 tp=261 tn=245 fp=10 fn=1 lr=2.50e-04 time=125.3s
  [val/behavior]
    continuous variable-force pressing: n=139 acc=0.9353 err=9 tp=0 tn=130 fp=9 fn=0 pred_pos=0.0647
    rotational sliding: n=125 acc=0.9920 err=1 tp=124 tn=0 fp=0 fn=1 pred_pos=0.9920
    static no motion: n=25 acc=0.9600 err=1 tp=0 tn=24 fp=1 fn=0 pred_pos=0.0400
    translational sliding: n=137 acc=1.0000 err=0 tp=137 tn=0 fp=0 fn=0 pred_pos=1.0000
    constant-force pressing: n=75 acc=1.0000 err=0 tp=0 tn=75 fp=0 fn=0 pred_pos=0.0000
    diagonal constant-force pressing: n=16 acc=1.0000 err=0 tp=0 tn=16 fp=0 fn=0 pred_pos=0.0000
  [val/motion_type]
    non-slip: n=255 acc=0.9608 err=10 tp=0 tn=245 fp=10 fn=0 pred_pos=0.0392
    rotation: n=125 acc=0.9920 err=1 tp=124 tn=0 fp=0 fn=1 pred_pos=0.9920
    translation: n=137 acc=1.0000 err=0 tp=137 tn=0 fp=0 fn=0 pred_pos=1.0000
  [val/session]
    session_047: n=64 acc=0.9219 err=5 tp=33 tn=26 fp=5 fn=0 pred_pos=0.5938
    session_017: n=46 acc=0.9130 err=4 tp=18 tn=24 fp=3 fn=1 pred_pos=0.4565
    session_027: n=62 acc=0.9839 err=1 tp=33 tn=28 fp=1 fn=0 pred_pos=0.5484
    session_022: n=57 acc=0.9825 err=1 tp=32 tn=24 fp=1 fn=0 pred_pos=0.5789
    session_042: n=60 acc=1.0000 err=0 tp=33 tn=27 fp=0 fn=0 pred_pos=0.5500
    session_037: n=56 acc=1.0000 err=0 tp=31 tn=25 fp=0 fn=0 pred_pos=0.5536
    session_032: n=53 acc=1.0000 err=0 tp=33 tn=20 fp=0 fn=0 pred_pos=0.6226
    session_007: n=48 acc=1.0000 err=0 tp=20 tn=28 fp=0 fn=0 pred_pos=0.4167
    session_002: n=46 acc=1.0000 err=0 tp=19 tn=27 fp=0 fn=0 pred_pos=0.4130
    session_012: n=25 acc=1.0000 err=0 tp=9 tn=16 fp=0 fn=0 pred_pos=0.3600
  [val/material]
    USB cable: n=124 acc=0.9597 err=5 tp=66 tn=53 fp=5 fn=0 pred_pos=0.5726
    plastic: n=165 acc=0.9758 err=4 tp=66 tn=95 fp=3 fn=1 pred_pos=0.4182
    A4 paper: n=119 acc=0.9832 err=2 tp=65 tn=52 fp=2 fn=0 pred_pos=0.5630
    soft foam earplug: n=109 acc=1.0000 err=0 tp=64 tn=45 fp=0 fn=0 pred_pos=0.5872
[INFO] epoch 36/40 started
  [train] batch 1/60 loss=0.0001 avg=0.0001 speed=0.31 batch/s
  [train] batch 20/60 loss=0.0004 avg=0.0021 speed=1.06 batch/s
  [train] batch 40/60 loss=0.2996 avg=0.0094 speed=1.06 batch/s
  [train] batch 60/60 loss=0.0002 avg=0.0088 speed=1.06 batch/s
[Epoch 036] loss=0.0088 window=8 train_acc=1.0000 train_balanced_acc=1.0000 val_acc=0.9923 balanced_acc=0.9923 smoothed_balanced_acc=0.9845 f1=0.9924 precision=0.9924 recall=0.9924 pred_pos=0.5068 mean_p=0.5094 mean_p_pos=0.9911 mean_p_neg=0.0145 tp=260 tn=253 fp=2 fn=2 lr=1.25e-04 time=127.0s
  [val/behavior]
    continuous variable-force pressing: n=139 acc=0.9856 err=2 tp=0 tn=137 fp=2 fn=0 pred_pos=0.0144
    rotational sliding: n=125 acc=0.9840 err=2 tp=123 tn=0 fp=0 fn=2 pred_pos=0.9840
    translational sliding: n=137 acc=1.0000 err=0 tp=137 tn=0 fp=0 fn=0 pred_pos=1.0000
    constant-force pressing: n=75 acc=1.0000 err=0 tp=0 tn=75 fp=0 fn=0 pred_pos=0.0000
    static no motion: n=25 acc=1.0000 err=0 tp=0 tn=25 fp=0 fn=0 pred_pos=0.0000
    diagonal constant-force pressing: n=16 acc=1.0000 err=0 tp=0 tn=16 fp=0 fn=0 pred_pos=0.0000
  [val/motion_type]
    non-slip: n=255 acc=0.9922 err=2 tp=0 tn=253 fp=2 fn=0 pred_pos=0.0078
    rotation: n=125 acc=0.9840 err=2 tp=123 tn=0 fp=0 fn=2 pred_pos=0.9840
    translation: n=137 acc=1.0000 err=0 tp=137 tn=0 fp=0 fn=0 pred_pos=1.0000
  [val/session]
    session_017: n=46 acc=0.9565 err=2 tp=18 tn=26 fp=1 fn=1 pred_pos=0.4130
    session_047: n=64 acc=0.9844 err=1 tp=33 tn=30 fp=1 fn=0 pred_pos=0.5312
    session_027: n=62 acc=0.9839 err=1 tp=32 tn=29 fp=0 fn=1 pred_pos=0.5161
    session_042: n=60 acc=1.0000 err=0 tp=33 tn=27 fp=0 fn=0 pred_pos=0.5500
    session_022: n=57 acc=1.0000 err=0 tp=32 tn=25 fp=0 fn=0 pred_pos=0.5614
    session_037: n=56 acc=1.0000 err=0 tp=31 tn=25 fp=0 fn=0 pred_pos=0.5536
    session_032: n=53 acc=1.0000 err=0 tp=33 tn=20 fp=0 fn=0 pred_pos=0.6226
    session_007: n=48 acc=1.0000 err=0 tp=20 tn=28 fp=0 fn=0 pred_pos=0.4167
    session_002: n=46 acc=1.0000 err=0 tp=19 tn=27 fp=0 fn=0 pred_pos=0.4130
    session_012: n=25 acc=1.0000 err=0 tp=9 tn=16 fp=0 fn=0 pred_pos=0.3600
  [val/material]
    plastic: n=165 acc=0.9879 err=2 tp=66 tn=97 fp=1 fn=1 pred_pos=0.4061
    USB cable: n=124 acc=0.9919 err=1 tp=66 tn=57 fp=1 fn=0 pred_pos=0.5403
    A4 paper: n=119 acc=0.9916 err=1 tp=64 tn=54 fp=0 fn=1 pred_pos=0.5378
    soft foam earplug: n=109 acc=1.0000 err=0 tp=64 tn=45 fp=0 fn=0 pred_pos=0.5872
[INFO] epoch 37/40 started
  [train] batch 1/60 loss=0.0036 avg=0.0036 speed=0.30 batch/s
  [train] batch 20/60 loss=0.0030 avg=0.0052 speed=1.03 batch/s
  [train] batch 40/60 loss=0.0000 avg=0.0057 speed=1.06 batch/s
  [train] batch 60/60 loss=0.0000 avg=0.0058 speed=1.08 batch/s
[Epoch 037] loss=0.0058 window=8 train_acc=1.0000 train_balanced_acc=1.0000 val_acc=0.9942 balanced_acc=0.9942 smoothed_balanced_acc=0.9883 f1=0.9943 precision=0.9924 recall=0.9962 pred_pos=0.5087 mean_p=0.5086 mean_p_pos=0.9921 mean_p_neg=0.0118 tp=261 tn=253 fp=2 fn=1 lr=1.25e-04 time=123.3s
  [val/behavior]
    continuous variable-force pressing: n=139 acc=0.9856 err=2 tp=0 tn=137 fp=2 fn=0 pred_pos=0.0144
    rotational sliding: n=125 acc=0.9920 err=1 tp=124 tn=0 fp=0 fn=1 pred_pos=0.9920
    translational sliding: n=137 acc=1.0000 err=0 tp=137 tn=0 fp=0 fn=0 pred_pos=1.0000
    constant-force pressing: n=75 acc=1.0000 err=0 tp=0 tn=75 fp=0 fn=0 pred_pos=0.0000
    static no motion: n=25 acc=1.0000 err=0 tp=0 tn=25 fp=0 fn=0 pred_pos=0.0000
    diagonal constant-force pressing: n=16 acc=1.0000 err=0 tp=0 tn=16 fp=0 fn=0 pred_pos=0.0000
  [val/motion_type]
    non-slip: n=255 acc=0.9922 err=2 tp=0 tn=253 fp=2 fn=0 pred_pos=0.0078
    rotation: n=125 acc=0.9920 err=1 tp=124 tn=0 fp=0 fn=1 pred_pos=0.9920
    translation: n=137 acc=1.0000 err=0 tp=137 tn=0 fp=0 fn=0 pred_pos=1.0000
  [val/session]
    session_017: n=46 acc=0.9565 err=2 tp=18 tn=26 fp=1 fn=1 pred_pos=0.4130
    session_047: n=64 acc=0.9844 err=1 tp=33 tn=30 fp=1 fn=0 pred_pos=0.5312
    session_027: n=62 acc=1.0000 err=0 tp=33 tn=29 fp=0 fn=0 pred_pos=0.5323
    session_042: n=60 acc=1.0000 err=0 tp=33 tn=27 fp=0 fn=0 pred_pos=0.5500
    session_022: n=57 acc=1.0000 err=0 tp=32 tn=25 fp=0 fn=0 pred_pos=0.5614
    session_037: n=56 acc=1.0000 err=0 tp=31 tn=25 fp=0 fn=0 pred_pos=0.5536
    session_032: n=53 acc=1.0000 err=0 tp=33 tn=20 fp=0 fn=0 pred_pos=0.6226
    session_007: n=48 acc=1.0000 err=0 tp=20 tn=28 fp=0 fn=0 pred_pos=0.4167
    session_002: n=46 acc=1.0000 err=0 tp=19 tn=27 fp=0 fn=0 pred_pos=0.4130
    session_012: n=25 acc=1.0000 err=0 tp=9 tn=16 fp=0 fn=0 pred_pos=0.3600
  [val/material]
    plastic: n=165 acc=0.9879 err=2 tp=66 tn=97 fp=1 fn=1 pred_pos=0.4061
    USB cable: n=124 acc=0.9919 err=1 tp=66 tn=57 fp=1 fn=0 pred_pos=0.5403
    A4 paper: n=119 acc=1.0000 err=0 tp=65 tn=54 fp=0 fn=0 pred_pos=0.5462
    soft foam earplug: n=109 acc=1.0000 err=0 tp=64 tn=45 fp=0 fn=0 pred_pos=0.5872
[INFO] epoch 38/40 started
  [train] batch 1/60 loss=0.0001 avg=0.0001 speed=0.32 batch/s
  [train] batch 20/60 loss=0.0002 avg=0.0049 speed=1.09 batch/s
  [train] batch 40/60 loss=0.0006 avg=0.0039 speed=1.08 batch/s
  [train] batch 60/60 loss=0.0001 avg=0.0028 speed=1.08 batch/s
[BEST] epoch=38 smoothed_balanced_acc=0.9916 saved
[Epoch 038] loss=0.0028 window=8 train_acc=1.0000 train_balanced_acc=1.0000 val_acc=0.9884 balanced_acc=0.9883 smoothed_balanced_acc=0.9916 f1=0.9886 precision=0.9848 recall=0.9924 pred_pos=0.5106 mean_p=0.5102 mean_p_pos=0.9892 mean_p_neg=0.0180 tp=260 tn=251 fp=4 fn=2 lr=1.25e-04 time=125.2s
  [val/behavior]
    continuous variable-force pressing: n=139 acc=0.9712 err=4 tp=0 tn=135 fp=4 fn=0 pred_pos=0.0288
    rotational sliding: n=125 acc=0.9840 err=2 tp=123 tn=0 fp=0 fn=2 pred_pos=0.9840
    translational sliding: n=137 acc=1.0000 err=0 tp=137 tn=0 fp=0 fn=0 pred_pos=1.0000
    constant-force pressing: n=75 acc=1.0000 err=0 tp=0 tn=75 fp=0 fn=0 pred_pos=0.0000
    static no motion: n=25 acc=1.0000 err=0 tp=0 tn=25 fp=0 fn=0 pred_pos=0.0000
    diagonal constant-force pressing: n=16 acc=1.0000 err=0 tp=0 tn=16 fp=0 fn=0 pred_pos=0.0000
  [val/motion_type]
    non-slip: n=255 acc=0.9843 err=4 tp=0 tn=251 fp=4 fn=0 pred_pos=0.0157
    rotation: n=125 acc=0.9840 err=2 tp=123 tn=0 fp=0 fn=2 pred_pos=0.9840
    translation: n=137 acc=1.0000 err=0 tp=137 tn=0 fp=0 fn=0 pred_pos=1.0000
  [val/session]
    session_017: n=46 acc=0.9130 err=4 tp=17 tn=25 fp=2 fn=2 pred_pos=0.4130
    session_047: n=64 acc=0.9688 err=2 tp=33 tn=29 fp=2 fn=0 pred_pos=0.5469
    session_027: n=62 acc=1.0000 err=0 tp=33 tn=29 fp=0 fn=0 pred_pos=0.5323
    session_042: n=60 acc=1.0000 err=0 tp=33 tn=27 fp=0 fn=0 pred_pos=0.5500
    session_022: n=57 acc=1.0000 err=0 tp=32 tn=25 fp=0 fn=0 pred_pos=0.5614
    session_037: n=56 acc=1.0000 err=0 tp=31 tn=25 fp=0 fn=0 pred_pos=0.5536
    session_032: n=53 acc=1.0000 err=0 tp=33 tn=20 fp=0 fn=0 pred_pos=0.6226
    session_007: n=48 acc=1.0000 err=0 tp=20 tn=28 fp=0 fn=0 pred_pos=0.4167
    session_002: n=46 acc=1.0000 err=0 tp=19 tn=27 fp=0 fn=0 pred_pos=0.4130
    session_012: n=25 acc=1.0000 err=0 tp=9 tn=16 fp=0 fn=0 pred_pos=0.3600
  [val/material]
    plastic: n=165 acc=0.9758 err=4 tp=65 tn=96 fp=2 fn=2 pred_pos=0.4061
    USB cable: n=124 acc=0.9839 err=2 tp=66 tn=56 fp=2 fn=0 pred_pos=0.5484
    A4 paper: n=119 acc=1.0000 err=0 tp=65 tn=54 fp=0 fn=0 pred_pos=0.5462
    soft foam earplug: n=109 acc=1.0000 err=0 tp=64 tn=45 fp=0 fn=0 pred_pos=0.5872
[INFO] epoch 39/40 started
  [train] batch 1/60 loss=0.0002 avg=0.0002 speed=0.30 batch/s
  [train] batch 20/60 loss=0.0010 avg=0.0003 speed=1.05 batch/s
  [train] batch 40/60 loss=0.0021 avg=0.0004 speed=1.05 batch/s
  [train] batch 60/60 loss=0.0003 avg=0.0013 speed=1.07 batch/s
[Epoch 039] loss=0.0013 window=8 train_acc=1.0000 train_balanced_acc=1.0000 val_acc=0.9903 balanced_acc=0.9902 smoothed_balanced_acc=0.9909 f1=0.9905 precision=0.9849 recall=0.9962 pred_pos=0.5126 mean_p=0.5141 mean_p_pos=0.9939 mean_p_neg=0.0212 tp=261 tn=251 fp=4 fn=1 lr=1.25e-04 time=126.3s
  [val/behavior]
    continuous variable-force pressing: n=139 acc=0.9712 err=4 tp=0 tn=135 fp=4 fn=0 pred_pos=0.0288
    rotational sliding: n=125 acc=0.9920 err=1 tp=124 tn=0 fp=0 fn=1 pred_pos=0.9920
    translational sliding: n=137 acc=1.0000 err=0 tp=137 tn=0 fp=0 fn=0 pred_pos=1.0000
    constant-force pressing: n=75 acc=1.0000 err=0 tp=0 tn=75 fp=0 fn=0 pred_pos=0.0000
    static no motion: n=25 acc=1.0000 err=0 tp=0 tn=25 fp=0 fn=0 pred_pos=0.0000
    diagonal constant-force pressing: n=16 acc=1.0000 err=0 tp=0 tn=16 fp=0 fn=0 pred_pos=0.0000
  [val/motion_type]
    non-slip: n=255 acc=0.9843 err=4 tp=0 tn=251 fp=4 fn=0 pred_pos=0.0157
    rotation: n=125 acc=0.9920 err=1 tp=124 tn=0 fp=0 fn=1 pred_pos=0.9920
    translation: n=137 acc=1.0000 err=0 tp=137 tn=0 fp=0 fn=0 pred_pos=1.0000
  [val/session]
    session_017: n=46 acc=0.9348 err=3 tp=18 tn=25 fp=2 fn=1 pred_pos=0.4348
    session_047: n=64 acc=0.9688 err=2 tp=33 tn=29 fp=2 fn=0 pred_pos=0.5469
    session_027: n=62 acc=1.0000 err=0 tp=33 tn=29 fp=0 fn=0 pred_pos=0.5323
    session_042: n=60 acc=1.0000 err=0 tp=33 tn=27 fp=0 fn=0 pred_pos=0.5500
    session_022: n=57 acc=1.0000 err=0 tp=32 tn=25 fp=0 fn=0 pred_pos=0.5614
    session_037: n=56 acc=1.0000 err=0 tp=31 tn=25 fp=0 fn=0 pred_pos=0.5536
    session_032: n=53 acc=1.0000 err=0 tp=33 tn=20 fp=0 fn=0 pred_pos=0.6226
    session_007: n=48 acc=1.0000 err=0 tp=20 tn=28 fp=0 fn=0 pred_pos=0.4167
    session_002: n=46 acc=1.0000 err=0 tp=19 tn=27 fp=0 fn=0 pred_pos=0.4130
    session_012: n=25 acc=1.0000 err=0 tp=9 tn=16 fp=0 fn=0 pred_pos=0.3600
  [val/material]
    plastic: n=165 acc=0.9818 err=3 tp=66 tn=96 fp=2 fn=1 pred_pos=0.4121
    USB cable: n=124 acc=0.9839 err=2 tp=66 tn=56 fp=2 fn=0 pred_pos=0.5484
    A4 paper: n=119 acc=1.0000 err=0 tp=65 tn=54 fp=0 fn=0 pred_pos=0.5462
    soft foam earplug: n=109 acc=1.0000 err=0 tp=64 tn=45 fp=0 fn=0 pred_pos=0.5872
[INFO] epoch 40/40 started
  [train] batch 1/60 loss=0.0003 avg=0.0003 speed=0.31 batch/s
  [train] batch 20/60 loss=0.0001 avg=0.0009 speed=1.03 batch/s
  [train] batch 40/60 loss=0.0009 avg=0.0011 speed=1.05 batch/s
  [train] batch 60/60 loss=0.0004 avg=0.0008 speed=1.05 batch/s
[Epoch 040] loss=0.0008 window=8 train_acc=1.0000 train_balanced_acc=1.0000 val_acc=0.9826 balanced_acc=0.9824 smoothed_balanced_acc=0.9870 f1=0.9831 precision=0.9703 recall=0.9962 pred_pos=0.5203 mean_p=0.5194 mean_p_pos=0.9940 mean_p_neg=0.0318 tp=261 tn=247 fp=8 fn=1 lr=1.25e-04 time=126.0s
  [val/behavior]
    continuous variable-force pressing: n=139 acc=0.9424 err=8 tp=0 tn=131 fp=8 fn=0 pred_pos=0.0576
    rotational sliding: n=125 acc=0.9920 err=1 tp=124 tn=0 fp=0 fn=1 pred_pos=0.9920
    translational sliding: n=137 acc=1.0000 err=0 tp=137 tn=0 fp=0 fn=0 pred_pos=1.0000
    constant-force pressing: n=75 acc=1.0000 err=0 tp=0 tn=75 fp=0 fn=0 pred_pos=0.0000
    static no motion: n=25 acc=1.0000 err=0 tp=0 tn=25 fp=0 fn=0 pred_pos=0.0000
    diagonal constant-force pressing: n=16 acc=1.0000 err=0 tp=0 tn=16 fp=0 fn=0 pred_pos=0.0000
  [val/motion_type]
    non-slip: n=255 acc=0.9686 err=8 tp=0 tn=247 fp=8 fn=0 pred_pos=0.0314
    rotation: n=125 acc=0.9920 err=1 tp=124 tn=0 fp=0 fn=1 pred_pos=0.9920
    translation: n=137 acc=1.0000 err=0 tp=137 tn=0 fp=0 fn=0 pred_pos=1.0000
  [val/session]
    session_047: n=64 acc=0.9219 err=5 tp=33 tn=26 fp=5 fn=0 pred_pos=0.5938
    session_017: n=46 acc=0.9130 err=4 tp=18 tn=24 fp=3 fn=1 pred_pos=0.4565
    session_027: n=62 acc=1.0000 err=0 tp=33 tn=29 fp=0 fn=0 pred_pos=0.5323
    session_042: n=60 acc=1.0000 err=0 tp=33 tn=27 fp=0 fn=0 pred_pos=0.5500
    session_022: n=57 acc=1.0000 err=0 tp=32 tn=25 fp=0 fn=0 pred_pos=0.5614
    session_037: n=56 acc=1.0000 err=0 tp=31 tn=25 fp=0 fn=0 pred_pos=0.5536
    session_032: n=53 acc=1.0000 err=0 tp=33 tn=20 fp=0 fn=0 pred_pos=0.6226
    session_007: n=48 acc=1.0000 err=0 tp=20 tn=28 fp=0 fn=0 pred_pos=0.4167
    session_002: n=46 acc=1.0000 err=0 tp=19 tn=27 fp=0 fn=0 pred_pos=0.4130
    session_012: n=25 acc=1.0000 err=0 tp=9 tn=16 fp=0 fn=0 pred_pos=0.3600
  [val/material]
    USB cable: n=124 acc=0.9597 err=5 tp=66 tn=53 fp=5 fn=0 pred_pos=0.5726
    plastic: n=165 acc=0.9758 err=4 tp=66 tn=95 fp=3 fn=1 pred_pos=0.4182
    A4 paper: n=119 acc=1.0000 err=0 tp=65 tn=54 fp=0 fn=0 pred_pos=0.5462
    soft foam earplug: n=109 acc=1.0000 err=0 tp=64 tn=45 fp=0 fn=0 pred_pos=0.5872
